epoch,lr,loss,seg_loss,cls_loss,iou,val_loss,val_seg_loss,val_cls_loss,val_iou,val_dice,val_recall_bad,val_precision_bad,val_accuracy
0,0.001,1.4967723531382424,1.0916723098073686,0.8102000845330102,0.004934392823365185,1.3294098564222747,1.0149308279448865,0.6289580627983692,0.31372549029139357,0.31372549038670877,0.5294117646539793,0.7499999998958334,0.6764705882021338
1,0.001,1.280176660844258,0.9951655800853457,0.5700221455522946,1.3093695232903204e-10,1.2865393442266129,0.9997481388204238,0.5735824458739337,0.31372549029139357,0.31372549038670877,0.656862745033641,0.7052631578204986,0.691176470554354
2,0.001,1.2472058619771684,0.9791593147175652,0.5360930945192065,1.3073532348005977e-10,1.230123812077092,0.9790268598818311,0.5021939306866889,0.31372549029139357,0.31372549038670877,0.7156862744396386,0.729999999927,0.7254901960428681
3,0.001,1.1826380065509252,0.9608594604900905,0.4435571027653558,5.109716771308583e-05,1.4142758332046808,0.9617674233866673,0.9050167869119083,0.3137509369477197,0.3137763802231525,0.09803921567666282,0.9999999989999999,0.5490196078162245
4,0.001,1.0803368943078178,0.8663008894239154,0.4280719831585884,0.22042350826648385,0.9915699257570154,0.7849075677348119,0.41332470085106643,0.28666140909126664,0.4038298735478206,0.8235294116839678,0.7567567566885806,0.7794117646676758
5,0.001,0.9472788912909371,0.7563989205019814,0.38175995115722927,0.40783763006922513,1.2059786985902226,0.7832381888931873,0.8454810204166993,0.2621349311574166,0.3747283678282841,0.9999999999019609,0.6144578312882857,0.6862745097702806
6,0.001,0.91713547706604,0.7347748726606369,0.36472120029585703,0.43499672724729926,0.9265411823403602,0.7393061168053571,0.37447016759246005,0.3218225841393799,0.4379427226438066,0.6470588234659747,0.9166666665393519,0.7941176470198962
7,0.001,0.8788562353168216,0.7191031170742852,0.3195062332919666,0.4635771851230271,0.8554093568932777,0.7171816089574028,0.27645547162084017,0.35837378291540445,0.4698340376445539,0.9803921567666283,0.8474576270468257,0.9019607842695117
8,0.001,0.8662743185247693,0.7142827276672635,0.30398318118282724,0.48326590464477837,0.9101072818625207,0.7513161570418114,0.31758227564540564,0.32329673468476616,0.4385470811898127,0.8137254901163015,0.9325842695581367,0.8774509803491445
9,0.001,0.8505663062844958,0.7154984112296786,0.27013578212686945,0.48271259178990317,0.9945661846329185,0.7955335916257372,0.3980651670957313,0.2615181613950581,0.3764580992769808,0.9999999999019609,0.7669172931754197,0.848039215644704
10,0.001,0.8150989264249802,0.7037065263305392,0.2227848076394626,0.4952974960903109,0.7868911588893217,0.693285114624921,0.18721211482496822,0.3826196419913574,0.4898586486123825,0.9509803920636294,0.9417475727241023,0.9460784313261726
11,0.001,0.814812890120915,0.699069218976157,0.231487331113645,0.5059624555313676,0.8563764890034994,0.7148884043974035,0.2829762101173401,0.34537141798948856,0.45866259411734567,0.7156862744396386,0.9864864863531776,0.8529411764287773
12,0.001,0.8057764108691897,0.6978412164109093,0.2158703955688647,0.5069702677559195,0.9102422010664847,0.7440340559856564,0.332416292864318,0.306260919858794,0.4211264594725106,0.9999999999019609,0.7611940297939407,0.8431372548606305
13,0.001,0.7870310566255024,0.6931052825280598,0.18785154101039683,0.5146990492847756,0.8064454057637382,0.7297086382613462,0.15347347598449856,0.32140944523589815,0.4356257990552183,0.9117647057929643,0.9687499998990886,0.9411764705420992
14,0.001,0.7687163885150637,0.6855869782822472,0.16625881727252687,0.5358123376152651,0.756461443269954,0.6821797980981714,0.14856331963457314,0.3887143027155562,0.4951823737092997,0.9313725489282969,0.9223300969978321,0.9264705881898788
15,0.001,0.761026891214507,0.6848397318805967,0.15237431773649796,0.5346173534422604,1.0407070424042495,0.8126252299430323,0.45616363310346414,0.207997597027951,0.31607523582368313,0.9999999999019609,0.7338129495874954,0.8186274509402633
16,0.001,0.7481079484735217,0.6799616132463727,0.1362926663298692,0.5398645646040248,0.9236318492421917,0.7691369676122478,0.308989766300382,0.27621057944335636,0.39142099521781387,0.9999999999019609,0.7727272726687328,0.8529411764287773
17,0.001,0.7373388984373638,0.677291214466095,0.12009537060345922,0.5486854655094926,0.7273110840834823,0.6751278498593498,0.10436644156773885,0.4022558940584675,0.5060370115113635,0.9803921567666283,0.9433962263260948,0.9607843136783929
18,0.001,0.7575928909437997,0.6785412366901126,0.1581033066447292,0.5526049502223195,0.7685868973825493,0.6779626748141121,0.18124849568395054,0.3964607160714319,0.5015494647929243,0.9509803920636294,0.9417475727241023,0.9460784313261726
19,0.001,0.75211814897401,0.6845079192093441,0.13522045726754836,0.5416798765414399,0.7255334000961453,0.6721588232937981,0.10674914600802403,0.3979610556741019,0.5026896024210536,0.9313725489282969,0.979381443198002,0.9558823528943194
20,0.001,0.7326439448765346,0.6765945468630109,0.11209880267935139,0.551008148249483,0.7518520390286165,0.6847182050639508,0.13426763988008686,0.37964764948739976,0.48801657180175334,0.9313725489282969,0.9499999999050001,0.9411764705420992
21,0.001,0.736595441188131,0.6761508882045746,0.12088910197573048,0.5439440262411954,0.7343828421013028,0.6718628821419734,0.1250399424164903,0.39836765197710877,0.5029033193316544,0.9999999999019609,0.910714285632972,0.950980392110246
22,0.001,0.7220203025000436,0.67435465327331,0.09533130224528057,0.5641268628406441,0.7189925365588244,0.6631109889815835,0.11176309942760888,0.4143694149878435,0.5150813979220301,0.9999999999019609,0.9189189188361335,0.9558823528943194
23,0.001,0.7144535843815122,0.6672687956265041,0.09436956473759242,0.5688263697472683,0.774710069100062,0.6838755157648349,0.18166912328817097,0.38206644149037267,0.4878656762024843,0.9901960783342946,0.9181818180983472,0.950980392110246
24,0.001,0.7152341029473713,0.665278720004218,0.09991076322538513,0.571339966298303,1.1252758175719018,0.7321448279362098,0.7862620435828599,0.32483388495732546,0.4383261574055836,0.9901960783342946,0.6778523489477951,0.7598039215313821
25,0.001,0.7085176940475192,0.6676153817347118,0.08180462602259857,0.5617719016026149,0.6971044382628273,0.6665894809891196,0.061029949901150723,0.4128375110109237,0.5141203167265581,0.9803921567666283,0.9900990098029605,0.9852941175987601
26,0.001,0.7081401731286731,0.6667279409510749,0.08282446947747044,0.5675765814928468,0.7034453282169267,0.6651487993259056,0.07659304908969823,0.40952327618993933,0.5115861344234875,0.9999999999019609,0.9444444443569959,0.9705882352465398
27,0.001,0.7053639250142234,0.6637761167117527,0.08317560955349888,0.571929879443645,0.7229398395500931,0.6659269958150154,0.1140257266222262,0.40372690639335523,0.507429133714025,0.9117647057929643,0.9999999998924732,0.9558823528943194
28,0.001,0.6990157919270652,0.6647799376930509,0.0684716974917267,0.5756608236614082,0.7567767115200267,0.671679869001987,0.17019364268829426,0.3961779853559378,0.5011740756228189,0.9999999999019609,0.8869565216620038,0.9362745097580257
29,0.001,0.7077486280884061,0.6611544958182743,0.09318827139213681,0.5804942239600435,0.6961593405873168,0.6582066831635494,0.07590528913572722,0.415669129106033,0.5166295955112711,0.9509803920636294,0.9897959182663474,0.9705882352465398
30,0.001,0.7068118282726833,0.6622082718781063,0.08920711791142821,0.5816040063885378,0.6932544532944175,0.660878169185975,0.06475257230739967,0.415471304148118,0.5164882869653172,0.9607843136312957,0.9999999998979593,0.9803921568146866
31,0.001,0.6964531987905502,0.6557413807937077,0.08142362967399615,0.5904745961268485,0.6944616810948241,0.6574939086156733,0.07393553034932006,0.4173692878047261,0.5177628792341495,0.9411764704959632,0.9999999998958334,0.9705882352465398
32,0.001,0.6923125918422427,0.6565943764788764,0.07143642557119685,0.5885148064613576,1.0713371833165486,0.8634344502991321,0.4158054111050625,0.19347291020427038,0.29963190225790565,0.9901960783342946,0.8079999999353601,0.8774509803491445
33,0.001,0.6987632789782116,0.6607574692794255,0.0760116083547473,0.5760787681399957,0.7039822088737114,0.6667981048425039,0.07436821507472618,0.40260853718762507,0.506827420238975,0.9607843136312957,0.9898989897990002,0.9754901960306132
34,0.001,0.6832650176116398,0.6578083762100765,0.05091327119485608,0.5879578729759964,0.6969190345090979,0.6577448435858184,0.07834839703989964,0.422370237645368,0.5216981991708188,0.9411764704959632,0.9999999998958334,0.9705882352465398
35,0.001,0.6952510859285083,0.6608854191643851,0.06873133911618165,0.5892313908523196,0.7858388283673454,0.6749232645128288,0.2218311516677632,0.387561294211702,0.49458331256128074,0.8529411763869666,0.9999999998850575,0.9264705881898788
36,0.001,0.6785565061228616,0.6530847272702626,0.0509435503876635,0.594282924882673,0.6694063368965598,0.6520227082804138,0.034767237984958815,0.4260279409339698,0.5245416406729286,0.9901960783342946,0.9901960783342946,0.9901960783828335
37,0.001,0.676824301481247,0.6553629551615033,0.042922700372790654,0.5975297150571632,0.6739817045482934,0.6603952056052638,0.027172951575587776,0.4122291967853283,0.5141404616199348,0.9803921567666283,0.9999999999000001,0.9901960783828335
38,0.001,0.6854631177016667,0.6562241400991168,0.05847794835322669,0.5857510475227894,0.702118392084159,0.6589108185440886,0.08641511815435746,0.4170224739728143,0.517871418076633,0.9313725489282969,0.9895833332302518,0.9607843136783929
39,0.001,0.6886615071977887,0.6557280272245407,0.06586695528988327,0.5951812098599198,0.7129427188751745,0.6776072856257943,0.07067087365716111,0.405897196100085,0.5091267118557827,0.970588235198962,0.9611650484503724,0.9656862744624664
40,0.001,0.6851565071514675,0.6574738579136985,0.055365301336028745,0.590282521970049,0.7600557003535476,0.7161762457267911,0.08775892517730302,0.34316768406559356,0.45590792216446047,0.9901960783342946,0.9439252335566426,0.9656862744624664
41,0.001,0.6813416204282216,0.6506962158850261,0.06129081078272845,0.5976217690457167,0.6859035848402509,0.6616083734175738,0.04859044402837753,0.40829192578418444,0.5111929395032715,0.970588235198962,0.9801980197049309,0.9754901960306132
42,0.001,0.6822404648576464,0.653932912009103,0.05661510704417846,0.5996993485137008,0.7283120774755291,0.6544520913385877,0.14771997578003826,0.4186775083481663,0.518897065655701,0.9117647057929643,0.9999999998924732,0.9558823528943194
43,0.001,0.6762662189347404,0.6492384991475514,0.054055439591008635,0.5997159942898556,0.7278949682619057,0.6964065566951153,0.0629768298902348,0.3796487162164737,0.4877513641570017,0.9999999999019609,0.9357798164279102,0.9656862744624664
44,0.001,0.6835331980671201,0.6544272814478193,0.05821182339319161,0.5942394546262292,0.676822422766218,0.6568245665699828,0.03999572320311677,0.42158391391003014,0.5209670848715208,0.9901960783342946,0.9901960783342946,0.9901960783828335
45,0.001,0.6622874034302575,0.6476462419543948,0.029282319492527416,0.6012126508205815,0.6715003181906307,0.6507575897609487,0.04148549221309961,0.427038972677664,0.5255815502313281,0.970588235198962,0.9899999999010001,0.9803921568146866
46,0.001,0.6619411813361304,0.6467503373111997,0.03038168602090861,0.6154112579546107,0.6700933902871375,0.650432711722804,0.0393214076757431,0.42496506816216234,0.5239652329635762,0.9803921567666283,0.9999999999000001,0.9901960783828335
47,0.001,0.6670893026249749,0.6483799793890545,0.03741864986451609,0.6081679465960314,0.7398443444102418,0.6884863341555876,0.10271600268635095,0.3736214187787774,0.48309568294860067,0.9509803920636294,0.9999999998969072,0.9754901960306132
48,0.001,0.6662088632583618,0.6480533970253808,0.036310925015381405,0.6036537378971074,0.6942679437936521,0.6473791780425053,0.09377751002709071,0.4330165069880596,0.5297388353124735,0.9411764704959632,0.9999999998958334,0.9705882352465398
49,0.001,0.6683976926973888,0.6490931957960129,0.03860899470081287,0.6059559323299325,0.7160601534095465,0.666695938390844,0.09872846703465078,0.4102679908068119,0.5124197076344164,0.9803921567666283,0.9523809522902494,0.9656862744624664
50,0.001,0.6673571041652134,0.6427024241004672,0.04930936185909169,0.6164995509630387,0.6803881946732017,0.6507969983652526,0.059182400650837845,0.4283937522290202,0.526187109061359,0.9509803920636294,0.9999999998969072,0.9754901960306132
51,0.001,0.6818278772490365,0.6510187706777028,0.06161821091414562,0.6019112441739475,0.708913153293086,0.6579539618071388,0.10191842416922252,0.4181056916425561,0.5182667304108536,0.901960784225298,0.9999999998913044,0.950980392110246
52,0.001,0.6855726816824504,0.651503358568464,0.06813864037394524,0.59005775571451,0.7010393399818271,0.6707893884649464,0.060499914282677224,0.3905727209123208,0.4964819206722963,0.9803921567666283,0.9803921567666283,0.9803921568146866
53,0.001,0.6714807046311242,0.6502636734928403,0.04243405502555626,0.6019269989492734,0.6787574612626842,0.6554868203752181,0.046541252118699694,0.42060194872578976,0.5203707366372471,0.9803921567666283,0.9999999999000001,0.9901960783828335
54,0.001,0.6591057138783591,0.6457373563732419,0.0267367183530171,0.6139261855093219,0.6785389611534044,0.6493378299124101,0.058402288485975826,0.4191634389009931,0.5194691145391798,0.970588235198962,0.9899999999010001,0.9803921568146866
55,0.001,0.6598890402487346,0.6435959445578712,0.03258619030072753,0.6122361524677512,0.6801065498707342,0.6512057436447517,0.05780165364929274,0.4251151725186903,0.5236792072000807,0.9607843136312957,0.9898989897990002,0.9754901960306132
56,0.001,0.668775777731623,0.6462519679750715,0.04504761380875217,0.6118953313473383,0.7398851887852538,0.675618504192315,0.12853336042048885,0.3881499327630376,0.49500059596002904,0.9215686273606306,0.9999999998936171,0.9607843136783929
57,0.001,0.6614636906555721,0.6457078414303916,0.03151169510757817,0.6130356117983295,0.6767192985497269,0.6517728765805563,0.04989285073151775,0.4238165278653655,0.5228257818541296,0.9803921567666283,0.9999999999000001,0.9901960783828335
58,0.001,0.6671063431671688,0.6474960957254682,0.03922050612579499,0.6144547428595342,0.7084138019412172,0.6514693013593262,0.11388900744564392,0.42609512915218495,0.5249374845628347,0.9117647057929643,0.9999999998924732,0.9558823528943194
59,0.001,0.652315405862672,0.6398911752871105,0.02484845562139526,0.625479411469518,0.6771173956347447,0.6496014104169958,0.05503194194798376,0.4296774158337404,0.5271872217513868,0.9607843136312957,0.9999999998979593,0.9803921568146866
60,0.001,0.6619584730693272,0.6425858863762447,0.03874516696669161,0.6225554189622174,0.6920833640238818,0.6529411258650761,0.07828451868365793,0.42624685262770967,0.5247039663748703,0.9509803920636294,0.9999999998969072,0.9754901960306132
61,0.001,0.6666886742625918,0.6453934035130909,0.04259054104997111,0.6187197518743224,0.6752766586986243,0.6576334904221928,0.03528635320710201,0.41734438784082567,0.5180960424018053,0.9901960783342946,0.9999999999009902,0.9950980391669069
62,0.001,0.6663889863661357,0.6468479867492404,0.03908200355778847,0.6107880866866688,0.6632372766148811,0.6495759370280247,0.02732270024716854,0.4280374894475103,0.5261823062887648,0.9999999999019609,0.980769230674926,0.9901960783828335
63,0.001,0.6593227918658938,0.6439959832600185,0.030653618459057595,0.6195591272591248,0.6871781086220461,0.6480553354702744,0.07824555598199368,0.4261373775026097,0.5245620242965023,0.9999999999019609,0.9532710279482924,0.9754901960306132
64,0.001,0.6592796615191868,0.6445098753486361,0.029539568865272616,0.6151707734255935,0.6927306500135684,0.6509102454372481,0.08364078081121631,0.42500376315950694,0.5239511589474044,0.9509803920636294,0.9999999998969072,0.9754901960306132
65,0.001,0.6499671574149813,0.6388295186417443,0.022275275833505605,0.6269616749980891,0.7081585210912368,0.6562697647833357,0.10377753248401717,0.4174967726839078,0.5180887963452213,0.9509803920636294,0.9897959182663474,0.9705882352465398
66,0.001,0.6491364985704422,0.637501101408686,0.023270792546099983,0.6245299237234795,0.6663899328194413,0.6471000775402668,0.03857967746900577,0.43085783985481757,0.5283659901091438,0.9803921567666283,0.9999999999000001,0.9901960783828335
67,0.001,0.6525236793926784,0.6412573350327355,0.022532697126735002,0.6276016657503375,0.6679335622226491,0.6486291412044974,0.03860880434513092,0.4296506457954902,0.5273902170158987,0.970588235198962,0.9999999998989899,0.9852941175987601
68,0.001,0.644711856331144,0.6383819771664483,0.012659757165238261,0.6234880789189823,0.6646286962079067,0.6447158677905214,0.039825633387355244,0.43109952515984745,0.5280847810343661,0.9803921567666283,0.9999999999000001,0.9901960783828335
69,0.001,0.660497173666954,0.6414159068039486,0.03816252640847649,0.6243178508405401,1.0061055252365037,0.7028481522027183,0.6065147616443973,0.3247283859125505,0.4388192067427683,0.9999999999019609,0.7968749999377441,0.8725490195650711
70,0.001,0.653100494827543,0.6409885031836373,0.02422397892223671,0.6197966996798814,0.6770332736127517,0.6438418439790314,0.06638280638292723,0.4345162482456031,0.5310706386167868,0.9313725489282969,0.9999999998947369,0.9656862744624664
71,0.001,0.6514413080045155,0.6423134292875018,0.01825576838538317,0.6243671147308753,0.8117519149593279,0.6782231646425584,0.26705751107896075,0.39699590430009263,0.501983234625801,0.8627450979546328,0.9999999998863637,0.9313725489739523
72,0.001,0.6584401641573224,0.642322243324348,0.03223584569059312,0.6165282552158732,0.6902840400443357,0.6710046962195751,0.03855868034503039,0.4101486684689521,0.5120541197256161,0.9901960783342946,0.9901960783342946,0.9901960783828335
73,0.001,0.6495856323412487,0.6370826384850911,0.025005972669792494,0.6335768428580432,0.6681080478079179,0.6467015094616834,0.04281309356584268,0.4365782049344484,0.532549542560161,0.9803921567666283,0.9900990098029605,0.9852941175987601
74,0.001,0.6515003123453685,0.6373021389756884,0.028396337126780833,0.6293571431666748,0.6994703786045897,0.6658020662326439,0.0673366495426379,0.4116938828981499,0.5132319328040179,0.9803921567666283,0.9708737863135074,0.9754901960306132
75,0.001,0.6460962827716555,0.6384319407599313,0.015328681113065354,0.6323047594684171,0.6859018276719486,0.6500034133593241,0.07179681401626736,0.4262562258721125,0.5248600621384008,0.9803921567666283,0.9999999999000001,0.9901960783828335
76,0.001,0.6492181931223188,0.6386665318693433,0.021103320393844376,0.6324274424100091,0.6744348956089393,0.6610005638178658,0.026868708285630916,0.4221364850827857,0.5216627546111756,0.9999999999019609,0.980769230674926,0.9901960783828335
77,0.001,0.670822662966592,0.6480880613837924,0.04546919573996482,0.5977477667874963,0.7307339252210131,0.6674186651613198,0.126630520557656,0.40620466688053203,0.5089791793943154,0.8823529410899654,0.999999999888889,0.9411764705420992
78,0.001,0.6553014133657727,0.6404724802289691,0.029657856527982012,0.6264028390762633,0.6595218730907814,0.646207472857307,0.0266287937833398,0.4284121080852903,0.5265569675915911,0.9901960783342946,0.9999999999009902,0.9950980391669069
79,0.001,0.6494547809873309,0.6382172192846026,0.022475115164914832,0.634201987843156,0.6721599090333078,0.6481657390500984,0.047988368088708204,0.4319762001571063,0.5291207784163114,0.9803921567666283,0.9999999999000001,0.9901960783828335
80,0.001,0.6474024206399918,0.6387010429586683,0.017402754531108906,0.6278878725874815,0.669376507693646,0.6466543189450806,0.045444394516594266,0.4321049817293651,0.5294250259892037,0.9803921567666283,0.9999999999000001,0.9901960783828335
81,0.001,0.6622538502727237,0.6392343555177961,0.04603898822928646,0.6263499232680404,0.6720905859096378,0.6539614364212635,0.036258320086726956,0.4055582734130805,0.507334325391436,0.9901960783342946,0.9711538460604661,0.9803921568146866
82,0.001,0.6686433745282037,0.6412863603660038,0.05471403101026746,0.6225948963866494,0.6824852193103117,0.6626022721038145,0.0397658879850425,0.411462171419187,0.5134828269353168,0.9901960783342946,0.9901960783342946,0.9901960783828335
83,0.001,0.6504841148853302,0.6397817773478371,0.021404679091314653,0.625032688073339,0.7161001492949093,0.6465332613271826,0.13913380646822499,0.42974091218199595,0.5275471969912175,0.9117647057929643,0.9999999998924732,0.9558823528943194
84,0.001,0.6470696734530585,0.6382661845002856,0.017606986245872185,0.6343795262978336,0.6559007617772794,0.6424247061505037,0.026952084163021223,0.4322439564114046,0.5289763195820004,0.9901960783342946,0.9901960783342946,0.9901960783828335
85,0.001,0.6402681746653148,0.6346517609698432,0.011232837631333885,0.6368680705542645,0.6536385738382152,0.6394300887397691,0.02841696440808329,0.43962597427711964,0.5349923428336464,0.9901960783342946,0.9805825241766425,0.9852941175987601
86,0.001,0.640468669789178,0.6342359589678901,0.012465432336154793,0.6382899432061647,0.6529787521736294,0.6468530899169398,0.01225129781546546,0.42266514907117186,0.5224064699095763,0.9999999999019609,0.9999999999019609,0.9999999999509803
87,0.001,0.6478802242449352,0.6352865355355399,0.02518738537245164,0.637047542020069,0.6618529026414833,0.644863250208836,0.03397931615073307,0.42706883452870464,0.5254480893585559,0.9999999999019609,0.980769230674926,0.9901960783828335
88,0.001,0.647703189935003,0.6372622357947486,0.020881903021030927,0.629045129029935,0.6901924715322607,0.6598585084372875,0.060667901939036796,0.41475868801157534,0.516006792033681,0.9607843136312957,0.9999999998979593,0.9803921568146866
89,0.001,0.6419682949781418,0.635411411523819,0.013113770459312946,0.6382540626551494,0.65764127350321,0.6420774407246533,0.031127684987058826,0.4384849087196809,0.5340408818560703,0.970588235198962,0.9999999998989899,0.9852941175987601
90,0.001,0.6430902630090714,0.6343405140297753,0.017499495218674253,0.6304425003891605,0.7326471934131548,0.654621026095222,0.15605232791687526,0.4276166330690547,0.5260637067133075,0.9901960783342946,0.935185185098594,0.9607843136783929
91,0.001,0.6479268137897763,0.639935810651098,0.015981990669388324,0.6292922248456316,0.6741956332150627,0.6475954552491506,0.05320037587308416,0.4282619659723007,0.5262669462133098,0.970588235198962,0.9999999998989899,0.9852941175987601
92,0.001,0.6360195449420384,0.6308534528527941,0.010332193508345102,0.6438529600842584,0.6661092089671715,0.6481218332169103,0.03597473028097667,0.4262880912529276,0.525015105457834,0.9803921567666283,0.9999999999000001,0.9901960783828335
93,0.001,0.6423198037913868,0.6368207974093301,0.010998020784297426,0.6322508136275399,0.6737270355224609,0.6449697046887641,0.057514696311223884,0.43305817348721704,0.5295515355570325,0.970588235198962,0.9899999999010001,0.9803921568146866
94,0.001,0.6540215952055795,0.6352539424385343,0.037535298066878955,0.6308887032454125,0.6947393662789288,0.6677475805376091,0.053983534375826515,0.41268227879843034,0.5138897667118061,0.9607843136312957,0.9999999998979593,0.9803921568146866
95,0.001,0.6691511954580035,0.6476826050451824,0.042937170048909526,0.6084301545926316,0.7069031426719591,0.6579946723638797,0.09781692319494836,0.40917832848586483,0.5107682460789738,0.970588235198962,0.9611650484503724,0.9656862744624664
96,0.001,0.6495927316801888,0.6357378640345165,0.027709729902978455,0.6290294288188357,0.6542435913693672,0.64108718902457,0.026312811884517763,0.4288058753183877,0.5262515583335452,0.9901960783342946,0.9901960783342946,0.9901960783828335
97,0.001,0.6496551483869553,0.6332398248570306,0.03283063449530995,0.6389085671909607,0.6710992309392667,0.6530280183343327,0.036142450958198194,0.4184520454346737,0.5182429337034357,0.970588235198962,0.9999999998989899,0.9852941175987601
98,0.001,0.6523033955267498,0.6391720069306237,0.026262767138957446,0.6266581787418813,0.6599288343214521,0.6470410701106576,0.02577555354903726,0.42414277473547274,0.5235018424239837,0.9901960783342946,0.9999999999009902,0.9950980391669069
99,0.001,0.6520473297153201,0.6370828726461956,0.029928911252812083,0.6321412278886767,0.664443665859746,0.6552785699274025,0.018330185190208403,0.42476507279344167,0.5237665555208201,0.9999999999019609,0.9999999999019609,0.9999999999509803
100,0.001,0.642278960772923,0.6328367782490594,0.018884358744669174,0.6340610766140171,0.6591077616401747,0.651164779476091,0.01588599307133871,0.426531849839294,0.5252018203069535,0.9901960783342946,0.9901960783342946,0.9901960783828335
101,0.001,0.6392950309174401,0.6316770591906139,0.015235942613799125,0.6439909721040802,0.6502004733272627,0.6362929963598064,0.027814951378340814,0.44313106785374,0.5374172787147758,0.9999999999019609,0.980769230674926,0.9901960783828335
102,0.001,0.6438609595809665,0.6329775090728488,0.021766908125885363,0.6360679287132578,0.6552525092573727,0.643193256036908,0.02411853124424085,0.4291885112305918,0.5271120091266721,0.9901960783342946,0.9901960783342946,0.9901960783828335
103,0.001,0.6415492381368365,0.6339852256434304,0.015128022300944264,0.641617192794219,0.6524328490098318,0.6409681234873977,0.022929439942042034,0.43534118456820153,0.5315795266309613,0.9901960783342946,0.9999999999009902,0.9950980391669069
104,0.001,0.6366725862026215,0.6283164301088878,0.016712314183158532,0.6511962464801544,0.6609540751167372,0.6403799781612322,0.04114818923613604,0.43768888307307463,0.5335215279068883,0.970588235198962,0.9999999998989899,0.9852941175987601
105,0.001,0.6386066941278321,0.6307962643248695,0.015620865655364469,0.6437312285069658,0.6598104554064134,0.642538934361701,0.034543018806360515,0.43567020258481864,0.5320229240285316,0.9803921567666283,0.9900990098029605,0.9852941175987601
106,0.001,0.640780087028231,0.6317767777613231,0.018006619321697923,0.6381706771461849,0.6789156747799293,0.6470809473710901,0.063669478119004,0.4371674985606943,0.5333013040175437,0.9607843136312957,0.9999999998979593,0.9803921568146866
107,0.001,0.6726543839488711,0.6431239332471576,0.05906090060515063,0.6207054586062403,0.721497654914856,0.6808075583448597,0.08138015837061639,0.37857235242984383,0.4866953856728585,0.9509803920636294,0.9999999998969072,0.9754901960306132
108,0.001,0.6722377155508313,0.6473318210669926,0.04981180060920971,0.6069413610559573,0.7202203501673305,0.6575265082658506,0.12538773980671905,0.4227147693816901,0.5219151693388122,0.9999999999019609,0.9357798164279102,0.9656862744624664
109,0.001,0.6667732915707997,0.6451010576316288,0.04334446373728237,0.6114310337646435,0.7062121197289112,0.6743769312606138,0.06367039096121695,0.389072724773492,0.4958517925561807,0.9607843136312957,0.9999999998979593,0.9803921568146866
110,0.001,0.659755255494799,0.6423405068261283,0.03482949856801757,0.6226864882103724,0.7022897624501995,0.6664977272351583,0.07158411060478173,0.41921345768695545,0.5195854820353378,0.9803921567666283,0.9999999999000001,0.9901960783828335
111,0.001,0.64449885061809,0.6329084868941989,0.023180725768075457,0.639284631204838,0.6451930958850711,0.6364996655314576,0.01738687235788972,0.44579507942597735,0.5396478960916312,0.9901960783342946,0.9999999999009902,0.9950980391669069
112,0.001,0.6374864407948085,0.63059620984963,0.013780468713126279,0.6409052332194172,0.6674121513086206,0.6478660451430901,0.039092246771735305,0.43057899586949405,0.5277891732494305,0.9901960783342946,0.9901960783342946,0.9901960783828335
113,0.001,0.641662944640432,0.6286374415670123,0.026051005893220593,0.6447357242621451,0.6970226034229877,0.6730479773353127,0.04794922285694994,0.4102073758431688,0.5124542293407675,0.9901960783342946,0.9711538460604661,0.9803921568146866
114,0.001,0.6389345633132117,0.6292965880462101,0.019275945528144284,0.6487020471147122,0.6525007422063865,0.6369283713546454,0.031144760695158268,0.43942124525264464,0.5347541980216547,0.9803921567666283,0.9999999999000001,0.9901960783828335
115,0.001,0.6310344423566546,0.626950421503612,0.008168034746112036,0.6479431301497268,0.6482137318919686,0.6390674529122371,0.018292557886418176,0.4406277834301637,0.5358634772818922,0.9901960783342946,0.9999999999009902,0.9950980391669069
116,0.001,0.6423663688557488,0.6315688086407525,0.02159511364880018,0.6471079286206781,0.6893984219607185,0.6654572276508107,0.047882433298189996,0.4123696435164321,0.5140855185075818,0.9999999999019609,0.9622641508526166,0.9803921568146866
117,0.001,0.646605412874903,0.6337450657572065,0.02572068478496346,0.6394170454609603,0.6484304736642277,0.6397980621048048,0.017264847598020352,0.4334191700927409,0.5307017513752488,0.9901960783342946,0.9999999999009902,0.9950980391669069
118,0.001,0.6376113742589951,0.6293575423104423,0.016507655062014237,0.6526940823991708,0.6715024931758058,0.6345165605638542,0.07397187705717835,0.44237791862008674,0.5368781925465003,0.970588235198962,0.9999999998989899,0.9852941175987601
119,0.001,0.6317245342901775,0.6284766324928829,0.006495798696830336,0.6488347688470356,0.6717418455610088,0.6391721537300185,0.06513940027969725,0.44055394583412444,0.5357212055091922,0.9607843136312957,0.9999999998979593,0.9803921568146866
120,0.001,0.6275616117886135,0.6232511763061795,0.008620874523850424,0.6644576255298745,0.6461564547875348,0.6335778662971422,0.02515712987138506,0.4463486238996769,0.5400496302105235,0.9901960783342946,0.9999999999009902,0.9950980391669069
121,0.001,0.627327232488564,0.6258794388600758,0.002895583858064908,0.6612115226786022,0.6471444327457279,0.637074903530233,0.02013905705226695,0.4415267450346957,0.5365114822412527,0.9901960783342946,0.9999999999009902,0.9950980391669069
122,0.001,0.6291054125343051,0.6248149148055485,0.00858100521769042,0.6616884539134656,0.6456586496502745,0.6325058931229162,0.026305511795833486,0.4453853043021826,0.5393010989728841,0.9901960783342946,0.9901960783342946,0.9901960783828335
123,0.001,0.6300547463553292,0.6269103011914662,0.006288888250959904,0.6574039663528721,0.6531277567732567,0.6390436531281939,0.028168241087091612,0.4403567191759489,0.5354388011192133,0.970588235198962,0.9899999999010001,0.9803921568146866
124,0.001,0.629266789981297,0.6271246139492307,0.0042843488762238325,0.6615808738092656,0.64568284387682,0.6328638569981444,0.025637998939583115,0.44779777788685154,0.541187467510805,0.9901960783342946,0.9999999999009902,0.9950980391669069
125,0.001,0.6378300509282521,0.628012342112405,0.019635410101078117,0.6508153786649219,0.6948490610309676,0.6474978690053902,0.09470240727943532,0.4326219673017662,0.5295699357412297,0.9509803920636294,0.9999999998969072,0.9754901960306132
126,0.001,0.6315920608384269,0.6278709173202515,0.007442290399922058,0.6506733947914902,0.6520595112267662,0.6384553716463202,0.02720829496598419,0.4405437229119353,0.5356199081873484,0.9803921567666283,0.9999999999000001,0.9901960783828335
127,0.001,0.6361071744135448,0.6275730133056641,0.017068319191041934,0.6539145994838143,0.6647623152125115,0.6524035170966503,0.024717608649356692,0.425637771126624,0.5241607325597442,0.9999999999019609,0.9902912620397776,0.9950980391669069
128,0.001,0.6397857751165118,0.6313936646495547,0.01678422123326787,0.6402452498800112,0.6757533836598489,0.6405461348739325,0.07041449578223276,0.43853072801799364,0.5341840959700174,0.970588235198962,0.9999999998989899,0.9852941175987601
129,0.001,0.6597687836204257,0.63886011498315,0.04181733504602952,0.6299513867746194,0.6811415401159548,0.6487852615468642,0.06471256422353726,0.42850393193936354,0.5265852751307395,0.9803921567666283,0.9803921567666283,0.9803921568146866
130,0.001,0.6418474976505552,0.6317054586751121,0.020284082526424236,0.6428050205918,0.665418794926475,0.6465286963126239,0.03778017273939708,0.42967444297564095,0.527659191104207,0.9901960783342946,0.9805825241766425,0.9852941175987601
131,0.001,0.6351679946695056,0.629286670259067,0.011762648558942601,0.6483408401874513,0.6619161916714088,0.6373982476253136,0.049035899341106415,0.445451300722319,0.5393314019445603,0.9803921567666283,0.9999999999000001,0.9901960783828335
132,0.001,0.6391270181962422,0.6315956328596387,0.015062770120234095,0.651352284165514,0.6473242050292445,0.6384877200220146,0.0176729508766941,0.44178321337369797,0.5365557457059572,0.9901960783342946,0.9901960783342946,0.9901960783828335
133,0.001,0.6420577211039407,0.6311803055661065,0.02175482738363956,0.6491861266435537,0.6735363433174059,0.6447993879224739,0.05747388603334662,0.4292401255200936,0.5271792976652463,0.9901960783342946,0.9711538460604661,0.9803921568146866
134,0.001,0.6546517929860524,0.6339475916964668,0.041408416391017715,0.6404171382132363,0.6726316470725864,0.6420523705435734,0.06115858145423379,0.4343481146088078,0.5310338897394709,0.9999999999019609,0.9714285713360544,0.9852941175987601
135,0.001,0.6445677727460861,0.6349216124841145,0.019292327392447208,0.6375458935916024,0.664135124169144,0.6569167112602907,0.014436857231582204,0.42187697233934107,0.5213791113023136,0.9901960783342946,0.9999999999009902,0.9950980391669069
136,0.001,0.6307017547743661,0.6268733186381203,0.007656872077080022,0.6512764738123602,0.6531824843556273,0.6378770938106612,0.03061073397596677,0.43979949421679404,0.5348539290001054,0.9999999999019609,0.9714285713360544,0.9852941175987601
137,0.001,0.6353191626923425,0.6283105824674878,0.014017166573986677,0.6549976733694101,0.6578138838796055,0.6489805018200594,0.017666777011518385,0.4282546002761215,0.5264501154351184,0.9901960783342946,0.9999999999009902,0.9950980391669069
138,0.001,0.6458643653563091,0.6296420863696507,0.032444556701063575,0.6393432576339839,0.6802254272442237,0.642304486503788,0.07584186888062487,0.4371320356238681,0.5329944112792424,0.9901960783342946,0.961904761813152,0.9754901960306132
139,0.001,0.6522179692983627,0.6330667095524924,0.0383025184606335,0.6439176876374056,0.6744362057424059,0.646612437916737,0.055647503949847875,0.4322592201762205,0.5290126874075639,0.9607843136312957,0.9999999998979593,0.9803921568146866
140,0.001,0.6485708675214222,0.6356185014758792,0.025904735487919033,0.6354264608351932,0.6760453938269148,0.6497435487952887,0.052603703576560114,0.4277598566797195,0.5258603718197041,0.970588235198962,0.9899999999010001,0.9803921568146866
141,0.001,0.6490002061639514,0.6315443430628095,0.034911715874581466,0.6501650395193649,0.6813952256651485,0.6526143585934359,0.05756176409183764,0.4235107916106406,0.5227193513237939,0.970588235198962,0.9899999999010001,0.9803921568146866
142,0.001,0.6564983363662448,0.6362872400454113,0.040422189398668706,0.6283091783302756,0.6626166566914203,0.6457441478383308,0.03374504100750474,0.4348713417739556,0.5314543556454123,0.9803921567666283,0.9999999999000001,0.9901960783828335
143,0.001,0.6412927146468844,0.6323097114052091,0.017966016407756667,0.6463447970644645,0.6560910554493175,0.6398864744925031,0.032409170569450245,0.4371354635949519,0.5333265863059815,0.9901960783342946,0.961904761813152,0.9754901960306132
144,0.001,0.6289898668016706,0.6265335742916379,0.004912572900398767,0.6560696320192017,0.6449467609910404,0.6375034509920606,0.01488665429254373,0.4397283516952054,0.5351018168211783,0.9901960783342946,0.9999999999009902,0.9950980391669069
145,0.001,0.6290558363710131,0.6255113567624774,0.007088939384889922,0.6659081212751449,0.6400454266398561,0.6366353233655294,0.006820210255682468,0.44195028956006294,0.5369362001399343,0.9999999999019609,0.9999999999019609,0.9999999999509803
146,0.001,0.6260529266936439,0.6230258622339794,0.006054131896235049,0.6568329515454703,0.6523071042462891,0.6369594563456142,0.030695323339279962,0.44422041479518043,0.5385022654384523,0.9803921567666283,0.9999999999000001,0.9901960783828335
147,0.001,0.6250214448996952,0.6214903593063354,0.0070621839508281225,0.6648442842089916,0.6432716612722359,0.6373102477952546,0.011922815485912211,0.4412180521330531,0.5360745518168253,0.9901960783342946,0.9999999999009902,0.9950980391669069
148,0.001,0.6233246858630862,0.6210022249392101,0.004644917332500752,0.6667921255263675,0.6541622456382302,0.6436438835134694,0.02103672948592872,0.4372705127780941,0.5332629042982782,0.9901960783342946,0.9901960783342946,0.9901960783828335
149,0.001,0.6366464240210397,0.6288745807749885,0.015543685371605014,0.6492710235249428,0.6614751973572899,0.6509398800485274,0.021070597523266413,0.4177684375925043,0.5180955639851773,0.9803921567666283,0.9999999999000001,0.9901960783828335
150,0.001,0.6374417649848121,0.6308845707348415,0.013114389433342564,0.6449755495396055,0.6557882422325658,0.6357756940757527,0.04002514388412237,0.44278613894085395,0.5374830150663406,0.9999999999019609,0.9532710279482924,0.9754901960306132
151,0.001,0.6323051857096809,0.6293150378125054,0.005980295081306914,0.6567842204636269,0.660603366061753,0.6395973060645309,0.042012072169431945,0.44147551209427704,0.5363242344738919,0.9999999999019609,0.9714285713360544,0.9852941175987601
152,0.001,0.6240908631256649,0.6213047908885139,0.005572145112507444,0.6647759786971968,0.6463755135442696,0.6355753482556811,0.02160032356486601,0.44474830725024106,0.5387638682185053,0.9999999999019609,0.980769230674926,0.9901960783828335
153,0.001,0.6245309369904655,0.6231795081070491,0.002702858542241821,0.6669729699334086,0.6400673611491334,0.6356020283465292,0.008930630844962947,0.444783643942831,0.538898797767197,0.9901960783342946,0.9999999999009902,0.9950980391669069
154,0.001,0.622930686388697,0.6215843473161969,0.0026926681769379813,0.667412513557113,0.6402534427596074,0.6339403285699732,0.012626192477696082,0.44608663521818853,0.5399774860436558,0.9901960783342946,0.9999999999009902,0.9950980391669069
155,0.001,0.6244007221290043,0.6228979591812406,0.003005533229692706,0.6653681180258216,0.6496725690131094,0.6383936153907402,0.022557900816786523,0.4373211224101112,0.5333692581423118,0.9803921567666283,0.9999999999000001,0.9901960783828335
156,0.001,0.6251075140067509,0.623120727283614,0.003973573348568087,0.6634678385658626,0.6620942915187162,0.6341615190692976,0.05586553584126865,0.44295154476640924,0.5373852297145877,0.9607843136312957,0.979999999902,0.9705882352465398
157,0.001,0.6239641372646604,0.621992119721004,0.0039440374447232375,0.6609030613940676,0.6616205426992154,0.6382984256043154,0.04664426276862037,0.4368883680947378,0.5332335509916517,0.9803921567666283,0.961538461446006,0.9705882352465398
158,0.001,0.6266978808811733,0.6221958420106343,0.009004082184609226,0.6654817365915353,0.6843807124624065,0.6646207056793512,0.039520074038163704,0.41433198101120955,0.515465861335076,0.9803921567666283,0.9803921567666283,0.9803921568146866
159,0.001,0.6492324428898948,0.6300964270319257,0.03827203435191352,0.6478715327948753,0.7450150613691292,0.6919986494615966,0.1060328352831158,0.38207132619240686,0.4899497706811288,0.970588235198962,0.9801980197049309,0.9754901960306132
160,0.001,0.6588861410106931,0.6421695734773364,0.03343314150697552,0.6179149689193421,0.6631204047623802,0.6464914241257835,0.033257941667483575,0.4269027002287439,0.525464182830181,0.9803921567666283,0.9900990098029605,0.9852941175987601
161,0.001,0.6341140589543751,0.6291762931006295,0.009875523620784017,0.6474282010743045,0.6522337905332154,0.6411623294446983,0.022142876049174982,0.43471838891509984,0.5313104880574439,0.9901960783342946,0.9901960783342946,0.9901960783828335
162,0.001,0.6297994979790279,0.6251159523214612,0.009367083328210615,0.6590347264080147,0.6455082408353394,0.6396294855603984,0.011757549861738202,0.4346627422392185,0.5314518065781999,0.9901960783342946,0.9999999999009902,0.9950980391669069
163,0.001,0.6248559738908496,0.6203176081180573,0.009076736015101363,0.6717959998441202,0.6523752697542602,0.6403774005525252,0.023995746219275044,0.4372335867622476,0.5334979869866789,0.9803921567666283,0.9999999999000001,0.9901960783828335
164,0.001,0.6237525982516152,0.6220705530473164,0.0033641049189360012,0.6654065520976472,0.6475515377287772,0.6373848862507764,0.020333278650308356,0.4401916763807438,0.5354620774474624,0.9901960783342946,0.9999999999009902,0.9950980391669069
165,0.001,0.6290058387177331,0.6217291206121445,0.01455343165019128,0.6717895554680242,0.6726923596625235,0.6410957457972508,0.06319319201158542,0.4303014676804095,0.528134123899699,0.9607843136312957,0.9999999998979593,0.9803921568146866
166,0.001,0.6316096144063132,0.6270518877676555,0.009115449805644207,0.6600890986918195,0.6713280864790374,0.6408665589257783,0.06092307790223619,0.4367838911306592,0.5331482944659709,0.9803921567666283,0.9900990098029605,0.9852941175987601
167,0.001,0.6312842922551292,0.6239987228597913,0.014571140938122491,0.6675039382744076,0.6956001514313268,0.6562302393071792,0.07873979254680522,0.42454811668114756,0.523783953862896,0.970588235198962,0.9899999999010001,0.9803921568146866
168,0.001,0.6468610348446029,0.6293303232107844,0.03506142983678728,0.6481134819726065,0.7097905354172576,0.6485162739660225,0.12254847424086548,0.42323962037985297,0.5231948520495298,0.9999999999019609,0.9357798164279102,0.9656862744624664
169,0.001,0.6341215584959302,0.625006411756788,0.018230286065123176,0.6559045693332564,0.6834596395492554,0.6410175491781795,0.08488418607442987,0.438991633578437,0.5346544498160732,0.970588235198962,0.9899999999010001,0.9803921568146866
170,0.001,0.6485595107078552,0.6286248479570661,0.03986932791303843,0.6462211309336,0.6639681242260278,0.6356776122953377,0.05658104971927755,0.4440572814213275,0.5383261200003361,0.9803921567666283,0.9999999999000001,0.9901960783828335
171,0.001,0.6246465827737536,0.62082610811506,0.007640949884911866,0.6662404670291353,0.6631510602492913,0.6391061708038929,0.048089792184969955,0.43934506326813294,0.5345983332693777,0.9607843136312957,0.9999999998979593,0.9803921568146866
172,0.001,0.6260246336460114,0.6235058243785586,0.005037626218316811,0.6683854174956007,0.66899347188426,0.6365946198210997,0.06479772430497642,0.4417482105401916,0.536706856508087,0.9803921567666283,0.9900990098029605,0.9852941175987601
173,0.001,0.6211185476609639,0.619282494698252,0.003672109551968918,0.6690776593483706,0.6526310052357468,0.6328141011443793,0.03963382476392914,0.44880816726339934,0.5419277454496927,0.9999999999019609,0.980769230674926,0.9901960783828335
174,0.001,0.6213964968919754,0.6200317697865623,0.002729447484723226,0.6748793546705253,0.6498207537566915,0.633332923931234,0.03297566746671995,0.44486593602593444,0.5390064745782586,0.9901960783342946,0.9901960783342946,0.9901960783828335
175,0.001,0.621742878641401,0.6209427735635212,0.0016002014360440495,0.6767266183274553,0.6528610715679094,0.632781163150189,0.04015984504903648,0.4502865886686017,0.5430378912489594,0.9901960783342946,0.9901960783342946,0.9901960783828335
176,0.001,0.619947937982423,0.6169890101466861,0.0059178462657395615,0.6759376947460949,0.6448382857967826,0.6363002950069951,0.017075964669678725,0.4421595861452241,0.536963062927226,0.9901960783342946,0.9999999999009902,0.9950980391669069
177,0.001,0.622625069958823,0.6199097207614354,0.0054306933993107775,0.670705158396565,0.652140992529252,0.6329067758485383,0.038468467359266734,0.44661003229055923,0.5403860397724116,0.9901960783342946,0.9805825241766425,0.9852941175987601
178,0.001,0.6403382910149438,0.6249478778668812,0.030780828503858566,0.65511702844052,0.7697767556882372,0.6588002437470006,0.2219529897339788,0.41179771787845015,0.5146494223391141,0.8921568626576317,0.99999999989011,0.9460784313261726
179,0.001,0.6438867832933154,0.6303221008607319,0.027129364528393905,0.6506660193218644,0.6816264087078618,0.6506786235407287,0.06189555105041055,0.42522855445559204,0.5241443456933774,0.9607843136312957,0.979999999902,0.9705882352465398
180,0.001,0.6390898270266396,0.6276560127735138,0.022867631034127305,0.6455570575639031,0.6578326219437169,0.6380538227511388,0.03955761916643264,0.44388635958638845,0.5384237077911644,0.9803921567666283,0.9803921567666283,0.9803921568146866
181,0.001,0.6250558623245784,0.6209268995693752,0.008257939638237335,0.6632757787692386,0.658083730468563,0.6384740243939793,0.039219386163441575,0.44067438430845085,0.5357373077337189,0.970588235198962,0.9999999998989899,0.9852941175987601
182,0.001,0.6246387000594821,0.6225541872637612,0.00416902809748925,0.670708434721924,0.6572716504919762,0.6357884418730643,0.042966426149302836,0.4437669958910335,0.5382140593026707,0.9803921567666283,0.9999999999000001,0.9901960783828335
183,0.001,0.6228455464754786,0.6202724256685802,0.00514624295673067,0.6688264887489744,0.6502823794589323,0.6344628345732596,0.03163906815005284,0.4457432719547084,0.5397512083231834,0.9803921567666283,0.9999999999000001,0.9901960783828335
184,0.001,0.6202815920114517,0.618088077221598,0.004387025827911982,0.6730494325533402,0.6416155181679071,0.6368922801578746,0.009446477992277519,0.44092807702683084,0.5359887562809655,0.9901960783342946,0.9999999999009902,0.9950980391669069
185,0.001,0.6197236755064556,0.618665527020182,0.0021162994058353695,0.6740450076921324,0.6459553323540033,0.633001025985269,0.025908590038763543,0.4501592187423569,0.542860288823778,0.9803921567666283,0.9900990098029605,0.9852941175987601
186,0.001,0.6160173032964978,0.6148054386888232,0.002423733417734703,0.6757655479503428,0.6433093991934085,0.6350649431640026,0.01648892194954861,0.446156968622336,0.5401632626603348,0.9999999999019609,0.9902912620397776,0.9950980391669069
187,0.001,0.6168959928410394,0.6163466743060521,0.0010986271559626662,0.6762170374807166,0.644921634127112,0.6333879162283504,0.02306738555403974,0.4460230012674606,0.539808304373726,0.9901960783342946,0.9805825241766425,0.9852941175987601
188,0.001,0.6178172422306878,0.6169946981327874,0.0016450927006579669,0.6824812741951553,0.6611695470763188,0.6358654282841028,0.05060820836418619,0.445200146742475,0.5393970234928346,0.9901960783342946,0.9711538460604661,0.9803921568146866
189,0.001,0.6174294224807194,0.6154533965247018,0.003952044118445234,0.6772847785511268,0.6522497470472374,0.633363210103091,0.03777310304234133,0.44304978600519124,0.5376873848999342,0.9901960783342946,0.9805825241766425,0.9852941175987601
190,0.001,0.6187071544783456,0.6165824766669955,0.004249365121982659,0.6775731508256948,0.6520499049448499,0.6349042607288734,0.03429126593412137,0.4497349593261135,0.5424956545677799,0.9803921567666283,0.9999999999000001,0.9901960783828335
191,0.001,0.6194055208138057,0.6176765710115433,0.0034578964218131398,0.6773723429315114,0.6572219513210595,0.6333889429475746,0.04766602885416325,0.4493446716506929,0.5424741934580541,0.9803921567666283,0.9900990098029605,0.9852941175987601
192,0.001,0.6186085173061916,0.6171535147087914,0.002910002655750889,0.6775682194304453,0.6661659724572125,0.6334174158526402,0.06549711207694867,0.4497685764089931,0.5426446135853591,0.970588235198962,0.9999999998989899,0.9852941175987601
193,0.001,0.6211612352303096,0.616078148995127,0.010166171025567954,0.6761291607202594,0.650033525392121,0.6444401863743278,0.011186703236079683,0.42032524978087493,0.5207924328038185,0.9999999999019609,0.9902912620397776,0.9950980391669069
194,0.001,0.6270245867116111,0.6233371368476323,0.007374896383095931,0.6595017234140893,0.6546101196139467,0.6387229199502983,0.03177439335815828,0.43867592205485717,0.534566053160614,0.9803921567666283,0.9999999999000001,0.9901960783828335
195,0.001,0.6312342307397297,0.6210921960217612,0.020284059753716326,0.6681062488482313,0.6652972914424597,0.6338260144579644,0.06294257688683037,0.4497484333169744,0.5427078826157438,0.9803921567666283,0.9803921567666283,0.9803921568146866
196,0.001,0.6379750945738384,0.6290089040994644,0.017932380418642424,0.6526166083480572,0.6944998642977547,0.6487133199093389,0.09157310199795984,0.42437501849434583,0.5232360340120931,0.9803921567666283,0.9803921567666283,0.9803921568146866
197,0.001,0.648729185972895,0.6295912521226066,0.03827588042310838,0.6430287915795062,0.7260335268927556,0.671298438427495,0.1094702171417428,0.40866972872854423,0.5113939938243035,0.9901960783342946,0.961904761813152,0.9754901960306132
198,0.001,0.6409400297062737,0.6284613715750831,0.024957324856326783,0.6511457240997472,0.676217716698553,0.6469475475012088,0.0585403727257953,0.43154216101920545,0.5290307507054424,0.970588235198962,0.9999999998989899,0.9852941175987601
199,0.001,0.6444261819124222,0.6265312156506947,0.03578992717250783,0.6521812836839878,0.678978236282573,0.6475771203929302,0.06280223119492624,0.4224112501187391,0.5219792756513927,0.970588235198962,0.9899999999010001,0.9803921568146866
200,0.001,0.6444955957787377,0.6277434698172978,0.033504255020358996,0.6478387818390937,0.6952664659303778,0.6826881041713789,0.025156755283401878,0.39560792603855083,0.500420654487476,0.9901960783342946,0.9999999999009902,0.9950980391669069
201,0.001,0.6455518177577427,0.629259026476315,0.0325855831948242,0.6527583767906809,0.6744997308534735,0.6514868631082422,0.04602578277334425,0.4330734798156996,0.5304156306919284,0.9901960783342946,0.9805825241766425,0.9852941175987601
202,0.001,0.6332972879920687,0.6201302622045789,0.026334068322155093,0.6625034257677326,0.6653474335576973,0.6468628101489123,0.03696925630028287,0.431246452144246,0.5285319842734785,0.9803921567666283,0.9803921567666283,0.9803921568146866
203,0.001,0.6333492078951427,0.6260587445327214,0.014580922679410182,0.6639072631956549,0.6488578827942119,0.6355092934533662,0.026697204612633762,0.4444969432287995,0.5387455280560269,0.9901960783342946,0.9999999999009902,0.9950980391669069
204,0.001,0.6225817991154534,0.6203143681798663,0.004534866825062116,0.6667629790624415,0.6483168081910002,0.6331374306304782,0.03035874767046349,0.44777277765941204,0.5410932921557698,0.9803921567666283,0.9999999999000001,0.9901960783828335
205,0.001,0.6225303007023675,0.6208915455000741,0.0032775096686756505,0.670390575685506,0.6667071265332839,0.6344866419539732,0.06444097898316149,0.44978742784508174,0.5426937291907952,0.970588235198962,0.9999999998989899,0.9852941175987601
206,0.001,0.6282350697687694,0.6211767664977482,0.014116608058559774,0.6671602699016511,0.669612260425792,0.6479444579750884,0.04333560877050474,0.42959084751598603,0.5272521664655043,0.9901960783342946,0.9901960783342946,0.9901960783828335
207,0.001,0.6268931542124067,0.6224168421966689,0.008952624808963654,0.6646975242508856,0.6407507926810021,0.6320855611679601,0.01733046843140733,0.4516379468123783,0.5439791666135371,0.9999999999019609,0.9902912620397776,0.9950980391669069
208,0.001,0.617499115211623,0.6150823512247631,0.004833530381022554,0.6713774735830037,0.6540823602208904,0.640600243619844,0.0269642174243927,0.43932263733067034,0.5348248808766459,0.9901960783342946,0.9901960783342946,0.9901960783828335
209,0.001,0.6232455713408334,0.6176780813506672,0.011134979852483542,0.6805850518025433,0.6584807984969195,0.640961706053977,0.03503817056908327,0.43883430512406624,0.5344984850871204,0.9607843136312957,0.9898989897990002,0.9754901960306132
210,0.001,0.6233472100325993,0.6187588806663241,0.009176653267266894,0.6753666308814449,0.6878442150705001,0.6460963090260824,0.08349582409102689,0.43992018725224136,0.5350818622054808,0.970588235198962,0.9899999999010001,0.9803921568146866
211,0.001,0.6197355730193002,0.6183142193726131,0.0028427013884148827,0.6739524900489944,0.6747423281856612,0.6401876532563976,0.06910934609671433,0.44424493764132117,0.5385993970997603,0.970588235198962,0.9999999998989899,0.9852941175987601
212,0.001,0.6182674637862614,0.6168096278394971,0.0029156746235717685,0.677898718290562,0.6520525059279274,0.6360110570402706,0.03208291846528357,0.444114758690193,0.5384394402964826,0.9901960783342946,0.9901960783342946,0.9901960783828335
213,0.001,0.6170866638422012,0.6162002810410091,0.0017727705063797267,0.6801624955036922,0.6461350456172344,0.6323317838650123,0.027606547674319398,0.4505698619045755,0.5432697563424654,0.9901960783342946,0.9805825241766425,0.9852941175987601
214,0.001,0.6148705184459686,0.6145102381706238,0.0007205609183854124,0.6832142775124561,0.6462518625399646,0.6332811239887687,0.025941524234618627,0.4530977280191592,0.5452790145373559,0.9803921567666283,0.9999999999000001,0.9901960783828335
215,0.001,0.6153716657842908,0.6146271388445582,0.0014890447299486759,0.674954744833576,0.6410576923220765,0.6313453153067944,0.01942476140809994,0.45122507642767373,0.5436773726518155,0.9901960783342946,0.9999999999009902,0.9950980391669069
216,0.001,0.6157275055135999,0.6154056915215084,0.000643623697604718,0.6803131679973539,0.6445293613508636,0.6326769911775402,0.023704764414943902,0.4478477532639597,0.5411366194487326,0.9803921567666283,0.9999999999000001,0.9901960783828335
217,0.001,0.6139965695994241,0.6127387945141111,0.0025155633089265655,0.6890763163568735,0.6536298020213258,0.6318881424034343,0.04348336934458976,0.4480866631901135,0.5415727733924791,0.970588235198962,0.9999999998989899,0.9852941175987601
218,0.001,0.6136301436594555,0.6127422366823468,0.0017758100813287975,0.6905348848727275,0.6385829010430504,0.6336501883525475,0.009865435728273702,0.4477880111470827,0.5413608873627801,0.9901960783342946,0.9999999999009902,0.9950980391669069
219,0.001,0.6257939104522977,0.619582787156105,0.012422245338841873,0.672879704279287,0.6549291809399923,0.6392789167516372,0.03130050187966987,0.44412170965059783,0.5386262524950839,0.9803921567666283,0.9900990098029605,0.9852941175987601
220,0.001,0.6418076647179467,0.6277386673859188,0.0281379866334776,0.6573381472985522,0.6802307408229977,0.6412626563333997,0.07793615378585517,0.4399360729094644,0.5353855330722684,0.9509803920636294,0.9999999998969072,0.9754901960306132
221,0.001,0.6345359810761043,0.6244402144636426,0.020191538182968673,0.6606632172203815,0.6526867881709454,0.6391262879558638,0.027121055442109413,0.4440901896295405,0.5384658710918518,0.9901960783342946,0.9901960783342946,0.9901960783828335
222,0.001,0.6238603783505303,0.6172396764159203,0.013241414920360382,0.6647259400000022,0.6691227046882405,0.6523604276133519,0.033524580080719554,0.42708179321506246,0.525260635241669,0.9901960783342946,0.9901960783342946,0.9901960783828335
223,0.001,0.6202211337430137,0.6185986676386425,0.0032449262299841003,0.6749380202831672,0.6481647023967668,0.630934056113748,0.03446132182052322,0.45524857102969873,0.5468147569640622,0.9803921567666283,0.9900990098029605,0.9852941175987601
224,0.001,0.6188039758375713,0.6153166187661034,0.006974701459902073,0.6729012190983484,0.6660711309489082,0.6388698296219695,0.05440257781860875,0.44352103913589686,0.5381634141816456,0.9803921567666283,0.9900990098029605,0.9852941175987601
225,0.001,0.6251669866698129,0.6174487599304744,0.0154364526970312,0.6812949642024695,0.696097687178967,0.6529680198314143,0.0862593753080742,0.4284302310583456,0.5266614914881527,0.9901960783342946,0.9711538460604661,0.9803921568146866
226,0.001,0.6525686127798898,0.6270723683493478,0.050992486283316145,0.657136330245697,0.7231784977164923,0.6810836558248482,0.08418969508698758,0.4000766871624247,0.5042612365605207,0.9901960783342946,0.935185185098594,0.9607843136783929
227,0.001,0.654838502407074,0.6313618421554565,0.046953324369886626,0.6311767520249763,0.6735058976154701,0.6406896599367553,0.06563247827922597,0.43909335644304076,0.5350116511768179,0.9607843136312957,0.9898989897990002,0.9754901960306132
228,0.001,0.6347916083676475,0.6255807025091988,0.01842180512176128,0.6516938322641881,0.6562105078323215,0.6365664683136285,0.03928803082774667,0.44688818161163507,0.540672832292856,0.9901960783342946,0.9901960783342946,0.9901960783828335
229,0.001,0.6216095451797757,0.6187156598482814,0.005787762871477753,0.673351728796973,0.663654966097252,0.631104101152981,0.06510171995443456,0.451855161495904,0.5442283789404994,0.9607843136312957,0.9898989897990002,0.9754901960306132
230,0.001,0.622977906039783,0.6176002387489591,0.010755343607992731,0.6761319031472707,0.649251926763385,0.6324307123819987,0.033642428507115324,0.45167220983919815,0.5439933818676919,0.9803921567666283,0.9999999999000001,0.9901960783828335
231,0.001,0.6201609351805278,0.6176613909857613,0.0049991006276936135,0.6749558466482506,0.6474906048353981,0.6311803518557081,0.03262053132422414,0.4498271818460479,0.5427630291009485,0.9803921567666283,0.9999999999000001,0.9901960783828335
232,0.001,0.6170977460486549,0.6154887229204178,0.0032180529046205004,0.6840456344442157,0.6516149716050017,0.6368177988949943,0.02959435588369767,0.4404645071844104,0.5359487306736238,0.9803921567666283,0.9999999999000001,0.9901960783828335
233,0.001,0.6170603845800672,0.6154914264168058,0.003137909274041054,0.6794768922070781,0.6347230012510338,0.6287109209041969,0.012024173111307854,0.4547636624694672,0.5464565610513686,0.9901960783342946,0.9999999999009902,0.9950980391669069
234,0.001,0.6192188795123782,0.6170494045530047,0.004338944998120756,0.6823282147958766,0.6568231459926156,0.6340576053834429,0.04553105923182824,0.44838239802060487,0.5417782777931197,0.9803921567666283,0.9999999999000001,0.9901960783828335
235,0.001,0.6099653573972839,0.6092488531555448,0.001433008285987723,0.6893869919237564,0.6457646898194855,0.629841979227814,0.031845392997139225,0.4526555014483958,0.5447923018027752,0.9803921567666283,0.9999999999000001,0.9901960783828335
236,0.001,0.615494222513267,0.6138464968119349,0.003295454815608017,0.688762232256691,0.6490089180422765,0.6304021249799168,0.03721357573408122,0.4526806844623183,0.5448288638587881,0.9803921567666283,0.9999999999000001,0.9901960783828335
237,0.001,0.6124075864042554,0.611623791711671,0.0015675882470012376,0.6918691258573613,0.6495545909685247,0.6284269310680091,0.04225535668870982,0.45421740378380415,0.5461122331252584,0.9803921567666283,0.9999999999000001,0.9901960783828335
238,0.001,0.6141310568366732,0.6135635886873517,0.0011349256809418356,0.6899157975673461,0.642995591841492,0.6339092091018078,0.018172764534349826,0.4524794455927957,0.5448220177887695,0.9901960783342946,0.9901960783342946,0.9901960783828335
239,0.001,0.6119260766676494,0.6115838523421969,0.0006844468927218779,0.6877109063502322,0.648537369335399,0.631243007440193,0.03458872211950959,0.4529129340635287,0.5452099222290172,0.9803921567666283,0.9900990098029605,0.9852941175987601
240,0.001,0.6135007057871137,0.6131729334592819,0.0006555470840144803,0.6888572407406419,0.6592061455343284,0.6354506296270034,0.04751101070467163,0.4471893567268596,0.5409120252823106,0.9803921567666283,0.9999999999000001,0.9901960783828335
241,0.001,0.6130341312714985,0.6126444403614316,0.0007793703277587026,0.6897594458567883,0.6540875358908784,0.631606215355443,0.04496267178625453,0.44932546470177553,0.5422694041364826,0.9803921567666283,0.9999999999000001,0.9901960783828335
242,0.001,0.6127531038863319,0.6122930071183613,0.0009201958070791859,0.6889335899644208,0.6449940730543697,0.6288062410027373,0.0323756378675884,0.4544693381924015,0.5461331817679582,0.9803921567666283,0.9900990098029605,0.9852941175987601
243,0.001,0.6139523791415351,0.6134196157966342,0.0010655229031856703,0.6878406924765955,0.6487520085830315,0.6341295253996756,0.02924496480537688,0.4465676166367958,0.5403744513283235,0.9803921567666283,0.9999999999000001,0.9901960783828335
244,0.001,0.6118239579456193,0.6112495831080845,0.0011487484475115447,0.6909623360415293,0.6541587061741773,0.6378407817260892,0.03263583213236986,0.44402108924124745,0.5385089958550892,0.9803921567666283,0.9900990098029605,0.9852941175987601
245,0.001,0.6130110259566989,0.6126059357609067,0.0008101793183803758,0.6879310368759122,0.6419196315840179,0.6335100151744544,0.016819231833020847,0.4495207552205227,0.5427542075002529,0.9901960783342946,0.9901960783342946,0.9901960783828335
246,0.001,0.6155217907258442,0.6145555866616113,0.001932401537487749,0.6897837947427691,0.6452395828331218,0.6303166297136569,0.029845898094422677,0.4549269636022076,0.5466222248920797,0.9803921567666283,0.9900990098029605,0.9852941175987601
247,0.001,0.6105131528207234,0.6098376704113824,0.0013509701784641948,0.6926645201113819,0.6434369776763168,0.6321530827120239,0.022567822177912675,0.45205249996732105,0.5444272790353619,0.9803921567666283,0.9900990098029605,0.9852941175987601
248,0.001,0.6109665100063596,0.6096867993474007,0.002559422064743038,0.693300900405541,0.6590170544736526,0.6355537357283574,0.046926600822046693,0.44170047564960185,0.5367824566067502,0.9607843136312957,0.9999999998979593,0.9803921568146866
249,0.001,0.6141072383948735,0.6135136378662926,0.0011871977975325926,0.6859681159640235,0.6354089823423648,0.6309229182262047,0.008972121749584581,0.45151864178425216,0.5442201055252932,0.9901960783342946,0.9999999999009902,0.9950980391669069
250,0.001,0.6110639008028167,0.6106125339865685,0.0009027326117835141,0.689172717032586,0.6346639423978095,0.6299687793441847,0.009390300231090947,0.452457996776222,0.5447406643183355,0.9901960783342946,0.9999999999009902,0.9950980391669069
251,0.001,0.6102429138762611,0.6100506697382245,0.00038449459212383123,0.6913145662522807,0.6396889604774176,0.6326010484321445,0.014175791375558166,0.44806082920683815,0.5416010261867212,0.9901960783342946,0.9901960783342946,0.9901960783828335
252,0.001,0.6115727062736239,0.6112682010446276,0.0006090073948143981,0.6967780280505126,0.644209964018242,0.6308908912481046,0.026638171726874278,0.4538807537706099,0.5457554460461334,0.9803921567666283,0.9900990098029605,0.9852941175987601
253,0.001,0.6115600211279733,0.6112901866436005,0.0005396732334962248,0.6904556111455352,0.643619262120303,0.6299955453358445,0.027247455747177202,0.4553188226074128,0.5468784691715297,0.9803921567666283,0.9900990098029605,0.9852941175987601
254,0.001,0.6144292056560516,0.6141275316476822,0.0006033517087676696,0.6959136584179166,0.6412476844647351,0.6314474396845874,0.019600452553919134,0.45062713809816596,0.543513362612295,0.9901960783342946,0.9901960783342946,0.9901960783828335
255,0.001,0.6115966034787041,0.611171305179596,0.0008505867120090573,0.6902250480317027,0.642405252830655,0.6321332127440209,0.02054408679296281,0.45154506745865575,0.5438933445748415,0.9803921567666283,0.9900990098029605,0.9852941175987601
256,0.001,0.6113964425665992,0.611113751573222,0.0005653877222877261,0.692647342076792,0.6464330735159856,0.6353437333714729,0.02217863883832287,0.44866356378156935,0.5420821310709157,0.9803921567666283,0.9900990098029605,0.9852941175987601
257,0.001,0.6100935297352927,0.6098459990961211,0.0004950642989050331,0.6962556014677058,0.636705649249694,0.6300526822314543,0.01330591048862712,0.4559946196858716,0.5474840747027873,0.9803921567666283,0.9999999999000001,0.9901960783828335
258,0.001,0.6093475222587585,0.6091184126479285,0.0004582260995188595,0.6906202272494909,0.6460375487804413,0.6366511408020469,0.018772850543552756,0.4377778077536285,0.5342176781622795,0.9803921567666283,0.9999999999000001,0.9901960783828335
259,0.001,0.6114967209952218,0.6112217115504401,0.0005500221517909917,0.6929597452672073,0.6352082596105688,0.6311615074382109,0.00809350524065724,0.4541214185841565,0.5461594017191236,0.9901960783342946,0.9999999999009902,0.9950980391669069
260,0.001,0.6154138211693082,0.6150833347014019,0.0006609837244988219,0.6896298664176937,0.6387668129275826,0.6310460766156515,0.01544144420026272,0.45309396829589804,0.5453119757852716,0.9901960783342946,0.9901960783342946,0.9901960783828335
261,0.001,0.6123301386833191,0.612046982560839,0.0005663186322116027,0.6871217724111086,0.6384188638013952,0.6315176860958922,0.01380232745306749,0.4567548597771923,0.5479859991271924,0.9803921567666283,0.9999999999000001,0.9901960783828335
262,0.001,0.611196694629533,0.6108742271150861,0.0006449342404916283,0.6912108648110198,0.6545441437001321,0.6355496925466201,0.03798889416251697,0.4451150285008077,0.5395495818459967,0.970588235198962,0.9999999998989899,0.9852941175987601
263,0.001,0.6171326988509723,0.615140078323228,0.003985237557831819,0.6861726615075071,0.6751920434774137,0.6665424634428585,0.017299146730425385,0.4055328324041872,0.5081350002755685,0.9999999999019609,0.9999999999019609,0.9999999999509803
264,0.001,0.686407310622079,0.6377233394554683,0.09736793466644096,0.6214366171541822,0.826977927310794,0.7125829434862324,0.22878995829937504,0.3744084977371975,0.48336140456802806,0.8431372548193004,0.9347826085940454,0.8921568627013649
265,0.001,0.7497745305299759,0.6586499746356692,0.18224911551390374,0.5750287232627391,0.7111293959851358,0.6611920986689773,0.09987461596143012,0.40534267385881284,0.5078790393224419,0.9215686273606306,0.9791666665646702,0.950980392110246
266,0.001,0.6635029379810605,0.6363837165491921,0.054238439936723025,0.6290137596711174,0.6634394935533112,0.641635501501607,0.043607930926715624,0.4381191604640428,0.5336767493450376,0.9901960783342946,0.9805825241766425,0.9852941175987601
267,0.001,0.6403818407229015,0.6257288881710598,0.02930590683328254,0.6546129759757483,0.6720054161314871,0.6422951916853586,0.05942049067394406,0.43510251053744997,0.5315703637433662,0.970588235198962,0.9999999998989899,0.9852941175987601
268,0.001,0.6277960922036853,0.6210020439965385,0.0135880937616873,0.6681349596022318,0.6722625850462446,0.6471283815655053,0.05026841200157708,0.43250872727347467,0.5299691719150152,0.9803921567666283,0.9999999999000001,0.9901960783828335
269,0.001,0.6299053409269878,0.6184630457844053,0.022884588040012335,0.6700907889194945,0.6663235764877469,0.6414265597567839,0.04979400716575922,0.43673361280031353,0.5332353832014775,0.970588235198962,0.9999999998989899,0.9852941175987601
270,0.001,0.6221983177321297,0.6147110696349826,0.014974496323182913,0.6763824263495994,0.6429857074045667,0.6343695801847121,0.017232285702929777,0.4444744811399774,0.5387766967986115,0.9901960783342946,0.9999999999009902,0.9950980391669069
271,0.001,0.6230325400829315,0.6168233369077954,0.012418402296524229,0.6750087961101447,0.6567091339943456,0.6469385004511067,0.019541265442967415,0.43288329280593224,0.5300798895012744,0.9901960783342946,0.9901960783342946,0.9901960783828335
272,0.001,0.6226182792867933,0.6176246787820544,0.009987205266952515,0.6796569334897481,0.6526487598232195,0.6351338315243814,0.035029847106403285,0.4480118552132746,0.541522821745319,0.9901960783342946,0.961904761813152,0.9754901960306132
273,0.001,0.6207054140312331,0.6165800211685044,0.008250783767185308,0.6865757170115453,0.6661452604275123,0.6391846134382135,0.05392132124260945,0.43456407416558185,0.5311630763595584,0.9803921567666283,0.9999999999000001,0.9901960783828335
274,0.001,0.6210174901144845,0.6175583792584283,0.006918219435777116,0.6783296080969238,0.6744735170813168,0.6490235597479577,0.05089989926337319,0.432564592963201,0.5294070394495267,0.9901960783342946,0.9711538460604661,0.9803921568146866
275,0.001,0.6163653177874429,0.6138963582260268,0.0049379211455483785,0.6814279099069863,0.6365911855417139,0.6346690041177413,0.003844363377520851,0.4457406957518306,0.5398205007578398,0.9999999999019609,0.9999999999019609,0.9999999999509803
276,0.001,0.6206515686852592,0.614997427378382,0.011308289110145,0.6841848443787947,0.6677674335591933,0.650891278888665,0.03375236390560281,0.41481278324915366,0.515527628862533,0.9803921567666283,0.9999999999000001,0.9901960783828335
277,0.001,0.6199667134455272,0.6158696242741176,0.008194173808858198,0.6780089673576849,0.6573886567471074,0.6425808177274817,0.029615688995987762,0.4366027935398111,0.5328250928760603,0.9901960783342946,0.9999999999009902,0.9950980391669069
278,0.001,0.6203651960406985,0.6161901525088719,0.00835009188449476,0.6822060519152429,0.642711167826372,0.6288728708145666,0.0276766009811385,0.4544505947670595,0.5461744983127684,0.9803921567666283,0.9900990098029605,0.9852941175987601
279,0.001,0.6164368348462241,0.6130536187972341,0.006766428880967267,0.684752690196896,0.6528620585507038,0.6370948103128695,0.03153448540936498,0.4452102146804837,0.5392608583908425,0.9803921567666283,0.9900990098029605,0.9852941175987601
280,0.001,0.6153588742017746,0.6136305012873241,0.00345673923688342,0.6906874099434142,0.6433816984588024,0.6300994099355212,0.026564597930558317,0.45722888874009204,0.5484598188251159,0.9803921567666283,0.9999999999000001,0.9901960783828335
281,0.001,0.6150467757667814,0.6143393984862736,0.001414753301235448,0.6888382895099536,0.6461251541679981,0.6365393698215485,0.01917152654598741,0.4445661946637276,0.5391064142327275,0.9803921567666283,0.9999999999000001,0.9901960783828335
282,0.001,0.611573093703815,0.6091265965785299,0.004893007928850628,0.6963214771830026,0.6471030834843131,0.6368619542495877,0.020482228565550244,0.44600942574555036,0.5398641125948114,0.9999999999019609,0.9902912620397776,0.9950980391669069
283,0.001,0.611559271812439,0.6105265404496875,0.0020654657798461684,0.6971872836345393,0.6411687953799379,0.6310117338217941,0.02031411701703773,0.4521897072773474,0.5446128403785417,0.9803921567666283,0.9900990098029605,0.9852941175987601
284,0.001,0.6111972055264882,0.6106643176504544,0.001065775504685007,0.6946351290175005,0.6373991709129483,0.6291475921284919,0.016503141298159666,0.45515826032340845,0.5467982734664616,0.9803921567666283,0.9999999999000001,0.9901960783828335
285,0.001,0.6101903127772468,0.6098060118300574,0.0007685969378923931,0.6970502222724558,0.6375103744806028,0.6282628739581388,0.01849498274717845,0.4577354634473073,0.5488144539522103,0.9803921567666283,0.9999999999000001,0.9901960783828335
286,0.001,0.6135392380612237,0.6120038160255977,0.0030708406130932936,0.6946987570913014,0.6504065254155327,0.6346330116776859,0.031547062865951485,0.4482739069898927,0.5418966123925291,0.9803921567666283,0.9999999999000001,0.9901960783828335
287,0.001,0.6124064762677465,0.6113769880362919,0.0020589808783760028,0.6865457402165119,0.6425758249619428,0.6302648268493951,0.024621977945607082,0.4551500640475714,0.546911196821741,0.9803921567666283,0.9999999999000001,0.9901960783828335
288,0.001,0.6097194722720555,0.6083318080220904,0.002775332448696385,0.6916158246436545,0.640805055697759,0.632659373330135,0.016291415487763052,0.4520868643359063,0.5445924610775891,0.9803921567666283,0.9999999999000001,0.9901960783828335
289,0.001,0.6074116719620568,0.606890686920711,0.0010419697027828079,0.6938926981908484,0.644198568428264,0.6303799532207788,0.027637215714682552,0.4569019980140255,0.5482105677371869,0.9803921567666283,0.9999999999000001,0.9901960783828335
290,0.001,0.608824260532856,0.6083107271364757,0.0010270596441322205,0.6920227816174839,0.6530319703560249,0.6302801066753911,0.045503713062726985,0.45372772328051963,0.5456757975412404,0.9803921567666283,0.9999999999000001,0.9901960783828335
291,0.001,0.6082467458077839,0.6078438439539501,0.0008057960065863361,0.6958260032130664,0.64230438190348,0.6285711158724392,0.027466569205417353,0.45818451659269166,0.5491619372762743,0.9803921567666283,0.9999999999000001,0.9901960783828335
292,0.001,0.609828804220472,0.6094930278403419,0.0006715525934331319,0.6990090832247119,0.6430921122139576,0.6284792563494515,0.029225666222034718,0.4612266280536834,0.5512867037865806,0.9803921567666283,0.9999999999000001,0.9901960783828335
293,0.001,0.6091564382825579,0.6087242407458169,0.0008643934639362019,0.6994525686879562,0.6438981393973032,0.6299004601497277,0.0279953550437794,0.4561427555846865,0.5474659720906389,0.9803921567666283,0.9999999999000001,0.9901960783828335
294,0.001,0.6123847024781364,0.6121079730136054,0.0005534578995138872,0.6922357084451762,0.6423154227873858,0.6288034278972476,0.02702403101412689,0.4573412002373992,0.5483962462803638,0.9803921567666283,0.9999999999000001,0.9901960783828335
295,0.001,0.610345367874418,0.6100576307092395,0.0005754659931491395,0.7019496275128958,0.6432249768107545,0.6284420636354708,0.029565807614548533,0.45665171722298775,0.5479575195203169,0.9803921567666283,0.9999999999000001,0.9901960783828335
296,0.001,0.6073199915034431,0.6070022753306797,0.0006354379620461259,0.6989559484611478,0.6440497794572044,0.6299415774205152,0.02821637660849328,0.4531893988938328,0.5454295317832085,0.9803921567666283,0.9999999999000001,0.9901960783828335
297,0.001,0.6083937968526568,0.608051883322852,0.0006838395077336047,0.7044327782739305,0.634019381275364,0.628960435296975,0.010117882506593186,0.4606783526768602,0.5510130218417209,0.9803921567666283,0.9999999999000001,0.9901960783828335
298,0.001,0.6058149305837495,0.6056000569037029,0.00042974577055636994,0.7032841606550876,0.6415187593768624,0.6326573783276128,0.01772271612586052,0.4497421346002575,0.5429703456632909,0.9803921567666283,0.9999999999000001,0.9901960783828335
299,0.001,0.6089564902441842,0.6083870934588569,0.0011387839658709709,0.6986506180648735,0.6499571408711228,0.6293800122597638,0.04115423750059277,0.45961427635055346,0.5501067526885751,0.9803921567666283,0.9999999999000001,0.9901960783828335
300,0.001,0.6104342703308377,0.6100678784506661,0.0007327861593304468,0.7005423013924528,0.6497890236330968,0.6368990452850566,0.0257799347278242,0.44641917367456513,0.5405326640440091,0.9803921567666283,0.9999999999000001,0.9901960783828335
301,0.001,0.6120586842298508,0.6117399781942368,0.0006374079577134191,0.6934827447363504,0.6340713296450821,0.6307249682791093,0.00669274707416109,0.4547371655038105,0.5466116649462215,0.9901960783342946,0.9999999999009902,0.9950980391669069
302,0.001,0.6069215961865017,0.6065684024776731,0.0007063710966446836,0.7006136138583436,0.6336157415427414,0.6313482657367108,0.004534931416285462,0.4523901738569556,0.5448373312758996,0.9999999999019609,0.9999999999019609,0.9999999999509803
303,0.001,0.6087373346090317,0.6084709699664798,0.0005327261455282237,0.7038030582298112,0.6312315913976407,0.6284651452419805,0.005532897561423334,0.45765617840459133,0.5487626648987153,0.9999999999019609,0.9999999999019609,0.9999999999509803
304,0.001,0.6064950206450054,0.6062725548233304,0.000444935527152016,0.6989393565288733,0.6352942398950165,0.6282076257116654,0.014173219199566281,0.4599091731668254,0.5504296843837744,0.9901960783342946,0.9999999999009902,0.9950980391669069
305,0.001,0.6070611519472939,0.6067914579595838,0.0005393905999621243,0.7038593772419891,0.642191921379052,0.6349313399370979,0.014521197881549597,0.4556828955662692,0.547270919198806,0.9803921567666283,0.9999999999000001,0.9901960783828335
306,0.001,0.6179293926273074,0.6131193467548915,0.009620085131505871,0.6955250977637102,0.6898575442678788,0.6555807508674323,0.06855357505664156,0.4272803579148663,0.5258420989360518,0.9999999999019609,0.9272727271884298,0.9607843136783929
307,0.001,0.6309497718300138,0.6236896951283727,0.014520149437885266,0.6571145751564392,0.6738294514955259,0.6483587821324667,0.050941343770782445,0.4384736537279103,0.5344320791769466,0.9803921567666283,0.9999999999000001,0.9901960783828335
308,0.001,0.6263420326369149,0.6204528042248317,0.011778464068941372,0.6726424102360368,0.6575606780893662,0.6429169686401591,0.029287408512341333,0.4349939431415536,0.5322591173185508,0.9901960783342946,0.9901960783342946,0.9901960783828335
309,0.001,0.736617528966495,0.6514965657676969,0.17024191966213817,0.5819367810094066,0.8075311207303814,0.7665708392274146,0.08192058630725917,0.2903781033028165,0.4065908229333061,0.9999999999019609,0.9357798164279102,0.9656862744624664
310,0.001,0.6705825967448098,0.6448390483856201,0.05148709668511791,0.6058806712787919,0.676303837813583,0.6498720394630059,0.052863602033432794,0.42674736187147616,0.5253500765779675,0.9803921567666283,0.9900990098029605,0.9852941175987601
311,0.001,0.6425598753350121,0.6333769112825394,0.01836592731498448,0.6393430183465941,0.6486976947270188,0.6393634221133064,0.018668584580368856,0.44041296817738623,0.5357404895872533,0.9999999999019609,0.9902912620397776,0.9950980391669069
312,0.001,0.6306435167789459,0.623703984277589,0.013879073733863021,0.6617197621461118,0.6792309401082057,0.6392341624287998,0.07999355112220727,0.4450977463439354,0.539218422384482,0.970588235198962,0.9899999999010001,0.9803921568146866
313,0.001,0.6260552778840065,0.6181972974113056,0.01571597050808902,0.6686689573004075,0.6580759865396163,0.6344802893844306,0.0471914169725542,0.4450389657874818,0.539405840718402,0.9803921567666283,0.961538461446006,0.9705882352465398
314,0.001,0.6222345914159503,0.6154354406254632,0.013598302936380995,0.6796424013520214,0.6497076387498893,0.6350055120739282,0.029404279940268573,0.4423074125133697,0.537375421339676,0.970588235198962,0.9999999998989899,0.9852941175987601
315,0.001,0.6213699408939907,0.6177725387471062,0.007194801200447338,0.6832532130021143,0.647872302462073,0.631132421540279,0.03347977294641383,0.44925456049040075,0.5425316920663391,0.9803921567666283,0.9900990098029605,0.9852941175987601
316,0.001,0.6144588163920811,0.6121864105973925,0.004544809078132468,0.6857254531039498,0.6459535547331268,0.6326563107032402,0.02659448455361759,0.44951359801612234,0.5424744867845063,0.9803921567666283,0.9999999999000001,0.9901960783828335
317,0.001,0.6176315546035767,0.6145438658339637,0.006175375952027805,0.682720492167794,0.678303054150413,0.6373836076727101,0.08183887889426128,0.4412601602305465,0.5365735692110583,0.970588235198962,0.9999999998989899,0.9852941175987601
318,0.001,0.6174039265939167,0.614541579570089,0.005724682909203693,0.687346099574958,0.6436290472161537,0.6317572815745485,0.023743567047823294,0.4553762499918554,0.5468721342723232,0.9901960783342946,0.9901960783342946,0.9901960783828335
319,0.001,0.6150046991450446,0.611037226659911,0.007934941140514898,0.6876389587195142,0.6373528288859948,0.6278560342741948,0.018993584644597244,0.45984862532458753,0.5502299255880243,0.9999999999019609,0.980769230674926,0.9901960783828335
320,0.001,0.6146628260612488,0.6104054429701397,0.00851476107241719,0.6881539444573207,0.7024019044988296,0.6380231164249719,0.1287575522620304,0.448159359222723,0.5417670965938227,0.9215686273606306,0.9999999998936171,0.9607843136783929
321,0.001,0.6118124489273343,0.6089521923235485,0.005720505948244993,0.6943094760922071,0.6446399864028481,0.6333669085128635,0.02254611027299189,0.4528878773495544,0.5452490976458094,0.9901960783342946,0.9901960783342946,0.9901960783828335
322,0.001,0.611369903598513,0.6106347462960652,0.001470303932105058,0.6931493089611221,0.6462412967401392,0.6280149840841106,0.03645262421638358,0.4588272996318262,0.5497224432889233,0.970588235198962,0.9999999998989899,0.9852941175987601
323,0.001,0.6150767611605781,0.6106843139444079,0.008784887115845257,0.6964403675928336,0.6512415718798544,0.6300480844927769,0.042386972071493376,0.4602203039320617,0.550593233533351,0.9901960783342946,0.9901960783342946,0.9901960783828335
324,0.001,0.6170717115913119,0.613168756876673,0.007805904331949672,0.690872017830043,0.6405695074913549,0.6279859986959719,0.025167023069133945,0.45701500519358285,0.5483531852720377,0.9803921567666283,0.9999999999000001,0.9901960783828335
325,0.001,0.6142650182758059,0.6113323984401566,0.0058652256609223385,0.687791692687087,0.6470671167560652,0.632686108935113,0.02876200687651541,0.4568868839318167,0.5479597650468202,0.970588235198962,0.9999999998989899,0.9852941175987601
326,0.001,0.6140258354800088,0.612191379070282,0.003668910395000629,0.6874932743079111,0.6652560082136416,0.6325920861141354,0.06532786216805964,0.4517445695844461,0.5443901441256397,0.970588235198962,0.9999999998989899,0.9852941175987601
327,0.001,0.6130866365773338,0.6120107642241887,0.002151750138312179,0.6988909973656311,0.6537945755556518,0.6297210700371686,0.04814699306791904,0.45723018185487374,0.5484558232822606,0.970588235198962,0.9999999998989899,0.9852941175987601
328,0.001,0.6079306357673236,0.6075968039887292,0.0006676607902461131,0.6995768657317935,0.6422232307639777,0.6275652611956877,0.029315939209624834,0.46243202095282177,0.5521350395242745,0.970588235198962,0.9999999998989899,0.9852941175987601
329,0.001,0.6142835968307087,0.6114185154438019,0.0057301652278900815,0.6972673974779697,0.6577633350503211,0.6293482873954025,0.05683010444045067,0.4613371713834291,0.5513149611651393,0.9803921567666283,0.9999999999000001,0.9901960783828335
330,0.001,0.6162550364221845,0.6106003714459283,0.011309329183339807,0.6901681748921619,0.6404540860185436,0.6312189768342411,0.018470225125259043,0.4590051476067989,0.5496970611742914,0.9999999999019609,0.9902912620397776,0.9950980391669069
331,0.001,0.6156094350985118,0.6120939659220832,0.007030935954909572,0.6834134940561769,0.6379198075509539,0.6344677221541312,0.006904172628898831,0.4472392693865383,0.5408874976466083,0.9999999999019609,0.9999999999019609,0.9999999999509803
332,0.001,0.6180194616317749,0.6137021034955978,0.008634716677728907,0.6817709859002494,0.6593596380130917,0.6379243380883161,0.04287059342159944,0.4401453932356682,0.5359993496875828,0.9607843136312957,0.9999999998979593,0.9803921568146866
333,0.001,0.6143950266497475,0.6106894867760795,0.007411088751853511,0.6962452152866861,0.6415481935529148,0.6344958719085244,0.014104621083128686,0.45055361152582524,0.5433707133541624,0.9901960783342946,0.9999999999009902,0.9950980391669069
334,0.001,0.6162375509738922,0.6147508003882,0.0029734930732437143,0.6894866099072717,0.6366149718854942,0.6326063602578407,0.008017266790072123,0.45432517487978147,0.546021556703216,0.9901960783342946,0.9999999999009902,0.9950980391669069
335,0.001,0.6154600871460778,0.6116046926804951,0.0077107814582372414,0.6960491750347702,0.6595071051634994,0.6374587434179643,0.044096678130182566,0.4422843530625241,0.5372478545498475,0.9803921567666283,0.9999999999000001,0.9901960783828335
336,0.001,0.6171706787177494,0.6108319248471942,0.012677512851951178,0.6934755996167411,0.664980749873554,0.6328647767796236,0.06423190468009196,0.4504813098318516,0.5434647196334867,0.9509803920636294,0.9999999998969072,0.9754901960306132
337,0.001,0.613076137644904,0.609570888536317,0.0070104866255340835,0.6988879801454398,0.6365702327559976,0.629664365567413,0.013811740549463852,0.4581374596492746,0.5491359398942026,0.9901960783342946,0.9999999999009902,0.9950980391669069
338,0.001,0.6075506167752402,0.6068214305809566,0.001458375270885881,0.6965216962462785,0.631395639742122,0.6286086837450663,0.005573967836943327,0.45834685690540605,0.5490512840024884,0.9999999999019609,0.9999999999019609,0.9999999999509803
339,0.001,0.6071594868387494,0.6066334630761828,0.0010520643783300848,0.7033790193644412,0.6376109801086725,0.6309998970405728,0.013222162191774332,0.4530288596030095,0.5454009231197062,0.9803921567666283,0.9999999999000001,0.9901960783828335
340,0.001,0.603552479829107,0.6031899899244308,0.0007249850844216001,0.7014966510010386,0.6313902087071362,0.6285354530110079,0.0057094701994940935,0.4627113652171171,0.5524562627179812,0.9901960783342946,0.9999999999009902,0.9950980391669069
341,0.001,0.6079345686095101,0.6076893700020654,0.0004903992807417776,0.7024945696454444,0.6328342609545764,0.6293502993443433,0.006967907228196661,0.4540751353553107,0.5461688328418723,0.9901960783342946,0.9999999999009902,0.9950980391669069
342,0.001,0.6054986161845071,0.6052421012095043,0.0005130333338456694,0.701493397651489,0.634285101703569,0.6300686925065284,0.008432837933594105,0.4568541834570545,0.5481384863520953,0.9901960783342946,0.9999999999009902,0.9950980391669069
343,0.001,0.6082360127142498,0.607981094292232,0.0005098385149072523,0.7012192689432857,0.6331412599367254,0.6274038909697065,0.011474720841529323,0.4601079855363257,0.5504867536320845,0.9901960783342946,0.9999999999009902,0.9950980391669069
344,0.001,0.6072824054530689,0.6069372594356537,0.0006902902472834935,0.7035190624611306,0.6302717813089782,0.6269333140522826,0.006676888695972807,0.46161593123932804,0.551662947843872,0.9999999999019609,0.9999999999019609,0.9999999999509803
345,0.001,0.6033968159130642,0.6031744182109833,0.00044480777199039167,0.7110924054319778,0.6317898490849663,0.6289974871803733,0.005584755647635343,0.46009424684009514,0.5505674958136407,0.9901960783342946,0.9999999999009902,0.9950980391669069
346,0.001,0.6208315534251077,0.6117903526340213,0.018082405922801366,0.6866759218255016,0.6794531134998097,0.6501572266513226,0.05859179619480582,0.43252531695015006,0.5295631405573079,0.9607843136312957,0.9898989897990002,0.9754901960306132
347,0.001,0.6426113652331489,0.622272218976702,0.040678303210630214,0.6578248161427853,0.7230124029458738,0.6538211679926106,0.13838244463298835,0.4299661563106324,0.5279267828658711,0.9117647057929643,0.9999999998924732,0.9558823528943194
348,0.001,0.6425946141992297,0.6232544588191169,0.03868030584791476,0.6644368405175244,0.6668766421430251,0.6379969166774376,0.05775945868306592,0.4482182398017964,0.5416800227841261,0.9803921567666283,0.9803921567666283,0.9803921568146866
349,0.001,0.6269053838082722,0.6151833981275558,0.02344397134999911,0.6779151014808641,0.6993393091594472,0.6498298452180975,0.0990188783582519,0.43356125247129473,0.530591657582831,0.9803921567666283,0.9900990098029605,0.9852941175987601
350,0.001,0.6204473802021572,0.6147171258926392,0.01146050481682843,0.6845106241495925,0.6489807834812239,0.6340019971716637,0.029957537971866115,0.4460368169214058,0.5402275435246375,0.9901960783342946,0.9805825241766425,0.9852941175987601
351,0.001,0.6185741871595383,0.6146327895777566,0.00788279663434618,0.6821078683106417,0.6626772243602603,0.6328667086713454,0.059621041410091315,0.4546055813198641,0.5463182034012081,0.9803921567666283,0.9999999999000001,0.9901960783828335
352,0.001,0.6151912957429886,0.6108290616955075,0.008724474156874098,0.6870574024222265,0.6391055613171821,0.6274593735442442,0.023292405232924092,0.46005160831401515,0.5504789921976077,0.9901960783342946,0.9901960783342946,0.9901960783828335
353,0.001,0.6207942813634872,0.6115589546305793,0.01847065002740627,0.6929067115480471,0.669451518386018,0.6351994410449383,0.06850414420021515,0.4484626848103638,0.5418351244134084,0.9803921567666283,0.9900990098029605,0.9852941175987601
354,0.001,0.6178301168339593,0.6126701661518642,0.010319892518184912,0.6892415877805222,0.6399318651825774,0.6305924104709252,0.018678883506058185,0.45529198911370544,0.5470411830107675,0.9999999999019609,0.9902912620397776,0.9950980391669069
355,0.001,0.6110094317368099,0.6089849865862301,0.004048897712241991,0.696109997442549,0.6409526689379823,0.6303364114434111,0.021232517563975324,0.4572206068508193,0.548476458441021,0.9901960783342946,0.9901960783342946,0.9901960783828335
356,0.001,0.6085642789091382,0.607010964836393,0.003106625792237797,0.6976708105070936,0.6384329398473104,0.6267824284001893,0.02330101120705698,0.4593117750017633,0.5499340545382656,0.9901960783342946,0.9805825241766425,0.9852941175987601
357,0.001,0.607633535351072,0.6064406888825553,0.0023856938756320494,0.702944553181401,0.6420825129630519,0.6285418938187992,0.027081254550128008,0.45270563136590775,0.5452133811513331,0.9901960783342946,0.9805825241766425,0.9852941175987601
358,0.001,0.6037036499806813,0.603024748819215,0.0013577970935979725,0.7027409853268072,0.6363914597268198,0.6253780477187213,0.022026800587042875,0.4631819574787378,0.5527864448855428,0.9901960783342946,0.9999999999009902,0.9950980391669069
359,0.001,0.6061057533536639,0.6057217461722237,0.0007680222284501984,0.7074468140370976,0.637178790919921,0.6287577169782975,0.016842183145676173,0.4562397805338385,0.5476763763480507,0.9901960783342946,0.9999999999009902,0.9950980391669069
360,0.001,0.6044608354568481,0.6035019393478122,0.0019177984660408193,0.7006999564976014,0.6383583130789738,0.6327549224975062,0.011206794612328796,0.4596745937099969,0.5502196384160282,0.9901960783342946,0.9999999999009902,0.9950980391669069
361,0.001,0.6065728345087597,0.6058071638856616,0.0015313443322416528,0.7060245904266679,0.6390580990735222,0.6306554230989194,0.01680532575347552,0.4556703898054475,0.5473789504146033,0.9901960783342946,0.9999999999009902,0.9950980391669069
362,0.001,0.6040208467415401,0.6035826238138335,0.0008764486067645651,0.7079361945978161,0.6449788393927556,0.6343951114252502,0.021167500492404488,0.4546021144183818,0.5464333484245076,0.9901960783342946,0.9901960783342946,0.9901960783828335
363,0.001,0.6039542417441096,0.6034346723130771,0.001039144256148055,0.7045295773180483,0.6348753092335719,0.6274958317186318,0.01475898499655373,0.4607658048371126,0.5509173607071765,0.9901960783342946,0.9901960783342946,0.9901960783828335
364,0.001,0.6104794059480939,0.6090463155082294,0.0028661896935123616,0.7017078694375231,0.6424002343533086,0.6296658288030064,0.02546882647655758,0.4557318125142084,0.5473249933205918,0.9901960783342946,0.9901960783342946,0.9901960783828335
365,0.001,0.6074362801653999,0.605407497712544,0.004057554454318181,0.7019380356467488,0.6502246254799413,0.6315683997144886,0.037312413766687993,0.4536855398108727,0.5458836619648141,0.9803921567666283,0.9999999999000001,0.9901960783828335
366,0.001,0.6071837736027581,0.6044196741921561,0.0055282010923422475,0.7029977106486713,0.6397077821049035,0.6302444192708707,0.018926725366755444,0.4548269857274903,0.5466164438669522,0.9901960783342946,0.9805825241766425,0.9852941175987601
367,0.001,0.6061660860266004,0.6045762130192348,0.003179746433618545,0.7025944820414244,0.6330769079573014,0.6287917541522606,0.008570271597800813,0.4572564615584433,0.5483336305428179,0.9999999999019609,0.9902912620397776,0.9950980391669069
368,0.001,0.6064705529383251,0.6046386446271624,0.003663813608779622,0.7009167189073547,0.641386463361628,0.6291728761850619,0.02442720528765052,0.4575945491312713,0.5487837001279733,0.9803921567666283,0.9999999999000001,0.9901960783828335
369,0.001,0.6090718465191978,0.6074847068105426,0.003174272482803125,0.7030322569180952,0.6294970839631324,0.6262246382002737,0.006544883384634101,0.46238025141937994,0.5521659247189815,0.9999999999019609,0.9902912620397776,0.9950980391669069
370,0.001,0.6063172093459538,0.6059802919626236,0.0006738469632442243,0.7087657319866402,0.6499967978281134,0.6294561098603642,0.041081381267776676,0.458066365946473,0.5491330403860429,0.9803921567666283,0.9999999999000001,0.9901960783828335
371,0.001,0.604203177349908,0.6038443190710885,0.0007177122253259378,0.7055478262291732,0.6432712720889672,0.6273766837868036,0.031789154727377145,0.4588251140143484,0.5494023061295799,0.9803921567666283,0.9999999999000001,0.9901960783828335
372,0.001,0.601458493087973,0.6011585401637214,0.0005998991364322137,0.7134232592165084,0.6367935111709669,0.6302029887835184,0.013181080347767063,0.4542919874335107,0.5464428212385593,0.9803921567666283,0.9999999999000001,0.9901960783828335
373,0.001,0.6006911631141391,0.6004934076751981,0.00039550625453037877,0.709590917042813,0.6320429152133418,0.6290377133032855,0.006010366503295361,0.4586808565278574,0.5495281978605913,0.9999999999019609,0.9999999999019609,0.9999999999509803
374,0.001,0.6050458997488022,0.6047796330281666,0.0005325328851800545,0.7073551094967091,0.6330012392763998,0.6316235930311913,0.002755273402869409,0.4604242249126719,0.5506536827903696,0.9999999999019609,0.9999999999019609,0.9999999999509803
375,0.001,0.6056119969912938,0.6052648212228503,0.0006943569616331453,0.6996352370365209,0.6319823428696277,0.6274086131769068,0.009147461923752345,0.45831337048676724,0.549153614878318,0.9803921567666283,0.9999999999000001,0.9901960783828335
376,0.001,0.6024339518376759,0.602245358484132,0.00037718219807304976,0.7104525730516444,0.6344711897419948,0.6326168898273917,0.0037086021164249557,0.4512423300606799,0.5441722317578163,0.9999999999019609,0.9999999999019609,0.9999999999509803
377,0.001,0.6028749985354287,0.6025278397968837,0.0006943235561526048,0.7091109996671585,0.6484674805519628,0.6316423281735065,0.033650281451021634,0.45434083272501236,0.5462855779871217,0.9803921567666283,0.9999999999000001,0.9901960783828335
378,0.001,0.6074650223766055,0.6071793905326298,0.0005712667968639705,0.7110739273065094,0.6346546125178244,0.6294042006427166,0.010500818290108559,0.45754981379258286,0.5485811719531377,0.9901960783342946,0.9999999999009902,0.9950980391669069
379,0.001,0.6029368277106967,0.6026409949575152,0.000591667988503884,0.7082663165678623,0.62637258978451,0.6244216234076256,0.0039019028555747925,0.46242991213365,0.5521383105392788,0.9999999999019609,0.9999999999019609,0.9999999999509803
380,0.001,0.6079506874084473,0.6074010325329644,0.0010993035991435005,0.7048541316206901,0.637706378511354,0.6319898793510362,0.011432992148340917,0.4546150081367541,0.5464167375941494,0.9901960783342946,0.9999999999009902,0.9950980391669069
381,0.001,0.6021721128906522,0.6018093015466418,0.000725620137018268,0.7076535003385775,0.6399434588703454,0.6283854287044675,0.023116054433379687,0.45714645784937197,0.5483887955954008,0.9901960783342946,0.9999999999009902,0.9950980391669069
382,0.001,0.6037021289978709,0.6034849530884198,0.0004343507384224462,0.7083014347929113,0.6322164903668797,0.6286531277731353,0.007126732377846744,0.4568722550631192,0.5481503870408894,0.9901960783342946,0.9999999999009902,0.9950980391669069
383,0.001,0.6034694058554513,0.6033018721001489,0.0003350671022417373,0.711322544880223,0.6345326240156212,0.6300648129453846,0.008935636055527949,0.45622649467522713,0.5478287583924386,0.9901960783342946,0.9999999999009902,0.9950980391669069
384,0.001,0.605812423995563,0.6055418678692409,0.0005411179102208864,0.7093542931815396,0.6279358372968786,0.6262231597713396,0.0034253257555047086,0.46472991670609487,0.5539199570765129,0.9999999999019609,0.9999999999019609,0.9999999999509803
385,0.001,0.605199511562075,0.6050393985850471,0.0003202295733249879,0.7100954331493189,0.6292073428630829,0.627092650123671,0.004229384876203304,0.4640404889603454,0.5533340565385094,0.9999999999019609,0.9999999999019609,0.9999999999509803
386,0.001,0.602243076477732,0.6019240181360926,0.0006381202830587947,0.7180338875124509,0.6400084273487914,0.637672018771078,0.00467284830793848,0.45135152867748096,0.5439216307663224,0.9999999999019609,0.9999999999019609,0.9999999999509803
387,0.001,0.6037439512354987,0.6034324147871563,0.0006230712845405963,0.7107746587073324,0.6383126886451945,0.6331309839790943,0.010363360647769534,0.4561283650606283,0.5475505226180415,0.9901960783342946,0.9999999999009902,0.9950980391669069
388,0.001,0.606465043766158,0.606222750885146,0.00048458446976188237,0.7076139498586694,0.633495444760603,0.6311860557864694,0.004618758737456565,0.45669371441276935,0.5477723904179674,0.9901960783342946,0.9999999999009902,0.9950980391669069
389,0.001,0.6044780420405524,0.6040003246494702,0.0009554468072435286,0.7091476904816174,0.6392875792933446,0.6285372703683143,0.021500590878228348,0.4574490744547522,0.548575350610295,0.9803921567666283,0.9999999999000001,0.9901960783828335
390,0.001,0.6024097182921001,0.602061295083591,0.000696865633861827,0.7131891521542383,0.6349351809305304,0.6277461151281992,0.014378145994508968,0.46149944671201143,0.5514248008287581,0.9901960783342946,0.9999999999009902,0.9950980391669069
391,0.001,0.6013812337602887,0.6012122013739177,0.0003380632816905355,0.7113467047332638,0.6312713365928799,0.627129033500073,0.008284565910477848,0.45973652790581115,0.5503788071883401,0.9999999999019609,0.9999999999019609,0.9999999999509803
392,0.001,0.6026937259095055,0.6024979927710125,0.00039146151980925685,0.7145461302665235,0.6316662997591729,0.6294053454025119,0.004521874857007288,0.4538183158312342,0.5459885890203898,0.9999999999019609,0.9999999999019609,0.9999999999509803
393,0.001,0.6044199807303292,0.6042259974139077,0.00038797533073063405,0.703518751023366,0.6347896947580225,0.630007858954224,0.009563704003013816,0.45581896388707743,0.54740788343157,0.9803921567666283,0.9999999999000001,0.9901960783828335
394,0.001,0.6087507062724659,0.6084836263741765,0.0005341559642277259,0.7102785081235343,0.6367614608184964,0.6297903078443864,0.013942344105053767,0.4537548358929348,0.5457654252796541,0.9803921567666283,0.9999999999000001,0.9901960783828335
395,0.001,0.6043379157781601,0.6041882250990186,0.00029937975055612957,0.7062938785466063,0.6302177082089817,0.6270758346015332,0.006283775702411053,0.4600651635621508,0.550331715476759,0.9901960783342946,0.9999999999009902,0.9950980391669069
396,0.001,0.6061422452330589,0.6058975702949932,0.0004893574519623403,0.7083547342656367,0.63188877175836,0.6287667371478736,0.006244088212649028,0.46091885857159115,0.5509550418759537,0.9901960783342946,0.9999999999009902,0.9950980391669069
397,0.001,0.6040665964995112,0.6038256117275783,0.00048197955558342595,0.7134337846788846,0.6382419951990539,0.6283944704953361,0.019695066280809102,0.46088456706635805,0.5511532326085611,0.9901960783342946,0.9999999999009902,0.9950980391669069
398,0.001,0.6014275114451136,0.601217124078955,0.00042077106263604946,0.7179529463863638,0.6397804939279369,0.6308830438875684,0.01779489332408297,0.461103627742167,0.5511778872163621,0.9803921567666283,0.9999999999000001,0.9901960783828335
399,0.001,0.6017516819494111,0.6015565821102687,0.00039019653792950394,0.7094870185489086,0.6356170633259941,0.6286940720735812,0.013845960956578161,0.4616375167978053,0.5515110817774431,0.9803921567666283,0.9999999999000001,0.9901960783828335
400,0.001,0.6033301800489426,0.6031556278467178,0.00034911756899548763,0.7142001552463636,0.6356598460206798,0.63189457970507,0.007530481143690208,0.45853699458398584,0.549432171834458,0.9901960783342946,0.9999999999009902,0.9950980391669069
401,0.001,0.6053868745054517,0.6052156793219703,0.0003423930512716262,0.7046830152133153,0.6412871555954802,0.6311531265576681,0.020268063079200538,0.45899811902937077,0.5497309591879205,0.9803921567666283,0.9999999999000001,0.9901960783828335
402,0.001,0.607092159135001,0.6068553903273174,0.00047354369287079735,0.7056577461790237,0.6381800344177321,0.632227946730221,0.011904218727174927,0.4604423170285989,0.5507856584712207,0.9901960783342946,0.9999999999009902,0.9950980391669069
403,0.001,0.6029893649475915,0.6028099411300251,0.0003588520287719023,0.7161602939579129,0.6294493575890859,0.626003219800837,0.0068922867204117425,0.46662325841830643,0.5550979603104522,0.9999999999019609,0.9902912620397776,0.9950980391669069
404,0.001,0.6056904579911914,0.6054406251226153,0.0004996690640837187,0.7011798122733718,0.6411027359027489,0.632357519046933,0.01749040447997258,0.4509742474514067,0.5439770380564629,0.9803921567666283,0.9999999999000001,0.9901960783828335
405,0.001,0.6037071198225021,0.6034441483872277,0.0005259426933272542,0.711922492292973,0.6477348570730171,0.6308654628547967,0.033738755547971115,0.4562151410628879,0.5478674865896183,0.970588235198962,0.9999999998989899,0.9852941175987601
406,0.001,0.6042579667908805,0.6040021777153015,0.0005115957600147729,0.7091707120815782,0.6353115708220238,0.6329565539079554,0.0047100511945638,0.4537265294531086,0.5459458456316554,0.9999999999019609,0.9999999999019609,0.9999999999509803
407,0.001,0.602774729686124,0.6026249048965318,0.00029964649391851187,0.7097463546343273,0.6315598201517966,0.6287779340557024,0.005563779569724027,0.4607699601678574,0.5510709025179935,0.9999999999019609,0.9999999999019609,0.9999999999509803
408,0.001,0.6028987169265747,0.6027191738997187,0.0003590724778145419,0.7125316419261983,0.6446929439610126,0.6337659505068087,0.021853951408582574,0.45833121765721924,0.54920716111783,0.9803921567666283,0.9900990098029605,0.9852941175987601
409,0.001,0.6401934495994023,0.6144105855907712,0.05156573786579039,0.6815958925766281,0.7990950158998078,0.675547226971271,0.2470956047375997,0.3557881625651016,0.46185407795558664,0.9509803920636294,0.9603960395088718,0.9558823528943194
410,0.001,0.6756395335708346,0.6397659310272762,0.07174719544127584,0.6179502714120548,0.76064780997295,0.736031646822013,0.04923232089655072,0.33720501161020183,0.4494217397376065,0.9901960783342946,0.9999999999009902,0.9950980391669069
411,0.001,0.6693321147135326,0.6309098324605397,0.07684456251029458,0.638540330955452,0.6795870065689087,0.6423107858966378,0.0745523986863155,0.4403430699051078,0.5357281314193229,0.9607843136312957,0.9999999998979593,0.9803921568146866
412,0.001,0.6497773251363209,0.6267938571316856,0.04596694079892976,0.6557113556195338,0.6872644570528292,0.6635951212808198,0.04733870193070056,0.41558229111999706,0.5172243802819187,0.9803921567666283,0.9999999999000001,0.9901960783828335
413,0.001,0.6303948483296803,0.6226958824055535,0.01539792783192492,0.6686281556376237,0.638790016080819,0.6330463541489021,0.011487337888455858,0.44827692229554755,0.5418932286298258,0.9999999999019609,0.9999999999019609,0.9999999999509803
414,0.001,0.6183380974190575,0.6113137613449778,0.014048669977845358,0.6804741502904369,0.6527214178852007,0.6306096116701762,0.04422360812039936,0.4551986399982644,0.5468950822067115,0.9607843136312957,0.9999999998979593,0.9803921568146866
415,0.001,0.6133602133819035,0.6098420343228749,0.007036350407621025,0.6916736690885662,0.644138468246834,0.6295120990743824,0.029252734035253525,0.45851656820045894,0.5493420731465112,0.970588235198962,0.9999999998989899,0.9852941175987601
416,0.001,0.6070617373500552,0.6046574456351144,0.004808594472706318,0.6987565491257118,0.6406947286689982,0.6300525723719129,0.021284297108650208,0.4530439346224453,0.5451348692547493,0.9803921567666283,0.9999999999000001,0.9901960783828335
417,0.001,0.6090966569525855,0.6070340956960406,0.004125124238531238,0.695818425393281,0.6392610838600233,0.6298699910734215,0.018782134003498974,0.4578329258881574,0.5488400244755806,0.9803921567666283,0.9900990098029605,0.9852941175987601
418,0.001,0.6102779795016561,0.6082739915166583,0.004007977283825832,0.7023845594808611,0.6334784545150458,0.629465579402213,0.008025711840566467,0.45676135932198114,0.5479981585877316,0.9999999999019609,0.9902912620397776,0.9950980391669069
419,0.001,0.608819957290377,0.6072713871087346,0.003097150749194303,0.7022896476887245,0.6320902921405493,0.6275134039860145,0.00915379617728439,0.4554497583095005,0.5471319344998021,0.9901960783342946,0.9999999999009902,0.9950980391669069
420,0.001,0.6070639469793865,0.605674401990005,0.002779088503822485,0.7018394937587543,0.6358035913869446,0.6289463171771928,0.013714543397666193,0.45863911745653035,0.5493854287789566,0.9901960783342946,0.9999999999009902,0.9950980391669069
421,0.001,0.6063929178885051,0.6056383124419621,0.0015092151318510463,0.7038343686167908,0.6416510606513304,0.6298506622220955,0.023600767777465722,0.45873031895125904,0.5495074637600647,0.9803921567666283,0.9999999999000001,0.9901960783828335
422,0.001,0.6069231629371643,0.6037813723087311,0.006283580667513888,0.7060439032736398,0.6746464406742769,0.6363197898163515,0.07665330550505542,0.4494348226275881,0.5426429658637033,0.9509803920636294,0.9999999998969072,0.9754901960306132
423,0.001,0.611101936016764,0.6091813987919262,0.00384108788940856,0.7079919316216475,0.6321424538013982,0.627202129831501,0.009880632527318656,0.46207080418877633,0.5518762044036608,0.9901960783342946,0.9999999999009902,0.9950980391669069
424,0.001,0.6099727356008121,0.6084004640579224,0.003144545832973173,0.7017655954228156,0.6354176051476422,0.6307480066430335,0.009339226848062347,0.45892571810760024,0.5497113327147397,0.9901960783342946,0.9999999999009902,0.9950980391669069
425,0.001,0.6075090191193989,0.6050361778054919,0.004945687901844005,0.7017995008055637,0.6414961440890443,0.628167076438081,0.02665812887397467,0.4574602951839705,0.5486340583556403,0.9803921567666283,0.9900990098029605,0.9852941175987601
426,0.001,0.6093539212431226,0.6052343313183103,0.00823918143786224,0.7032341040548434,0.6305192358353559,0.6273474342682782,0.006343625216543966,0.4612395938657068,0.5514175990285292,0.9901960783342946,0.9999999999009902,0.9950980391669069
427,0.001,0.6079686858824321,0.6059349072831017,0.00406754826222563,0.704325609274394,0.6399085942436668,0.6298661325492111,0.02008489292918467,0.45591490661666667,0.5475415246590034,0.9901960783342946,0.9999999999009902,0.9950980391669069
428,0.001,0.6080972158483097,0.6046134265405791,0.006967569719563471,0.7045741700982775,0.6453045834513271,0.6327477839647555,0.02511357177304579,0.4541021527928118,0.5461901069921228,0.9999999999019609,0.9902912620397776,0.9950980391669069
429,0.001,0.6042038585458483,0.6031039229461125,0.0021998580372642857,0.7093360273990433,0.6355818323060578,0.6287379235613579,0.013687802296058805,0.4612581653008205,0.5513215722057945,0.9901960783342946,0.9999999999009902,0.9950980391669069
430,0.001,0.6074496252196175,0.6065589657851628,0.0017813239893647343,0.7092282815470657,0.6305519073617225,0.6281037844863593,0.004896222805494771,0.457729224588114,0.5488062223591922,0.9999999999019609,0.9999999999019609,0.9999999999509803
431,0.001,0.6018167670283999,0.6015154740640095,0.0006025927240053923,0.7095662765982045,0.6299649850994933,0.6260990833534914,0.00773179123872051,0.46527550811360685,0.5542441674374463,0.9999999999019609,0.9999999999019609,0.9999999999509803
432,0.001,0.6011342906526157,0.6008627776588712,0.0005430201901097982,0.7174462664441037,0.6296279184958514,0.6249698248564028,0.00931615806093403,0.4643489083399146,0.5536609162783312,0.9999999999019609,0.9999999999019609,0.9999999999509803
433,0.001,0.601348917399134,0.6011331251689366,0.00043158252213158576,0.7143854584152353,0.6294225039435368,0.6257486080422121,0.007347787255603893,0.4622549791881114,0.5521142602883349,0.9999999999019609,0.9902912620397776,0.9950980391669069
434,0.001,0.6057931376355035,0.6055296872343335,0.0005269146297775608,0.71194719537163,0.6314894370004243,0.6262637774149576,0.010451278813621578,0.4668463465107444,0.5554389709374071,0.9901960783342946,0.9999999999009902,0.9950980391669069
435,0.001,0.6054941011326653,0.6048521037612643,0.0012839952417250191,0.7150630354665996,0.6336548193997028,0.6316441338436276,0.004021393244757372,0.4573478109040419,0.5486654828009441,0.9999999999019609,0.9999999999019609,0.9999999999509803
436,0.001,0.6080823168158531,0.606055637555463,0.004053360889104495,0.7070929112007434,0.6486970904995414,0.6341767632493786,0.02904069016450176,0.45044787983287604,0.5434550178898944,0.9607843136312957,0.9999999998979593,0.9803921568146866
437,0.001,0.608977350805487,0.6059086237634931,0.006137447640607466,0.7023892622416626,0.6472262874537823,0.6373218262896818,0.01980887651078257,0.44655132134603354,0.5405951034935541,0.9803921567666283,0.9999999999000001,0.9901960783828335
438,0.001,0.6118527044142995,0.6093703987342971,0.00496460148756991,0.6988806555952458,0.6404567033636803,0.6345870003980749,0.011739367130669016,0.4504505434936819,0.5436958987438352,0.9999999999019609,0.9902912620397776,0.9950980391669069
439,0.001,0.606512616787638,0.604282545191901,0.0044601329656351095,0.70426521634731,0.6413907642458,0.6302503651263667,0.022280774575169655,0.45836339994631375,0.549209289862834,0.9901960783342946,0.9805825241766425,0.9852941175987601
440,0.001,0.604618927197797,0.6018002022589956,0.0056374652709304685,0.705232861350659,0.6433478108808106,0.6357251294687682,0.015245345366351745,0.4504609332238234,0.5433562004649484,0.9803921567666283,0.9999999999000001,0.9901960783828335
441,0.001,0.6122858673334122,0.6095469402415412,0.005477849615480019,0.7022175299537559,0.6846973790841944,0.6441593994112575,0.08107598056541938,0.4418142096843244,0.5368513573111876,0.9509803920636294,0.9999999998969072,0.9754901960306132
442,0.001,0.6331918665340969,0.6131949403456279,0.03999385500251914,0.6866470645010226,0.7903272784223744,0.6580899708411273,0.26447463868751975,0.4174644661022693,0.5180778371029264,0.970588235198962,0.942857142767347,0.9558823528943194
443,0.001,0.641769311257771,0.6214411428996495,0.0406563334108796,0.6677814209708746,0.6743926984422347,0.6444395044270683,0.05990635355313619,0.44270653308487923,0.537489742215832,0.9803921567666283,0.9999999999000001,0.9901960783828335
444,0.001,0.6280185409954616,0.6174646828855787,0.021107712727306143,0.6698567150864811,0.6582475322134355,0.6368426692252066,0.04280977586612982,0.4441804116489829,0.5388197786559833,0.970588235198962,0.9999999998989899,0.9852941175987601
445,0.001,0.6175020890576499,0.6129956926618304,0.009012796554348565,0.6896847507313613,0.66187750007592,0.6364713317038966,0.05081231103223913,0.44961227872258147,0.5429556030755593,0.9803921567666283,0.9900990098029605,0.9852941175987601
446,0.001,0.611615525824683,0.609306241784777,0.004618560353784622,0.6983818629008292,0.6500471339506262,0.6313136108950073,0.03746704844867482,0.45811511569023866,0.548994899444635,0.970588235198962,0.9899999999010001,0.9803921568146866
447,0.001,0.6078880535704749,0.6067521976573127,0.002271701929982685,0.7011426536081009,0.6397944840730405,0.6290779943559685,0.0214329975492814,0.4582995859010841,0.5491862136070251,0.970588235198962,0.9999999998989899,0.9852941175987601
448,0.001,0.6068276496870177,0.6055810749530792,0.0024931475371496553,0.704765119119794,0.6396174308131722,0.6266229024120405,0.02598906673637091,0.4609023434089998,0.5510979910002234,0.970588235198962,0.9899999999010001,0.9803921568146866
449,0.001,0.6050598695874214,0.6036472874028342,0.002825174569027565,0.7085475757849241,0.658008570764579,0.6266644228907192,0.06268827843607641,0.46290990732895526,0.5523542048663072,0.9607843136312957,0.9999999998979593,0.9803921568146866
450,0.001,0.6029083430767059,0.6018926309687751,0.0020314258719216533,0.7092591896968804,0.6583187983316534,0.6286853218779844,0.059266959189199934,0.45629799273863814,0.547632217070471,0.9607843136312957,0.9999999998979593,0.9803921568146866
451,0.001,0.6089767643383571,0.6060320500816617,0.005889421984777853,0.7047812179778635,0.6552419043054768,0.6289230596785452,0.0526377063463716,0.4562081234523855,0.5474883654538113,0.970588235198962,0.9999999998989899,0.9852941175987601
452,0.001,0.6036623726998057,0.602708318403789,0.0019081072953537972,0.7064818274928232,0.6421582745570763,0.626700142434999,0.030916252995238584,0.4600410893501719,0.5504229019155423,0.9803921567666283,0.9999999999000001,0.9901960783828335
453,0.001,0.6046494266816548,0.6034617232424873,0.0023754016183374915,0.7100265659487721,0.652625128919003,0.6309065468171063,0.043437154781000284,0.4560862278995448,0.5475983590821147,0.9901960783342946,0.9999999999009902,0.9950980391669069
454,0.001,0.6026186283145633,0.5995145929711205,0.006208074708411004,0.7115251981829231,0.643021868724449,0.627147866230385,0.03174803544785462,0.4602780512891204,0.5505868128800884,0.9901960783342946,0.9901960783342946,0.9901960783828335
455,0.001,0.6123843714594841,0.6037849060126713,0.017198924455442466,0.7117970621732876,0.6702041123427597,0.6353476345539093,0.06971294337920114,0.4419103094357358,0.5371862305872871,0.970588235198962,0.9999999998989899,0.9852941175987601
456,0.001,0.6157334010515895,0.6080186718276569,0.015429464791980405,0.7003326407970912,0.6750371935320836,0.6577777582056382,0.03451886473625314,0.4060414604920066,0.5094402793325347,0.9803921567666283,0.9999999999000001,0.9901960783828335
457,0.001,0.6307468967778342,0.616825784955706,0.027842228438073238,0.6773218938438417,0.6864658664254581,0.6452622553881477,0.08240718467562806,0.4406894615196138,0.5358315512239242,0.9509803920636294,0.9999999998969072,0.9754901960306132
458,0.001,0.6216102114745549,0.6120867495025907,0.01904692626495879,0.6907302929362281,0.6487068960479662,0.640002589599759,0.01740859445257514,0.442410346393532,0.5373463458919313,0.9901960783342946,0.9901960783342946,0.9901960783828335
459,0.001,0.6135666455541339,0.6084516878638949,0.010229920265763732,0.6918662700116532,0.6570829281619951,0.6374036599608028,0.039358581398047654,0.4440508065657386,0.538233633801823,0.970588235198962,0.9899999999010001,0.9803921568146866
460,0.001,0.6095949219805854,0.6068745234182903,0.005440798257560735,0.6991547874576846,0.651317369704153,0.6351460405424529,0.03234265293747954,0.44926203089296274,0.5424897539525754,0.9999999999019609,0.9622641508526166,0.9803921568146866
461,0.001,0.6072421371936798,0.6060255340167454,0.002433218141439803,0.6972606233978801,0.6305659460086449,0.6266647361072839,0.007802447632831686,0.4610811661213373,0.5511382116794633,0.9901960783342946,0.9999999999009902,0.9950980391669069
462,0.001,0.6055227709668023,0.6047064023358482,0.001632738093446408,0.7100297746910718,0.6387162687731724,0.6291584547828225,0.01911560222323911,0.4593445048631471,0.5498642543837872,0.9901960783342946,0.9999999999009902,0.9950980391669069
463,0.001,0.6035881478871618,0.6031346938439778,0.0009069068120360109,0.713292672340119,0.6344373600155699,0.6307034276279748,0.007467849326192164,0.4543584640883698,0.5463440128154242,0.9999999999019609,0.9999999999019609,0.9999999999509803
464,0.001,0.6015923906649862,0.6012768777353423,0.0006310284760339917,0.7151645640522795,0.6338937814329185,0.6286644024007461,0.010458757772165187,0.4574673319332443,0.5486298360108924,0.9901960783342946,0.9999999999009902,0.9950980391669069
465,0.001,0.6050897708960942,0.6048093629734856,0.0005608223449858737,0.7137331200077505,0.628420909245809,0.6250772376855215,0.006687372612456481,0.46215985430380496,0.5519481379301072,0.9901960783342946,0.9999999999009902,0.9950980391669069
466,0.001,0.6005948909691402,0.6000570058822632,0.001075771320496902,0.7183772670625184,0.6305746716611526,0.6281300502664903,0.0048892663794058355,0.45544707758170305,0.5471208618561448,0.9999999999019609,0.9902912620397776,0.9950980391669069
467,0.001,0.6018627349819455,0.6014306311096463,0.0008642118523961731,0.7193234888438863,0.630434711189831,0.6259523431460062,0.008964719451671722,0.4614034457629278,0.5514195859774671,0.9901960783342946,0.9999999999009902,0.9950980391669069
468,0.001,0.604782257761274,0.6045321864741189,0.0005001393645735723,0.7162396559172255,0.6284996130887199,0.6258849010748022,0.005229375206445362,0.46039546278509674,0.5507467779894968,0.9999999999019609,0.9999999999019609,0.9999999999509803
469,0.001,0.5988181307911873,0.5980379932693073,0.0015602795371835651,0.723286366463051,0.6312661106679954,0.6248137898304883,0.012904677194241872,0.4627692875360491,0.5524895823923572,0.9999999999019609,0.9902912620397776,0.9950980391669069
470,0.001,0.6043593244893211,0.6006204443318504,0.007477763170235059,0.7197143414524624,0.6354701659258675,0.6308625784574771,0.009215176507246261,0.45020941522823466,0.5432763491364853,0.9901960783342946,0.9999999999009902,0.9950980391669069
471,0.001,0.6092479271548135,0.6068761625460216,0.004743528426583258,0.693355208820369,0.6446301931259679,0.6300037509086085,0.029252844387848004,0.45731869344770487,0.5485004445477162,0.9803921567666283,0.9999999999000001,0.9901960783828335
472,0.001,0.606111541390419,0.6052373328379222,0.0017484172058175318,0.7018905804733956,0.6357404163070753,0.6275377951416314,0.0164052585651185,0.46229369157787253,0.5520019782286012,0.9803921567666283,0.9999999999000001,0.9901960783828335
473,0.001,0.6019403423581805,0.6014180215341705,0.001044635773204001,0.7156019555596799,0.6276021897792816,0.6252525694230023,0.004699221688925344,0.4647352844202486,0.5539936544309333,0.9999999999019609,0.9999999999019609,0.9999999999509803
474,0.001,0.6101265539016042,0.6056486410754067,0.008955808469441504,0.7076968825542066,0.657823920249939,0.6364469861283022,0.042753859477884626,0.4463619637505984,0.5404069685320686,0.9803921567666283,0.9999999999000001,0.9901960783828335
475,0.001,0.6171726009675434,0.6116709347282138,0.011003327057031649,0.6911305198047522,0.6508533487132951,0.6336503741787929,0.034405961048369314,0.45055395932947934,0.5433560836314392,0.970588235198962,0.9999999998989899,0.9852941175987601
476,0.001,0.6089580772178513,0.608093581029347,0.0017289924211841676,0.7032282595424204,0.6297923910851572,0.6278153167051428,0.003954150188969923,0.46127123237823736,0.5513757001842263,0.9999999999019609,0.9999999999019609,0.9999999999509803
477,0.001,0.6055958515831402,0.6049864696604865,0.001218761308077124,0.7143155832853815,0.6275884462337867,0.6265939830564985,0.0019889185250755036,0.4609301895947807,0.5511941248106557,0.9999999999019609,0.9999999999019609,0.9999999999509803
478,0.001,0.6038829173360553,0.602874579174178,0.002016668744805169,0.7153947915994525,0.6314878937076119,0.6271320733369565,0.008711657162719206,0.4585718853400767,0.5493631368596897,0.9901960783342946,0.9999999999009902,0.9950980391669069
479,0.001,0.6024553158453533,0.6021149009466171,0.0006808371542449874,0.7129329121064867,0.630396798545239,0.6276630396936455,0.0054675431228151505,0.45612918307864825,0.5477045141216264,0.9999999999019609,0.9999999999019609,0.9999999999509803
480,0.001,0.5992136129311153,0.5989603655678886,0.00050648676707559,0.7171772147859438,0.6262800529891369,0.6243793339121575,0.0038014667693014237,0.4670365451626135,0.5555676132671119,0.9999999999019609,0.9999999999019609,0.9999999999509803
481,0.001,0.596561638372285,0.5963880526168006,0.0003471592821629851,0.7168877369612966,0.634222713171267,0.6281688599025502,0.012107683802206143,0.46008392771081413,0.5504753262659283,0.9803921567666283,0.9999999999000001,0.9901960783828335
482,0.001,0.5971741867916924,0.5969140561563628,0.0005202660507036074,0.718716306840341,0.6288404412129346,0.6280675810926101,0.001545749458897512,0.46066195012865796,0.5508275762080167,0.9999999999019609,0.9999999999019609,0.9999999999509803
483,0.001,0.6012047742094312,0.6006278725607055,0.0011538094227684528,0.7174855922645321,0.6350614153871349,0.6300615896196926,0.009999676644071644,0.4624431779772305,0.5520722285941645,0.9901960783342946,0.9999999999009902,0.9950980391669069
484,0.001,0.5995188227721623,0.5992255487612316,0.0005865490064544636,0.7191019964030024,0.6268123335698071,0.6245310113710516,0.004562629806790866,0.469032588227575,0.5569904752573306,0.9999999999019609,0.9999999999019609,0.9999999999509803
485,0.001,0.5977515301534108,0.5976028112428529,0.0002974369677498804,0.7220696171250554,0.6278963217548296,0.6263730397411421,0.0030465978928202507,0.46117993887898556,0.5512572496618243,0.9999999999019609,0.9999999999019609,0.9999999999509803
486,0.001,0.5974490578685488,0.5972573203699929,0.0003834779703798371,0.7243459072858192,0.632814532401515,0.6312512644365722,0.0031265469140135775,0.4586705018409025,0.5494845725351167,0.9999999999019609,0.9999999999019609,0.9999999999509803
487,0.001,0.5982326098850795,0.5980772716658456,0.0003106765333151478,0.7255850102456717,0.6301939154372496,0.626342176806693,0.007703468011801734,0.4652933111698052,0.554261447173487,0.9901960783342946,0.9999999999009902,0.9950980391669069
488,0.001,0.5989358467715127,0.5987740669931684,0.00032355682534606397,0.7172725139527311,0.6286643194217308,0.6258535519534466,0.0056215307912697975,0.4619906079395945,0.5519566464473165,0.9999999999019609,0.9999999999019609,0.9999999999509803
489,0.001,0.6012336654322488,0.6011155354125159,0.00023625491381348444,0.7193599349196999,0.6258248920534172,0.6229499695347804,0.005749817316730817,0.4676312865218981,0.5559724201946628,0.9999999999019609,0.9999999999019609,0.9999999999509803
490,0.001,0.5988019566450801,0.5986713703189578,0.0002611804094548071,0.7172646895005647,0.628685474395752,0.6263703049397936,0.004630327188208991,0.4601419101040943,0.550660149525299,0.9999999999019609,0.9999999999019609,0.9999999999509803
491,0.001,0.5975877408470426,0.5974432528018951,0.00028898048679236254,0.7183688237587845,0.6374744071679956,0.6319959788930183,0.010956882663509426,0.4572270581779511,0.548443716408895,0.9901960783342946,0.9999999999009902,0.9950980391669069
492,0.001,0.5969966937388692,0.596849582024983,0.00029423260457406286,0.7313748054944526,0.626221132629058,0.6243631828065012,0.003715850138927207,0.4655218133367321,0.5544915206729453,0.9999999999019609,0.9999999999019609,0.9999999999509803
493,0.001,0.599701172539166,0.5995668811457497,0.00026857422640854826,0.7195909698212042,0.6330137007376727,0.6290693697976131,0.007888685665367282,0.45769327470899657,0.5487374044420585,0.9901960783342946,0.9999999999009902,0.9950980391669069
494,0.001,0.5996574355023248,0.5994912077273641,0.00033245927936929675,0.7235827906348308,0.6304282744725546,0.6255281661071029,0.00980021114296773,0.46336266336501697,0.5528291076881356,0.9901960783342946,0.9999999999009902,0.9950980391669069
495,0.001,0.5963056460022926,0.5961123289806503,0.0003866267140568068,0.7191942818572541,0.6291847649742576,0.6259713307315228,0.0064268286029497785,0.4605800148486769,0.5509632828553245,0.9901960783342946,0.9999999999009902,0.9950980391669069
496,0.001,0.598660911832537,0.5984488587294307,0.00042410580239707736,0.7207557760544637,0.6315418242239484,0.6281793246082231,0.006724987526004221,0.45833883316858887,0.5493917563295495,0.9999999999019609,0.9999999999019609,0.9999999999509803
497,0.001,0.5967682472297123,0.5966269246169499,0.0002826491030905994,0.7243116093943762,0.6317270918219697,0.6277541518211365,0.00794587466938823,0.4634041704511117,0.5528393206144702,0.9901960783342946,0.9999999999009902,0.9950980391669069
498,0.001,0.5997733079961368,0.5994859242013523,0.0005747728035722892,0.7218542488764175,0.6312557353692896,0.6262963291476754,0.009918818031163776,0.46290084035701756,0.5526217460792008,0.9803921567666283,0.9999999999000001,0.9901960783828335
499,0.001,0.5980299402560506,0.5978819546954972,0.00029598449977389203,0.7206677857353964,0.639131217026243,0.6268163118876663,0.024629770394633797,0.4620490718145583,0.5519507654745326,0.9803921567666283,0.9999999999000001,0.9901960783828335
500,0.001,0.596011292721544,0.5958456535424504,0.00033128176567385836,0.7227996276596004,0.6304222269385469,0.6266437453382155,0.007556960552784742,0.4635100155450941,0.5530556627193699,0.9901960783342946,0.9999999999009902,0.9950980391669069
501,0.001,0.6006127766200474,0.6004368322236198,0.0003518977864587214,0.7147351778306091,0.6310324978594687,0.6282521930395388,0.005560606188487773,0.459130909962177,0.5497196741311081,0.9999999999019609,0.9999999999019609,0.9999999999509803
502,0.001,0.5984888513173375,0.5983441535915647,0.00028939678239631964,0.7300755984990718,0.6297420742465001,0.6259023751698288,0.007679415483246832,0.46673811554609596,0.5553616917308161,0.9901960783342946,0.9999999999009902,0.9950980391669069
503,0.001,0.5982035398483276,0.5980427776064191,0.00032153425568789577,0.7208556372270378,0.6312530461479636,0.6270868217243868,0.008332476750308392,0.4604491922259202,0.5508048807163444,0.9901960783342946,0.9999999999009902,0.9950980391669069
504,0.001,0.598556501524789,0.5983848507915225,0.00034328679378502,0.7194655688221782,0.6315142827875474,0.6263564848432354,0.010315600161751112,0.4651441760264508,0.5541278122984867,0.9901960783342946,0.9999999999009902,0.9950980391669069
505,0.001,0.5974923670291901,0.5973095042364938,0.0003657333854789613,0.7323971447361605,0.6273007708437303,0.6259386738141378,0.002724237539166329,0.46295849079140483,0.5525596866019776,0.9999999999019609,0.9999999999019609,0.9999999999509803
506,0.001,0.59783486276865,0.597629043672766,0.0004116429868840247,0.7188681921996929,0.6307904246975394,0.6292052724782158,0.0031702700892792027,0.46124013521394724,0.5513570685475765,0.9999999999019609,0.9999999999019609,0.9999999999509803
507,0.001,0.5979508033820561,0.5977590296949659,0.00038353751161983903,0.7228199810756252,0.628740657193988,0.6265889394517038,0.004303484086823814,0.4618159893482614,0.5517762472734813,0.9999999999019609,0.9999999999019609,0.9999999999509803
508,0.001,0.5959923554744039,0.5958043411374092,0.00037602965468457635,0.7282895110865528,0.6318121476500642,0.6306116253721947,0.002400998701797981,0.4531288145358096,0.5454860259542915,0.9999999999019609,0.9999999999019609,0.9999999999509803
509,0.001,0.5946354472211429,0.5944554550307137,0.00035999141618958674,0.7275392154657384,0.6391089202142229,0.6298834155587589,0.018451034182719157,0.4570970272788858,0.5482507520431544,0.9803921567666283,0.9999999999000001,0.9901960783828335
510,0.001,0.5976028186934335,0.5974598101207188,0.00028601750766808564,0.7219108207889186,0.6294274978777942,0.6272985870931663,0.004257833096655268,0.46172991652450823,0.5516692705500751,0.9999999999019609,0.9999999999019609,0.9999999999509803
511,0.001,0.5972251242824963,0.5970351504428046,0.0003799462015844516,0.7235970481050205,0.6315392366811341,0.6308611000285429,0.0013562642293525678,0.45749399650859984,0.5486986255866103,0.9999999999019609,0.9999999999019609,0.9999999999509803
512,0.001,0.5976681741220611,0.5974931333746228,0.0003500738547310383,0.7220996640389158,0.6307141973691828,0.6285308412477082,0.004366744218357638,0.46107803251386803,0.5512745415378699,0.9999999999019609,0.9999999999019609,0.9999999999509803
513,0.001,0.5983881184032985,0.5982005042689187,0.00037522849509384414,0.7222572168051347,0.6330991983413696,0.6314903865842258,0.0032176107291460912,0.45979206057706135,0.5503793772178812,0.9999999999019609,0.9999999999019609,0.9999999999509803
514,0.001,0.5998805857130459,0.5995235613414219,0.0007140423585951794,0.7150235991289163,0.6347196709875967,0.6286376884170607,0.012163935685712918,0.46204555061240055,0.551940782675484,0.9803921567666283,0.9999999999000001,0.9901960783828335
515,0.001,0.5978157349995205,0.5975992530584335,0.00043295825733886365,0.7228501661737852,0.6356722110626745,0.6321790119012197,0.006986375222457391,0.45744279872022586,0.5487180010752402,0.9901960783342946,0.9999999999009902,0.9950980391669069
516,0.001,0.6003398043768746,0.6001930417759078,0.0002935263912929388,0.7189215730356793,0.633750742557002,0.6298792958259583,0.007742896000398141,0.45960618170091155,0.5501713070909452,0.9901960783342946,0.9999999999009902,0.9950980391669069
517,0.001,0.6014987496393067,0.6013455039688519,0.0003064984856402069,0.7200522772208585,0.6323713835547952,0.6294082257093168,0.0059263267663910105,0.46397233163143886,0.5532391304384445,0.9901960783342946,0.9999999999009902,0.9950980391669069
518,0.001,0.6005744018724987,0.6001775413751602,0.0007937281123823985,0.7225763391800587,0.6540356775124868,0.6338550156238032,0.04036133831330374,0.4549297640601456,0.5465135852813355,0.9901960783342946,0.9901960783342946,0.9901960783828335
519,0.001,0.598205206649644,0.5979474463633129,0.000515519557926122,0.7255330326448527,0.6327553818038866,0.6278476481344185,0.009815509321496767,0.46322954466327726,0.5527584580115604,0.9901960783342946,0.9999999999009902,0.9950980391669069
520,0.001,0.5994980058499745,0.5993342644401959,0.0003274744865068767,0.7183322266330295,0.63950109890863,0.6344563744816125,0.010089439540809276,0.4565037217829147,0.5479583332989172,0.9901960783342946,0.9999999999009902,0.9950980391669069
521,0.001,0.6009471480335508,0.6007815578154155,0.0003311841379140138,0.7243401375388442,0.638485697554607,0.6299582737333634,0.017054874892803093,0.45699026945857507,0.5482530355106523,0.9901960783342946,0.9999999999009902,0.9950980391669069
522,0.001,0.5948456940906388,0.5947012060454914,0.00028897251156325055,0.7371005319526454,0.6435443782338909,0.6282725632190704,0.030543658188452907,0.4630340704356612,0.5526862909433384,0.9901960783342946,0.9999999999009902,0.9950980391669069
523,0.001,0.597307810825961,0.5972054792301995,0.00020466054099545415,0.7285256895802774,0.6410955798392203,0.632953490112342,0.016284180823348315,0.4581725415869469,0.5489640576744791,0.9803921567666283,0.9999999999000001,0.9901960783828335
524,0.001,0.5992733272058623,0.5990367616925921,0.00047311811223542985,0.7200127343989101,0.6386418015349145,0.6291384469060337,0.01900672761942534,0.4621812592392811,0.5520494182516319,0.9803921567666283,0.9999999999000001,0.9901960783828335
525,0.001,0.6004124752112797,0.6002692612154144,0.00028642196697806606,0.7191560646153787,0.6316827675875496,0.6294015084995943,0.004562544143375228,0.4606254785115331,0.5509454819379321,0.9999999999019609,0.9999999999019609,0.9999999999509803
526,0.001,0.6020735023277146,0.601878400359835,0.00039021612558696816,0.7159702676796355,0.6331856285824495,0.6283044102145177,0.009762404468275752,0.4612051720251631,0.5513466377884129,0.9803921567666283,0.9999999999000001,0.9901960783828335
527,0.001,0.5956933423876762,0.5955257649932589,0.0003351473745039714,0.725583395668237,0.6341745397623848,0.6286504812100354,0.011048154832393514,0.46180858223059745,0.5518766395841825,0.9901960783342946,0.9999999999009902,0.9950980391669069
528,0.001,0.598404409629958,0.5981387623718807,0.0005312957611230169,0.7275599334140981,0.6456965213897181,0.6299438330472684,0.031505336544439926,0.4593373230817036,0.5500437798156108,0.9803921567666283,0.9999999999000001,0.9901960783828335
529,0.001,0.6154502257704735,0.6053815888507026,0.020137266479391007,0.7106383707441338,0.7217723002620772,0.6575682315171933,0.1284081290559341,0.4360383846501674,0.5323276745313155,0.9803921567666283,0.9345794391649926,0.9558823528943194
530,0.001,0.6586012520960399,0.6305906410728183,0.056021213003467504,0.6356455963925994,0.8289618351880241,0.706315664099712,0.2452923059463501,0.3555262274312226,0.4677872244636664,0.8431372548193004,0.999999999883721,0.9215686274058055
531,0.001,0.6857448198965618,0.6488715346370425,0.07374657122584592,0.6131690589412386,0.6954684719151142,0.6596642791056165,0.07160841133080277,0.4223907879180737,0.5221322764277103,0.9901960783342946,0.961904761813152,0.9754901960306132
532,0.001,0.6813699368919645,0.6420243339879173,0.07869119770891432,0.6124814746944428,0.741337097158619,0.6502350522022621,0.182204096048486,0.4312197148793771,0.5289141999560566,0.9803921567666283,0.9259259258401921,0.950980392110246
533,0.001,0.6437724339110511,0.6288117063896996,0.02992145695939793,0.6539316993479346,0.671989752965815,0.6355911978319579,0.07279706777498017,0.4497730211692469,0.5429627601812187,0.9999999999019609,0.9622641508526166,0.9803921568146866
534,0.001,0.6202828479664666,0.6165961346455983,0.007373428302733893,0.6808764993150728,0.6381209843298968,0.626966724208757,0.022308500520154543,0.46161612491275233,0.5516656379797611,0.9803921567666283,0.9900990098029605,0.9852941175987601
535,0.001,0.617325239947864,0.6108131408691406,0.013024203520866908,0.6863036163806134,0.6678643933698243,0.6349330182168998,0.06586270846937801,0.4446809004006075,0.5393718618597838,0.9901960783342946,0.9711538460604661,0.9803921568146866
536,0.001,0.6132294024739947,0.60804483294487,0.010369151547950293,0.6951641870798587,0.648713269070083,0.6259356737136841,0.04555520093908497,0.4666964091728646,0.5551941258594746,0.9607843136312957,0.9999999998979593,0.9803921568146866
537,0.001,0.6088786806379046,0.6071704775094986,0.003416402706144644,0.7009784976943081,0.6444279621629154,0.6301482734726924,0.028559357804410598,0.4554387970925932,0.5472293317437122,0.970588235198962,0.9899999999010001,0.9803921568146866
538,0.001,0.6095441249864442,0.6043837943247387,0.010320662001114604,0.7105138321014651,0.6353728701086605,0.6260925437889847,0.018560648402746988,0.4655012695935995,0.5544013703746654,0.9901960783342946,0.9805825241766425,0.9852941175987601
539,0.001,0.6042758215750966,0.6031127518841198,0.0023261463200989446,0.7099770889729996,0.6427068026626811,0.6245600639605055,0.03629349990218293,0.4667910055467009,0.5553025544009177,0.970588235198962,0.9999999998989899,0.9852941175987601
540,0.001,0.6035675278731755,0.6027001014777592,0.001734843223467968,0.714093122688863,0.637196394742704,0.6252260050352882,0.02394074925641511,0.4623710148181552,0.5521567201923603,0.9999999999019609,0.9714285713360544,0.9852941175987601
541,0.001,0.6005656868219376,0.5984262930495399,0.004278783469219759,0.7160488984365969,0.6335167604334214,0.6278048519994698,0.011423796451851433,0.46336118039864854,0.5528957074322706,0.9901960783342946,0.9999999999009902,0.9950980391669069
542,0.001,0.6019316911697388,0.6005802026816777,0.0027029773258878515,0.7145726086316738,0.6319937869614246,0.6256384235971114,0.012710710275260842,0.465079943828663,0.5542116086671627,0.9999999999019609,0.980769230674926,0.9901960783828335
543,0.001,0.5996075017111642,0.5989949767078672,0.0012250508817877354,0.7192775055068299,0.6325552481062272,0.6270328269285315,0.011044854480846255,0.46361691945047256,0.5530691494341615,0.9999999999019609,0.9902912620397776,0.9950980391669069
544,0.001,0.5954516987715449,0.594795218535832,0.0013129658197742952,0.7215531478049642,0.6292663023752325,0.6251706831595477,0.008191195115739224,0.4670105620717897,0.5555617844094046,0.9901960783342946,0.9999999999009902,0.9950980391669069
545,0.001,0.5956107697316578,0.5952807909676007,0.0006599575935979374,0.7259647454058559,0.6328519027607113,0.6268176126713846,0.012068584342213237,0.460601806257126,0.5509913688932478,0.9901960783342946,0.9999999999009902,0.9950980391669069
546,0.001,0.5971125449453082,0.5967237363968577,0.0007776055993287757,0.7306425438522568,0.6321304645024094,0.6275839349802803,0.009093077195917858,0.46380643627429974,0.5531323726560468,0.9901960783342946,0.9999999999009902,0.9950980391669069
547,0.001,0.5988518616982869,0.5979392060211727,0.0018253108033344948,0.723812723255575,0.6337141359553617,0.6275052030881246,0.012417861333518637,0.46003286578204555,0.5505551660012272,0.9901960783342946,0.9901960783342946,0.9901960783828335
548,0.001,0.5986285039356777,0.5981005217347827,0.0010559707490236697,0.7158554949320105,0.6448607316204146,0.6266056299209595,0.03651021945965933,0.46170586234612854,0.5517412427292009,0.9999999999019609,0.9902912620397776,0.9950980391669069
549,0.001,0.6010668777993747,0.6004725162472043,0.0011887213513546158,0.7208587187729089,0.646218525428398,0.6277035877985113,0.037029859774252945,0.46115521809293314,0.551355002572311,0.970588235198962,0.9999999998989899,0.9852941175987601
550,0.001,0.5985706491129739,0.5982367843389511,0.0006677340336734362,0.7201429295506351,0.6336738998983421,0.6251283995076722,0.017091020795644497,0.46560205222000256,0.5545194681809799,0.9803921567666283,0.9900990098029605,0.9852941175987601
551,0.001,0.6040689242737634,0.6037591525486538,0.0006195211218645065,0.7158634412000631,0.6351332816423154,0.6271065952731114,0.016053344524812465,0.46241063280966954,0.5521479551721911,0.9999999999019609,0.9902912620397776,0.9950980391669069
552,0.001,0.599140099116734,0.5989493472235543,0.0003815062652522881,0.7222887134174558,0.6305955274432313,0.6262128259621415,0.008765401884767354,0.46605031126431695,0.554871582008376,0.9901960783342946,0.9999999999009902,0.9950980391669069
553,0.001,0.5974434592894146,0.5972231498786381,0.0004406226835271809,0.7275771157482469,0.6367362655845343,0.6290476041681626,0.015377326046719271,0.46034781496619764,0.5507629615542391,0.9999999999019609,0.9902912620397776,0.9950980391669069
554,0.001,0.5967690880809512,0.5965428160769599,0.00045255233895399475,0.7218752950388906,0.6331327090076372,0.6271175093510571,0.012030421336199724,0.4611400766374231,0.551293846213412,0.9999999999019609,0.9902912620397776,0.9950980391669069
555,0.001,0.5967085467917579,0.5964545075382505,0.0005080702017689223,0.7266046534054089,0.6307710584472207,0.6252533600610846,0.01103536127244725,0.46845529837436073,0.5565541831103182,0.9901960783342946,0.9901960783342946,0.9901960783828335
556,0.001,0.5981731957622937,0.597969549042838,0.00040728701579999845,0.7185726797946792,0.632455988257539,0.6268573613727794,0.01119729058415282,0.46050281543092997,0.5508515971190427,0.9901960783342946,0.9999999999009902,0.9950980391669069
557,0.001,0.5948713570833206,0.594694801739284,0.0003531156468982642,0.731157334585529,0.6298980146062141,0.6264158750281614,0.006964273422079927,0.46586736434292564,0.5547408682856019,0.9901960783342946,0.9999999999009902,0.9950980391669069
558,0.001,0.5959508546761104,0.5957879147359303,0.00032589610028870605,0.7278597125896935,0.6340717369434881,0.6286781512054742,0.010787178360510106,0.4582593657924901,0.5493826578970701,0.9901960783342946,0.9999999999009902,0.9950980391669069
559,0.001,0.598733418754169,0.5984646209648677,0.0005376015402102244,0.7306076777798142,0.6309658312330059,0.6271899757432002,0.007551724045519151,0.4604952152956822,0.5509347024118298,0.9901960783342946,0.9999999999009902,0.9950980391669069
560,0.001,0.5959573686122894,0.5957579804318291,0.00039878566557100773,0.7303488784408131,0.6319063206513723,0.624394078465069,0.015024487805717131,0.46582793247115195,0.5546418549720661,0.9901960783342946,0.9999999999009902,0.9950980391669069
561,0.001,0.5958667706165995,0.5956712886691093,0.00039095896006204257,0.728779529947247,0.6316243585418252,0.6276189947829527,0.00801072561857747,0.46306820832168194,0.5526900007901926,0.9901960783342946,0.9999999999009902,0.9950980391669069
562,0.001,0.5929755110825811,0.5927996784448624,0.00035165882374193255,0.7337839802493066,0.6286517282327017,0.6243633569455614,0.00857673495021813,0.46698263825771086,0.5555079031513414,0.9901960783342946,0.9999999999009902,0.9950980391669069
563,0.001,0.5955341181584767,0.5953307832990374,0.0004066647740858441,0.7281528436142973,0.6357020683148328,0.6288603158558116,0.013683468578200714,0.46379526113755287,0.5532570060664831,0.9901960783342946,0.9999999999009902,0.9950980391669069
564,0.001,0.5967909651143211,0.5966392787439483,0.00030336668013270743,0.7288239501281314,0.6357836466209561,0.6307217104762208,0.010123884597537564,0.4574442375486449,0.5484970817843454,0.9901960783342946,0.9999999999009902,0.9950980391669069
565,0.001,0.594346539250442,0.5940391187156949,0.0006148429427932049,0.7211837480039841,0.6294918381700328,0.6260996659596761,0.006784304410365282,0.4660248332103743,0.5547541018781234,0.9999999999019609,0.9999999999019609,0.9999999999509803
566,0.001,0.5946000857012612,0.5943865211946624,0.0004271331867390212,0.7247625729105579,0.6322069688170564,0.626533656728034,0.01134667372075366,0.4666477182399042,0.5552195706400224,0.9901960783342946,0.9999999999009902,0.9950980391669069
567,0.001,0.5982752633946282,0.598137728869915,0.0002750735846867818,0.7264023605487363,0.6321529751899195,0.6277166651744469,0.00887261925027797,0.46451665565932876,0.5536428205557143,0.9901960783342946,0.9999999999009902,0.9950980391669069
568,0.001,0.5948797102485385,0.5946845646415438,0.0003902806347468868,0.7322801843464395,0.6316324308806774,0.6272174534844417,0.008829914480812993,0.4610245207148545,0.5511851602785358,0.9901960783342946,0.9999999999009902,0.9950980391669069
569,0.001,0.5937438639146941,0.5935596472450665,0.00036844170764587555,0.7319637761025188,0.6308378472047693,0.6267347657213024,0.008206180716846503,0.46426959870743545,0.5534511245393707,0.9901960783342946,0.9999999999009902,0.9950980391669069
570,0.001,0.5967403288398471,0.5965712070465088,0.0003382421468164206,0.7326349002210586,0.6349982350480323,0.629000360474867,0.011995757126486768,0.45633635441050896,0.5478580361320377,0.9901960783342946,0.9999999999009902,0.9950980391669069
571,0.001,0.5934895638908658,0.5933231062122754,0.00033290898292242285,0.7264350001895625,0.6336670132244334,0.63098049455998,0.005372988694694405,0.4587279866183881,0.5494682765871527,0.9999999999019609,0.9999999999019609,0.9999999999509803
572,0.001,0.5967182016798428,0.5965624142970357,0.0003115742034164474,0.7284730263077529,0.6403714137918809,0.6271354117814232,0.02647203364062543,0.46367588821721656,0.5531938764639234,0.970588235198962,0.9999999998989899,0.9852941175987601
573,0.001,0.5949722613607135,0.5947818905115128,0.0003807489577281688,0.7309163219867811,0.633675767510545,0.6263740997688443,0.014603322152705753,0.4635410239130468,0.5530656494292622,0.9803921567666283,0.9999999999000001,0.9901960783828335
574,0.001,0.5984006438936506,0.5982183792761394,0.00036452872544552,0.7297994135198219,0.6308574542111042,0.6271640903809491,0.0073867019667637115,0.46692167100909565,0.5554463985235213,0.9901960783342946,0.9999999999009902,0.9950980391669069
575,0.001,0.5986061553869929,0.5984527096152306,0.00030689453719138067,0.7253901864274246,0.6288854807030921,0.6259743875148249,0.005822141088691412,0.46358806055232143,0.5531717331341235,0.9901960783342946,0.9999999999009902,0.9950980391669069
576,0.001,0.5913787707686424,0.5911458060145378,0.00046592776587723553,0.737177462761274,0.6283710686599507,0.6255733195473167,0.005595508205028726,0.4633068103226296,0.552864658469875,0.9999999999019609,0.9999999999019609,0.9999999999509803
577,0.001,0.5903610448752131,0.5901815295219421,0.000359039766148531,0.7403837315609445,0.6322800435271918,0.6274183398368312,0.009723421295776087,0.46086538331946786,0.5512311986551202,0.9901960783342946,0.9999999999009902,0.9950980391669069
578,0.001,0.597783122743879,0.5976311426077571,0.0003039655187291958,0.7269865554581243,0.6341983202625724,0.6293776391767988,0.00964138563722372,0.4625559536388043,0.552258303857452,0.9901960783342946,0.9999999999009902,0.9950980391669069
579,0.001,0.5979679503611156,0.5977366077048438,0.0004626845480483358,0.7250931704772462,0.6299367324978697,0.6281193395455679,0.003634808932011034,0.46355014283980467,0.5531246630475525,0.9999999999019609,0.9999999999019609,0.9999999999509803
580,0.001,0.5967462712100574,0.5966028443404606,0.00028684982992542373,0.7268278531692128,0.6327400254268273,0.6303455286166247,0.004788974930039223,0.46063379559508877,0.550981493028701,0.9999999999019609,0.9999999999019609,0.9999999999509803
581,0.001,0.5986567980476788,0.5984970522778374,0.0003194925188186711,0.7280078495772322,0.6347121350905475,0.6315979601121416,0.006228320373623979,0.45936869004657765,0.5501147589543216,0.9901960783342946,0.9999999999009902,0.9950980391669069
582,0.001,0.5960999631455967,0.5959019809961319,0.0003959661605352137,0.7299431531101049,0.633081361359241,0.6294496824928358,0.0072633311444637826,0.46459031532783585,0.5537583833773859,0.9901960783342946,0.9999999999009902,0.9950980391669069
583,0.001,0.5957434603146144,0.5955228124346051,0.00044128638676608844,0.7318230466704492,0.6321875388715782,0.6285028895911049,0.007369291658202807,0.4605240581442836,0.5509921127698518,0.9901960783342946,0.9999999999009902,0.9950980391669069
584,0.001,0.5969513058662415,0.5967985476766314,0.00030550477731594583,0.7242664914078458,0.6279436682953554,0.6250958033636504,0.005695696847111571,0.4666469009326462,0.5552685435225777,0.9999999999019609,0.9999999999019609,0.9999999999509803
585,0.001,0.595850984965052,0.5957088523677417,0.0002842617154133872,0.7297310606886552,0.6349350038696738,0.6306029190035427,0.008664168417453766,0.4587307066694985,0.5495151235424639,0.9901960783342946,0.9999999999009902,0.9950980391669069
586,0.001,0.5953210358108793,0.5951826189245496,0.00027682064007551944,0.7303360080829231,0.6384379530654234,0.631451294702642,0.013973328814494843,0.4597801283257927,0.5502366843417918,0.9901960783342946,0.9999999999009902,0.9950980391669069
587,0.001,0.5954465610640389,0.5953103346484048,0.00027245914913822034,0.7298075256118439,0.6317446950603934,0.6277779960164837,0.007933404260114128,0.46176938795624956,0.5517113298444,0.9901960783342946,0.9999999999009902,0.9950980391669069
588,0.001,0.5962498954364231,0.5961305626801082,0.00023866408134511272,0.7296063835104569,0.629163945422453,0.6265950138662376,0.005137885537217645,0.46327548075071034,0.5528711422902751,0.9901960783342946,0.9999999999009902,0.9950980391669069
589,0.001,0.5943007671407291,0.5941573956183025,0.00028674401593369633,0.7244926065453069,0.6422086737903894,0.6359080719012841,0.012601166050515923,0.45044544615849913,0.5435381682360275,0.9901960783342946,0.9999999999009902,0.9950980391669069
590,0.001,0.5949005271707263,0.5947775819471904,0.0002458841073738378,0.7280280405960886,0.6303228402838987,0.6281849952305064,0.004275711088934366,0.4621038450565398,0.5520677164776232,0.9999999999019609,0.9999999999019609,0.9999999999509803
591,0.001,0.594974656190191,0.5947882064751217,0.0003729095055210304,0.733516820805763,0.6456809084789426,0.6334696733484081,0.024422469421052466,0.45289053118497463,0.5454029148621126,0.9803921567666283,0.9999999999000001,0.9901960783828335
592,0.001,0.596387824841908,0.5962334275245667,0.0003087954480309106,0.7286685555001268,0.6398640275001526,0.6362345510838079,0.007258953252697692,0.4517558833119691,0.5444777063657907,0.9901960783342946,0.9999999999009902,0.9950980391669069
593,0.001,0.5961132603032249,0.5959191492625645,0.0003882237391995399,0.7276055495073511,0.6407140429113426,0.6299278069944942,0.0215724493723874,0.45651389418763433,0.5478771951294972,0.9803921567666283,0.9999999999000001,0.9901960783828335
594,0.001,0.5975408660514014,0.597332300884383,0.0004171303491083173,0.723144063749998,0.6374035179615021,0.6325692803251977,0.00966848922418613,0.4510906138826861,0.5440716506860199,0.9901960783342946,0.9999999999009902,0.9950980391669069
595,0.001,0.5966415320123944,0.5965108765023095,0.00026129874459002167,0.7319550711823636,0.6356973016963285,0.6262790484755647,0.018836503665821226,0.46369693111732385,0.5532070864479277,0.9803921567666283,0.9999999999000001,0.9901960783828335
596,0.001,0.5938904210925102,0.5937804515872683,0.00021993437985656783,0.7343606859140223,0.6310120108080846,0.6275853795163772,0.006853287948258952,0.46116942505870073,0.5514594871041752,0.9901960783342946,0.9999999999009902,0.9950980391669069
597,0.001,0.5940207072666713,0.5938635000160762,0.0003144155500974323,0.7312841572865322,0.6360788520644692,0.6324154682019177,0.007326783356713313,0.45722532924726567,0.5485358456969768,0.9901960783342946,0.9999999999009902,0.9950980391669069
598,0.001,0.5932873232024056,0.5930160901376179,0.0005424661124249854,0.7303242680631977,0.6337352272342233,0.6318105716331333,0.0038492947328360935,0.46061979178254603,0.5509703807393387,0.9999999999019609,0.9999999999019609,0.9999999999509803
599,0.001,0.6070278031485421,0.6019316230501447,0.010192371334207044,0.7180230855822705,0.6609663343897053,0.6468868886723238,0.028158886905978706,0.4315946259747288,0.5296998700151089,0.9803921567666283,0.9900990098029605,0.9852941175987601
600,0.001,0.6704334276063102,0.6232570729085377,0.09435271258865084,0.6611373550378025,0.7238592300929275,0.6712266662541557,0.10526516069384183,0.39166054627289887,0.49789284522954486,0.9607843136312957,0.9423076922170859,0.950980392110246
601,0.001,0.6420475223234722,0.6280378209693092,0.028019394126853774,0.6475022836390797,0.6537606897307378,0.6373376139238769,0.03284619807028303,0.43766833801965777,0.5333581866668944,0.9607843136312957,0.9999999998979593,0.9803921568146866
602,0.001,0.6228735361780439,0.6144087527479444,0.016929570868212198,0.6825276714846955,0.6392960115975025,0.6349919450049307,0.008608165423057097,0.4486679431497424,0.5421592404305865,0.9999999999019609,0.9999999999019609,0.9999999999509803
603,0.001,0.6155471120561872,0.6101531258651188,0.010787978486665193,0.6946932576674446,0.6387485949432149,0.6296709927858091,0.018155218608786956,0.4573401710116131,0.5484457892520124,0.9901960783342946,0.9901960783342946,0.9901960783828335
604,0.001,0.618019815002169,0.6086636441094535,0.018712334430477182,0.6968684232081241,0.6481927498882892,0.6382692929576425,0.019846925247168423,0.439361638297727,0.5353641869037227,0.9999999999019609,0.9902912620397776,0.9950980391669069
605,0.001,0.6130695108856473,0.6057168287890298,0.014705369026549826,0.6985216179486718,0.6551915021503673,0.6355892092573876,0.03920454402253324,0.4479883836993163,0.541652649441396,0.970588235198962,0.9999999998989899,0.9852941175987601
606,0.001,0.6296404536281314,0.6087017357349396,0.041877429761890586,0.6890271976584076,0.7768275924757415,0.6525699490425634,0.24851532583581468,0.42239895850104237,0.5225856015618353,0.8725490195222991,0.9999999998876405,0.9362745097580257
607,0.001,0.6374891549348831,0.6181159008826528,0.0387465143742572,0.6790082950246551,0.6764845953268164,0.6428486324992835,0.06727193144387474,0.44456649463701803,0.5391656226521503,0.9901960783342946,0.9805825241766425,0.9852941175987601
608,0.001,0.6091210831488881,0.6059662987078939,0.006309565462288447,0.7007450688225546,0.6442920746756535,0.6267965628820307,0.034991033010038676,0.4621913091405839,0.5520490364428695,0.9901960783342946,0.9999999999009902,0.9950980391669069
609,0.001,0.6053784425769534,0.6009611636400223,0.008834565839996296,0.7130724077415109,0.7117616271271425,0.6317337412460178,0.1600558016330515,0.4578587000465045,0.5489285820542215,0.9901960783342946,0.878260869488847,0.9264705881898788
610,0.001,0.6067909789936883,0.6041167719023568,0.0053484205460076085,0.7105282326359073,0.6445517014054691,0.6312103318233117,0.026682776892009902,0.45530078856562506,0.5470974106819629,0.9901960783342946,0.9901960783342946,0.9901960783828335
611,0.001,0.6041214359658105,0.6021640620061329,0.003914740644956639,0.7157059503466202,0.6398336805549323,0.6287475204935261,0.022172323555922975,0.4591743065851289,0.5498193389670349,0.9901960783342946,0.9999999999009902,0.9950980391669069
612,0.001,0.5954146555491856,0.5949120340602738,0.0010052356727620853,0.7236664310978304,0.6398263503523434,0.6284067496365192,0.022839223783390195,0.4632133466548748,0.5527937405120297,0.9901960783342946,0.9999999999009902,0.9950980391669069
613,0.001,0.5968720593622753,0.5962545041527066,0.0012351100906796222,0.724206703749167,0.6381852498241499,0.62502580705811,0.026318898753208274,0.4640237718254805,0.5533685117490541,0.9901960783342946,0.9999999999009902,0.9950980391669069
614,0.001,0.5954760515264103,0.5950293402586665,0.0008934168805093837,0.7320452745658594,0.6325763177637961,0.6269258979488822,0.011300816693726708,0.4622884945369232,0.5521647336993739,0.9901960783342946,0.9999999999009902,0.9950980391669069
615,0.001,0.5992520345108849,0.5989099357809339,0.000684194032146479,0.7322087678286407,0.6444893175480413,0.6309519854246401,0.027074694633483887,0.4567535710911399,0.5482252926894359,0.970588235198962,0.9999999998989899,0.9852941175987601
616,0.001,0.6005046772105354,0.5976822525262833,0.005644844388111129,0.7229447928451792,0.6460361562523187,0.6314545349747527,0.02916323376235132,0.4551678204882358,0.5468263968508659,0.9803921567666283,0.9999999999000001,0.9901960783828335
617,0.001,0.6040836232049125,0.6007074075085777,0.006752427234979612,0.7127124375370119,0.6520455649086073,0.630789154884862,0.04251277580510313,0.4555382151953666,0.546950382836648,0.9901960783342946,0.9901960783342946,0.9901960783828335
618,0.001,0.6063349757875715,0.6025256982871464,0.007618561606380224,0.7143062477564729,0.6397178032818962,0.6289501014877769,0.021535396502882827,0.4569616147625206,0.5482413820134593,0.9901960783342946,0.9999999999009902,0.9950980391669069
619,0.001,0.6006214565464428,0.5994315679584231,0.002379773964223984,0.7252162151521259,0.6312123151386485,0.6298584102415571,0.002707837021672258,0.45866683808563347,0.5495821370348049,0.9999999999019609,0.9999999999019609,0.9999999999509803
620,0.001,0.597894413130624,0.5974449494055339,0.0008989391862996854,0.7234440314291142,0.6350907227572273,0.6306983098095539,0.008784821001338023,0.4580727074389086,0.5490308892752748,0.9999999999019609,0.9999999999019609,0.9999999999509803
621,0.001,0.601697957941464,0.5987697137253625,0.005856486698706119,0.7172422996370681,0.6763200783262066,0.6339031078067481,0.08483391474275027,0.4518800075723234,0.5444773667766928,0.9607843136312957,0.9898989897990002,0.9754901960306132
622,0.001,0.5973709992000035,0.5966106589351382,0.0015206795173331297,0.7239195372786967,0.6544302269524219,0.6292182902495066,0.050423878080704636,0.4612755346323415,0.551499731934634,0.970588235198962,0.9999999998989899,0.9852941175987601
623,0.001,0.5966513050454003,0.5961863398551941,0.0009299299630843702,0.727173418403804,0.6348674250584022,0.6233433543467054,0.02304811761075375,0.4664210245265754,0.5551209979942507,0.9803921567666283,0.9900990098029605,0.9852941175987601
624,0.001,0.6002856173685619,0.5999971777200699,0.000576870956917576,0.7255792191700803,0.6400967824692819,0.6286230788511389,0.022947429734117845,0.45648933349096704,0.5479477052697009,0.9901960783342946,0.9901960783342946,0.9901960783828335
625,0.001,0.5947695108396667,0.5944995092494147,0.0005400112440838711,0.7384270937596099,0.6278228958447775,0.6234124858005374,0.00882080080462437,0.4645487451598671,0.553741594858021,0.9999999999019609,0.9999999999019609,0.9999999999509803
626,0.001,0.5923910002623286,0.5922168674213546,0.00034825567958510613,0.7480422236317136,0.6316901007119347,0.6244532138693566,0.014473754255210651,0.46654380934360057,0.555295799279166,0.9901960783342946,0.9999999999009902,0.9950980391669069
627,0.001,0.5956387328250068,0.5954190279756274,0.00043940302254798425,0.7295430444182436,0.6314779239542344,0.6259621925213757,0.011031448695005155,0.46570459134275005,0.5545713192537425,0.9901960783342946,0.9999999999009902,0.9950980391669069
628,0.001,0.5945936931031091,0.5943539994103568,0.00047938637544575613,0.734570169713922,0.6408253931531719,0.6325240719552133,0.016602644660309248,0.45710567079895426,0.5483535394880701,0.9901960783342946,0.9901960783342946,0.9901960783828335
629,0.001,0.5952843363795962,0.5951080535139356,0.00035256855932987364,0.7283717020942025,0.6353638253959955,0.6278916708394593,0.014944278726390764,0.46182737165939974,0.5518753777784127,0.9901960783342946,0.9999999999009902,0.9950980391669069
630,0.001,0.5950590414660317,0.5948863582951682,0.0003453664360547139,0.7283402803802949,0.6281529799395916,0.6266614981726104,0.0029829926240970105,0.46467387004504124,0.5538211379906147,0.9999999999019609,0.9999999999019609,0.9999999999509803
631,0.001,0.5987464040517807,0.5985321679285595,0.00042848051556835083,0.728461010164653,0.6331178709572437,0.629253543475095,0.007728639296164699,0.4591553907499484,0.550001461464567,0.9999999999019609,0.9999999999019609,0.9999999999509803
632,0.001,0.592265496296542,0.5920566810028893,0.0004176370665455969,0.7366978553688116,0.6357875729308409,0.626063687544243,0.01944772008002973,0.466220331798848,0.554964970417558,0.9803921567666283,0.9999999999000001,0.9901960783828335
633,0.001,0.591421090066433,0.5912178456783295,0.0004064826636230074,0.7321638064617936,0.6359713451535094,0.6273555206317528,0.017231630070098473,0.4625840633711959,0.5524443758399652,0.9803921567666283,0.9900990098029605,0.9852941175987601
634,0.001,0.5939643851348332,0.5937425025871822,0.00044375009903368276,0.7318646335381429,0.6334034660283256,0.6295522130003163,0.007702539510586683,0.46027547848489647,0.550579576339422,0.9999999999019609,0.9999999999019609,0.9999999999509803
635,0.001,0.5961346477270126,0.5959830369268145,0.0003032138010894414,0.7331823326502509,0.6385472644777859,0.6338215686526953,0.00945137061324774,0.4523705560965227,0.5449863702219895,0.9901960783342946,0.9999999999009902,0.9950980391669069
636,0.001,0.5924490030322757,0.5919750556349754,0.0009479007426957001,0.7328102576846909,0.6291639126983344,0.627080384422751,0.0041670698088173775,0.4623269425596686,0.5521255662971776,0.9999999999019609,0.9999999999019609,0.9999999999509803
637,0.001,0.5936965410198484,0.5934361017176083,0.0005208726571644158,0.7295876179720615,0.6304093488291198,0.6276919993699765,0.005434672530813545,0.46176205581053675,0.5517435392914954,0.9999999999019609,0.9902912620397776,0.9950980391669069
638,0.001,0.5930705666542053,0.5928517069135394,0.0004377106389646152,0.7372339332519929,0.631693794446833,0.6287894909288368,0.005808571810085399,0.46168911945065777,0.551640036248633,0.9999999999019609,0.9999999999019609,0.9999999999509803
639,0.001,0.5917818397283554,0.5915798502308982,0.0004039702034788206,0.7367791192206915,0.6307094658122343,0.627986154719895,0.005446624741250393,0.4624575951423709,0.5522640240525197,0.9999999999019609,0.9999999999019609,0.9999999999509803
640,0.001,0.5924265086650848,0.5922741208757673,0.00030476479826445157,0.7324608228155337,0.63081580342031,0.6274156628870496,0.006800295164187749,0.4637159886729842,0.5531614651301485,0.9999999999019609,0.9999999999019609,0.9999999999509803
641,0.001,0.5935913984264646,0.5933988222054073,0.00038514598911985686,0.73899093568862,0.6316891032106736,0.627540271656186,0.008297638127616807,0.46299423302362297,0.5525969761076358,0.9901960783342946,0.9999999999009902,0.9950980391669069
642,0.001,0.5963702169912202,0.596217502440725,0.00030540833540726453,0.7341652495839165,0.6342497058943206,0.6298577674463683,0.008783854507640297,0.4592827993754814,0.549975896908454,0.9999999999019609,0.9902912620397776,0.9950980391669069
643,0.001,0.5953235711370196,0.5951862846102033,0.0002745631357226687,0.7243599265552852,0.6350863312973696,0.6330126705122929,0.004147346724993458,0.4533763920139552,0.5456500973798573,0.9999999999019609,0.9999999999019609,0.9999999999509803
644,0.001,0.593988655933312,0.5937289361442838,0.0005194459316563942,0.7307307506139552,0.6303548549904543,0.6267248649223178,0.007259960596760114,0.46298135607134583,0.5526829166328366,0.9901960783342946,0.9999999999009902,0.9950980391669069
645,0.001,0.5942510856049401,0.5941039462174688,0.0002942749477889655,0.7357540811684958,0.6321695557996339,0.6289852834215351,0.006368523070990455,0.4591387567535368,0.5496938258752163,0.9999999999019609,0.9999999999019609,0.9999999999509803
646,0.001,0.5923320682985442,0.5922066516109875,0.00025083660278011976,0.7345065537499879,0.6368919219456467,0.6275146451650881,0.01875454585487936,0.4616036049030353,0.5517105477733836,0.9803921567666283,0.9999999999000001,0.9901960783828335
647,0.001,0.5936748215130397,0.5935321141566549,0.0002854130021400384,0.7357890328083562,0.6339820190971973,0.6309013121268329,0.00616138019398147,0.4622561319001525,0.552047815495819,0.9901960783342946,0.9999999999009902,0.9950980391669069
648,0.001,0.5921242535114288,0.5919448584318161,0.0003587832933200324,0.7347540659372492,0.6336445446107902,0.6311145962453356,0.0050598752009225825,0.4566338918377316,0.5480480730536739,0.9999999999019609,0.9999999999019609,0.9999999999509803
649,0.001,0.5925793637122426,0.5924588399274009,0.0002410480129973231,0.7329835456451639,0.6337161397232729,0.628585636031394,0.010261022303180368,0.4607846761487008,0.5510667513433639,0.9999999999019609,0.9902912620397776,0.9950980391669069
650,0.001,0.5939102875334876,0.5937626872743879,0.0002951923775721558,0.7318961844361355,0.634926603120916,0.6286698790157542,0.01251344411980872,0.4642906884241005,0.5535729519305328,0.9803921567666283,0.9999999999000001,0.9901960783828335
651,0.001,0.5922879576683044,0.5921541463051524,0.0002676190945619185,0.7362809125966824,0.6364964755142436,0.6296987679659152,0.013595419315000376,0.4624358499057089,0.5523432851527614,0.9803921567666283,0.9999999999000001,0.9901960783828335
652,0.001,0.5935966457639422,0.5934343785047531,0.00032453666335641174,0.7346691360466264,0.6315024495124817,0.6268938674646265,0.009217128522840201,0.46383503679765153,0.5532781989360718,0.9901960783342946,0.9999999999009902,0.9950980391669069
653,0.001,0.5922646735395704,0.5921094098261425,0.0003105247163018378,0.7405965601906374,0.6411707348683301,0.635519849319084,0.011301771189798327,0.4516219693866552,0.5444330589208867,0.9901960783342946,0.9999999999009902,0.9950980391669069
654,0.001,0.5926474779844284,0.5924965334790093,0.0003018962880949922,0.7392316646069643,0.6311246618336323,0.6273888355376673,0.007471600437865537,0.4638340443660404,0.553318037965957,0.9901960783342946,0.9999999999009902,0.9950980391669069
655,0.001,0.5921978993075234,0.5920596463339669,0.00027650918608352574,0.7380395570336924,0.6349527718974095,0.6301682480410034,0.009569085057021356,0.4639819489358606,0.5533727329041045,0.9901960783342946,0.9999999999009902,0.9950980391669069
656,0.001,0.595987003828798,0.5958688908389637,0.00023622654147662355,0.7334523759472406,0.6395554875626284,0.6328646008874855,0.013381798769913468,0.4544555036210804,0.5464796973148303,0.9901960783342946,0.9999999999009902,0.9950980391669069
657,0.001,0.590328645493303,0.5901881658605167,0.00028096682373351153,0.7333429518734231,0.631018342925053,0.628510921609168,0.005014852894579663,0.45919386481415686,0.5499643739901923,0.9999999999019609,0.9999999999019609,0.9999999999509803
658,0.001,0.5935674469385829,0.5933941176959446,0.0003466588347821796,0.7322082891716446,0.6490178096528146,0.6354087462612227,0.027218168199646706,0.4507260021878401,0.5437726462544591,0.970588235198962,0.9999999998989899,0.9852941175987601
659,0.001,0.5910320090396064,0.5909120600138392,0.000239905037752968,0.7425895500200823,0.6296229537795571,0.6277038782250648,0.0038381605317779617,0.4612898268222141,0.551521175422876,0.9999999999019609,0.9999999999019609,0.9999999999509803
660,0.001,0.5905857001032148,0.5904463678598404,0.00027866303701427696,0.7490402986445267,0.6332882426533044,0.627706098205903,0.011164255841982131,0.46113119316494094,0.5514251739081841,0.9901960783342946,0.9999999999009902,0.9950980391669069
661,0.001,0.5948881389839309,0.5947576005543981,0.00026109143021000946,0.7340803673354747,0.6344760188869402,0.628117528031854,0.012716975355265187,0.46093688494540785,0.5512883057258299,0.9803921567666283,0.9999999999000001,0.9901960783828335
662,0.001,0.5946797664676394,0.5944985332233566,0.0003624615822315848,0.7358674702133742,0.640064081140593,0.6254156979860044,0.029296776827643898,0.46445502552469903,0.5536736017501301,0.9803921567666283,0.9999999999000001,0.9901960783828335
663,0.001,0.5942461969596999,0.5940809100866318,0.0003305665299454371,0.7332843751679355,0.6363034955426758,0.6284467998672935,0.01571336381283461,0.46201521858724864,0.5519616468019383,0.9803921567666283,0.9999999999000001,0.9901960783828335
664,0.001,0.5942184552550316,0.5940887417112078,0.00025943309031260597,0.7336750469230297,0.6275778477098427,0.6255859224235311,0.003983862424159751,0.4668120254166291,0.5554062665102423,0.9999999999019609,0.9999999999019609,0.9999999999509803
665,0.001,0.5955831344638552,0.5954636175717626,0.0002390335529136272,0.73382753407202,0.6331211398629581,0.6280459638904122,0.010150325548488135,0.4618775162464902,0.5518775336237987,0.9901960783342946,0.9999999999009902,0.9950980391669069
666,0.001,0.5912790841289929,0.5910980318273816,0.0003621068751402033,0.7479700568860583,0.6406601591437471,0.6286955732925266,0.02392919471158701,0.4600379012617891,0.5504754681547562,0.9803921567666283,0.9999999999000001,0.9901960783828335
667,0.001,0.5903742270810264,0.5902422666549683,0.0002639160835055269,0.739275702471537,0.6376318183599734,0.6312794866515141,0.012704681751190447,0.46000085200920837,0.5504774924381215,0.9803921567666283,0.9999999999000001,0.9901960783828335
668,0.001,0.590770169028214,0.590628098164286,0.00028413987651479796,0.7319306169244897,0.640629496644525,0.6323243467246785,0.016610320292267146,0.4567925452765448,0.5481166354431752,0.9901960783342946,0.9901960783342946,0.9901960783828335
669,0.001,0.5942903586796352,0.594147013766425,0.00028669299159186527,0.7329418638651019,0.6483266008835212,0.6306287722260344,0.035395661551578375,0.4579040812991566,0.5489710767937345,0.970588235198962,0.9999999998989899,0.9852941175987601
670,0.001,0.5911779446261269,0.5908998719283513,0.0005561409174593532,0.7388918634468119,0.6336226667843613,0.6307081486664566,0.005829070347781275,0.45761221398266505,0.5488579490223453,0.9999999999019609,0.9999999999019609,0.9999999999509803
671,0.001,0.5950456772531781,0.5946103015116283,0.0008707390807103366,0.7293262600086248,0.6487644793940526,0.6289769113063812,0.03957509032140175,0.4616883087591977,0.551680890151641,0.9607843136312957,0.9999999998979593,0.9803921568146866
672,0.001,0.5937596538237163,0.5930198175566537,0.001479661892387542,0.7364369494109587,0.6529594747459188,0.6383840862442466,0.02915081091444282,0.44573008945614484,0.5401458871592849,0.9901960783342946,0.9901960783342946,0.9901960783828335
673,0.001,0.6193025346313205,0.6033134119851249,0.03197823658332969,0.7089625068780666,0.7859319857522553,0.6505181076479893,0.2708277795829025,0.43398639662122807,0.5309792289055603,0.8921568626576317,0.9784946235506996,0.9362745097580257
674,0.001,0.6746658938271659,0.6252916497843606,0.09874848766984153,0.6487610741878224,0.875501973956239,0.7105717419409284,0.32986052465789456,0.32243652350440544,0.4331184790948182,0.970588235198962,0.8319327730393334,0.8872549019172914
675,0.001,0.6510934978723526,0.6297460560287748,0.04269489020641361,0.6436223618612058,0.6710050211233252,0.6500338339338115,0.04194238495227753,0.4369764051483628,0.5334744607180899,0.9999999999019609,0.9714285713360544,0.9852941175987601
676,0.001,0.6173823326826096,0.6122342497110367,0.010296157706761733,0.6844453634289197,0.6458308924646938,0.6316484569334516,0.028364879973963194,0.4536085323832706,0.5456252576170911,0.9901960783342946,0.9999999999009902,0.9950980391669069
677,0.001,0.6073389734540667,0.6048451470477241,0.00498764708962491,0.7106428304458445,0.6393991708755493,0.6266857788843267,0.025426776641431975,0.46145171910373267,0.5514880840867219,0.9901960783342946,0.9999999999009902,0.9950980391669069
678,0.001,0.6027499373470034,0.6011546435100692,0.0031905929551742573,0.7112833599193079,0.642317054902806,0.6290806642934388,0.026472769896773732,0.45500366387582253,0.5468215525749485,0.9901960783342946,0.9999999999009902,0.9950980391669069
679,0.001,0.6021461337804794,0.6007223299571446,0.002847601890347765,0.7217375454336175,0.6472236905612198,0.6287033183901918,0.03704075230395093,0.45805209574224237,0.5490420034166898,0.970588235198962,0.9999999998989899,0.9852941175987601
680,0.001,0.6002647259405681,0.5990424965109143,0.0024444488829301137,0.7229190154382927,0.6397858121815849,0.6288845620903314,0.02180252352035513,0.45937838703736933,0.5499845613772113,0.970588235198962,0.9999999998989899,0.9852941175987601
681,0.001,0.5959938083376203,0.5954328094209943,0.0011219903847502013,0.72426448574236,0.6432793666334713,0.6318316599901985,0.022895400284552107,0.4547441305173328,0.5466070595859733,0.970588235198962,0.9999999998989899,0.9852941175987601
682,0.001,0.595864611012595,0.5953407841069358,0.0010476413439651619,0.7231711167748696,0.6357872573768392,0.6294166860627193,0.012741160944250285,0.46005153437715973,0.5505384677049039,0.9901960783342946,0.9901960783342946,0.9901960783828335
683,0.001,0.5950816635574613,0.5942419660942895,0.0016793874684870908,0.729333982164875,0.6447905886406992,0.628505639001435,0.03256991045439944,0.4600140671645767,0.5505522280328442,0.970588235198962,0.9999999998989899,0.9852941175987601
684,0.001,0.5967066788247654,0.5955535492726735,0.0023062421109248782,0.7312820354046229,0.6631835325091493,0.6318118478737625,0.0627433404180349,0.45776117734667077,0.548799325623168,0.9607843136312957,0.9999999998979593,0.9803921568146866
685,0.001,0.5945390462875366,0.5934082737990788,0.002261538559261161,0.7360098695321227,0.6471163367523867,0.6291457636683595,0.03594118747494969,0.46008886230308566,0.5506532131276897,0.970588235198962,0.9899999999010001,0.9803921568146866
686,0.001,0.5927348903247288,0.5924320710556847,0.0006056300730311445,0.734631482079752,0.6412028045046563,0.6290518349292231,0.02430192242358245,0.46116133480590865,0.5512368141115082,0.9803921567666283,0.9900990098029605,0.9852941175987601
687,0.001,0.5931583110775266,0.5927456553493228,0.0008253064094917915,0.7316370712568203,0.6396963193136103,0.6272803100885129,0.024832026959926475,0.46436654720442133,0.5536161293837608,0.970588235198962,0.9999999998989899,0.9852941175987601
688,0.001,0.5939459800720215,0.5936974957585335,0.0004969707676666855,0.7362201400441556,0.6369713644186655,0.6290137095778596,0.015915280764959024,0.46000947171540435,0.5504851924032469,0.9901960783342946,0.9999999999009902,0.9950980391669069
689,0.001,0.5931598246097565,0.5926875791379383,0.0009444969322690408,0.7325940963219869,0.6426842902220932,0.6322130449846679,0.02094250165072142,0.45817971415187564,0.549247697731172,0.9803921567666283,0.9999999999000001,0.9901960783828335
690,0.001,0.5956317463091442,0.5952548757195473,0.0007537381617502044,0.735797427837256,0.6349964930730707,0.629424383242925,0.011144208082673596,0.4603690588986514,0.5508029342006568,0.9901960783342946,0.9999999999009902,0.9950980391669069
691,0.001,0.5928554620061602,0.592575843845095,0.0005592299655420772,0.737252643897789,0.6339384118715922,0.6264891472517276,0.014898483513617049,0.4622919983722218,0.552226818614212,0.9901960783342946,0.9999999999009902,0.9950980391669069
692,0.001,0.5903341546654701,0.5901463478803635,0.0003756169644475449,0.7384052349853899,0.6414800701188106,0.6314080006936017,0.020144119274382498,0.4580087843149499,0.5489706111994977,0.9803921567666283,0.9999999999000001,0.9901960783828335
693,0.001,0.5916811930281776,0.5914748939020293,0.00041258922491189357,0.7404878255654248,0.6404234872144812,0.6314575800708696,0.01793176476277557,0.4555740180098793,0.5473554801186781,0.9803921567666283,0.9999999999000001,0.9901960783828335
694,0.001,0.5912781932524273,0.5910417437553406,0.00047290213296946604,0.7389634735178403,0.6379261215527853,0.6303536114739436,0.015145053320071277,0.458672918134322,0.5495586352967043,0.9901960783342946,0.9999999999009902,0.9950980391669069
695,0.001,0.5936373908604894,0.5934518788542066,0.0003710281710352449,0.736928815593761,0.633267249546799,0.6255400841142617,0.015454311179471951,0.4665772328472491,0.5552872450766854,0.9901960783342946,0.9999999999009902,0.9950980391669069
696,0.001,0.5916136716093335,0.5914427148444312,0.00034191639887077533,0.7409491170738269,0.6329377626671511,0.6267956869274962,0.012284143773071906,0.4642372491149707,0.5534262343727931,0.9901960783342946,0.9999999999009902,0.9950980391669069
697,0.001,0.5891830740230424,0.589001619390079,0.00036291583351807537,0.7406939587666841,0.6375413700646045,0.6275611210103128,0.019960517538528816,0.46269541710651957,0.5523920347299944,0.970588235198962,0.9999999998989899,0.9852941175987601
698,0.001,0.588847924556051,0.5886813189302172,0.00033321251378635807,0.7388166748480581,0.6343620565592074,0.6286871456632427,0.011349812076956617,0.45773042452393536,0.5487634706333302,0.9901960783342946,0.9999999999009902,0.9950980391669069
699,0.001,0.5937650640095983,0.593585838164602,0.0003584459539394759,0.7380058162105253,0.641557597062167,0.631444137470395,0.020226935107333987,0.4606073434912234,0.5508481893958324,0.970588235198962,0.9999999998989899,0.9852941175987601
700,0.001,0.5936869446720395,0.5934768404279437,0.00042021076478704344,0.7405956961107647,0.6396857015058106,0.6319549410950904,0.015461510741243176,0.4545531461178002,0.5465247924666602,0.9803921567666283,0.9999999999000001,0.9901960783828335
701,0.001,0.5915916051183429,0.5914200778518405,0.00034304545468850326,0.7422896432889435,0.6379458524432837,0.6309975520068524,0.013896630090825698,0.45415495388557614,0.5461742233823029,0.9901960783342946,0.9999999999009902,0.9950980391669069
702,0.001,0.5941252729722432,0.5938729494810104,0.0005046479423721653,0.7366182575736742,0.6358706647274541,0.632361980045543,0.007017345806839419,0.45573844892044607,0.5472882335269311,0.9999999999019609,0.9999999999019609,0.9999999999509803
703,0.001,0.5884398839303425,0.5879661717585155,0.000947421488620291,0.7365675730706924,0.6330242437474868,0.6294983753971025,0.007051736992948195,0.46110590726811324,0.5513010689760182,0.9999999999019609,0.9999999999019609,0.9999999999509803
704,0.001,0.5948149583169392,0.5946581257241113,0.00031365836236675804,0.7329861580283926,0.6385630532806995,0.6301495818530812,0.016826950196249812,0.4578626032288446,0.5489331892107279,0.9803921567666283,0.9999999999000001,0.9901960783828335
705,0.001,0.5890566131898335,0.5888025377477918,0.0005081509191638491,0.7405667171606528,0.6364742605125203,0.6243503456022225,0.024247802793979645,0.4677353988027031,0.5561434780899293,0.970588235198962,0.9999999998989899,0.9852941175987601
706,0.001,0.5901935409222331,0.5900193697639874,0.00034834408402925225,0.7480341817517434,0.6373450703480664,0.6287946858826805,0.017100782736259347,0.4608169720955344,0.5511951041007829,0.9901960783342946,0.9901960783342946,0.9901960783828335
707,0.001,0.5904079398938588,0.5902777229036603,0.0002604452555325614,0.7335144963216494,0.6404880606660656,0.6314733244624793,0.018029462765244877,0.4560878984266763,0.5476308995795262,0.9901960783342946,0.9999999999009902,0.9950980391669069
708,0.001,0.590253584086895,0.5901012165205819,0.00030473735387204215,0.7353827500839083,0.6351460054808972,0.6293956380264432,0.01150072910183785,0.4584591519273012,0.5495266565152886,0.9901960783342946,0.9999999999009902,0.9950980391669069
709,0.001,0.5874266411576953,0.5872875452041626,0.0002781918971907414,0.7437397772932988,0.6371174139135024,0.6317824960923663,0.01066978752393933,0.45505413639736864,0.5470825752915769,0.9901960783342946,0.9999999999009902,0.9950980391669069
710,0.001,0.5927405655384064,0.5925949375544276,0.00029125925617076324,0.7405291404951366,0.6369296703852859,0.6283974805298973,0.017064402610355734,0.4616193074348259,0.5517139557270568,0.9901960783342946,0.9999999999009902,0.9950980391669069
711,0.001,0.5895959096295493,0.5894541080508914,0.0002836048567717496,0.7455492844121345,0.6354508458399305,0.6252960212090436,0.020309607626176347,0.4655788287771076,0.5545118056261679,0.970588235198962,0.9999999998989899,0.9852941175987601
712,0.001,0.5905205756425858,0.5904092448098319,0.0002226646582650054,0.7456759308464852,0.6345497942438313,0.626973315781238,0.015152925954145543,0.46380459660704093,0.5532807243086983,0.9803921567666283,0.9900990098029605,0.9852941175987601
713,0.001,0.592435394014631,0.5919307832206998,0.0010092294612279926,0.7415871794593165,0.6420693929288902,0.6316902368676429,0.020758286410687016,0.4573076397181535,0.5484575679125346,0.9901960783342946,0.9901960783342946,0.9901960783828335
714,0.001,0.5929595168147769,0.5926450852836881,0.0006288641665638092,0.732032413151158,0.6360021648453731,0.6308804429044911,0.010243410664592303,0.4590362564374941,0.5497835433361328,0.9901960783342946,0.9999999999009902,0.9950980391669069
715,0.001,0.5907461696437427,0.5905503130384854,0.00039171483928969664,0.7395937588462252,0.6355519084369435,0.6292205674975526,0.012662706567960627,0.460621010918907,0.5508743478115198,0.9803921567666283,0.9999999999000001,0.9901960783828335
716,0.001,0.5906863702195031,0.5905284051384244,0.0003159148213204129,0.7410132354750212,0.6336013885105357,0.6296055118242899,0.007991775742494593,0.4595851711208795,0.550182145173724,0.9901960783342946,0.9999999999009902,0.9950980391669069
717,0.001,0.588946313730308,0.5887811982205936,0.0003302272486637646,0.7404385335554455,0.6413293790583517,0.6291747554844501,0.024309263281597226,0.45945246828016245,0.5501469765962784,0.970588235198962,0.9999999998989899,0.9852941175987601
718,0.001,0.593975975045136,0.5936646493417876,0.0006226606908187803,0.7421558037078608,0.634865205077564,0.6275845269362131,0.01456133320051081,0.46238813362761,0.5522713161019033,0.9999999999019609,0.9902912620397776,0.9950980391669069
719,0.001,0.595621967954295,0.5954557593379702,0.0003324184194103249,0.7426263835336062,0.637347139564215,0.6331323098902609,0.008429627500328362,0.45077315095310977,0.5439034531441687,0.9999999999019609,0.9999999999019609,0.9999999999509803
720,0.001,0.5970023668238095,0.5960304151688304,0.001943897005341049,0.7290398383430284,0.6434526981091967,0.6328904856653774,0.021124436940048254,0.4518307663466819,0.5446465135273338,0.9901960783342946,0.9999999999009902,0.9950980391669069
721,0.001,0.6021692029067448,0.5960853717156819,0.012167665100215734,0.7217618201036589,0.6848923149062138,0.640442317607356,0.08890000058739793,0.43413502794345504,0.5310987900963218,0.9901960783342946,0.9711538460604661,0.9803921568146866
722,0.001,0.6475605198315212,0.61058509349823,0.07395085649997261,0.6946164905908132,0.812827341112436,0.6793982345683902,0.2668582570611262,0.3959673109127378,0.5015274160883494,0.9901960783342946,0.9017857142051977,0.9411764705420992
723,0.001,0.6911906599998474,0.6365950001137597,0.1091913204706673,0.6248616828216169,0.7333916197804844,0.6960392290470647,0.07470477270145043,0.36020628496089285,0.4718875944796524,0.9999999999019609,0.9714285713360544,0.9852941175987601
724,0.001,0.6392300405672618,0.6225573207650866,0.033345440635457635,0.6650591711618539,0.6520091102403753,0.635879163648568,0.03225988938527949,0.4417753133778915,0.5366910539895271,0.970588235198962,0.9999999998989899,0.9852941175987601
725,0.001,0.6175807608025414,0.6120829326765878,0.010995664692018181,0.6910722750405219,0.6415766261371911,0.6296499096879772,0.023853426178296406,0.458850155514986,0.5496577708061677,0.9803921567666283,0.9900990098029605,0.9852941175987601
726,0.001,0.60561203956604,0.6025904395750591,0.006043207727738523,0.7124472569873179,0.6371658643086752,0.6301375773607516,0.014056561989527122,0.45872974808182093,0.5495262666918572,0.9999999999019609,0.9902912620397776,0.9950980391669069
727,0.001,0.6044248778905187,0.6016657075711659,0.005518345625854896,0.7201567032757751,0.6372814038220573,0.6252841511193443,0.023994525784955305,0.4665935888023022,0.5552725250468913,0.970588235198962,0.9899999999010001,0.9803921568146866
728,0.001,0.6014950775674411,0.5993060959236962,0.00437795871299126,0.7178904001471093,0.6439524024140602,0.6295962199276569,0.028712368625051835,0.45950522753799994,0.5501059487309875,0.9607843136312957,0.9999999998979593,0.9803921568146866
729,0.001,0.5984688944050244,0.5964094613279615,0.004118864162592217,0.7222172225314579,0.64388441046079,0.6311623763804343,0.025444076633920856,0.45746220471008814,0.5486726892530471,0.970588235198962,0.9999999998989899,0.9852941175987601
730,0.001,0.5990159745727267,0.5982117599674633,0.0016084219033863129,0.7276612935302728,0.6349541679316876,0.6278409765047186,0.01422641302148501,0.4623479910503678,0.5521472636114931,0.9999999999019609,0.9902912620397776,0.9950980391669069
731,0.001,0.5908318779298237,0.5903902138982501,0.0008833267539947494,0.7365256088810478,0.6366372137677436,0.6282296326814913,0.016815185291217824,0.4623713442324268,0.5522123774130548,0.9803921567666283,0.9999999999000001,0.9901960783828335
732,0.001,0.5933215511696679,0.5927118222628321,0.0012194623767365037,0.7338891707885206,0.6339142655625063,0.6276273248242397,0.012573920993828307,0.46381346957827546,0.5532210394009984,0.9999999999019609,0.9902912620397776,0.9950980391669069
733,0.001,0.5915763676166534,0.591035612991878,0.001081511535241069,0.7346071913808349,0.6349148119197172,0.6286957421723534,0.012438123351803013,0.4565839491147782,0.5481972291239869,0.9901960783342946,0.9901960783342946,0.9901960783828335
734,0.001,0.5906069842832429,0.5902803476367678,0.000653267719566689,0.7365038968968739,0.6343280141260109,0.627867136515823,0.012921789131474262,0.4542981683181313,0.5465686631658877,0.9901960783342946,0.9999999999009902,0.9950980391669069
735,0.001,0.5935030686003822,0.5932191248450961,0.0005678845606910597,0.7396571269583563,0.6379965695680356,0.631604763807035,0.012783618990843203,0.4454523377891203,0.5401297322601208,0.9901960783342946,0.9901960783342946,0.9901960783828335
736,0.001,0.5907202905842236,0.5903938306229455,0.0006529117261899435,0.742419105405067,0.6374061785492242,0.6320972863365623,0.010617777705192566,0.4340310297800781,0.5316269547222455,0.9999999999019609,0.9999999999019609,0.9999999999509803
737,0.001,0.5906656437686512,0.5902380506907191,0.0008551866134699335,0.7376955178661003,0.6309289049868491,0.6263795237915188,0.009098724882100142,0.46302358080090356,0.5526491354032216,0.9999999999019609,0.9999999999019609,0.9999999999509803
738,0.001,0.5901510364242962,0.5898358396121434,0.0006303922657804963,0.7391778021005033,0.638966265262342,0.6328858785769519,0.012160776886066385,0.4347629011077082,0.5322576587176734,0.9901960783342946,0.9999999999009902,0.9950980391669069
739,0.001,0.5903829165867397,0.5901328431708472,0.0005001478213151651,0.7457006404470171,0.6322985881683874,0.627106189143424,0.010384772301596753,0.46511100400941946,0.5541728058083075,0.9999999999019609,0.9902912620397776,0.9950980391669069
740,0.001,0.5910403898784092,0.5906232787030083,0.0008342214932781644,0.7470394909673269,0.6374506500421786,0.6291928174448949,0.016515639044490514,0.4605827037193679,0.5509491099509435,0.9803921567666283,0.9999999999000001,0.9901960783828335
741,0.001,0.5902089391435895,0.589859140770776,0.0006995934574141367,0.7393134216383951,0.6360059152631199,0.6313804826315712,0.009250868970126497,0.44986193579275513,0.5432352507873642,0.9999999999019609,0.9999999999019609,0.9999999999509803
742,0.001,0.5909925848245621,0.5907669727291379,0.00045122646380540185,0.7396836850271223,0.6361965881843193,0.63117149180057,0.010050181993374638,0.4435653868002635,0.5388044272385589,0.9901960783342946,0.9999999999009902,0.9950980391669069
743,0.001,0.5904187091759273,0.5893903034073966,0.0020568080414834966,0.7378002960160579,0.6463629229395997,0.6317917950013104,0.029142257574872644,0.4509242721797452,0.5439643314396322,0.9803921567666283,0.9999999999000001,0.9901960783828335
744,0.001,0.5935880446008274,0.5926852769085339,0.0018055418555117545,0.736456676604693,0.6341264131022435,0.6307497743298026,0.006753283014119256,0.4522893711927322,0.5449690081878195,0.9901960783342946,0.9999999999009902,0.9950980391669069
745,0.001,0.5923469173056739,0.592001599924905,0.0006906256486607683,0.7439021454929327,0.6342067899657231,0.6277824102663526,0.012848793729847553,0.45969141313892137,0.5503137128586494,0.9901960783342946,0.9999999999009902,0.9950980391669069
746,0.001,0.5910548503909793,0.5907581342118127,0.0005934257018712483,0.7443003874395872,0.6368915537993113,0.6281650311806622,0.017453079531882323,0.4614230977355443,0.5515905471596441,0.9901960783342946,0.9901960783342946,0.9901960783828335
747,0.001,0.5888201764651707,0.5885277794940131,0.0005847914853802649,0.7493314043875425,0.6383520832248762,0.632512637797524,0.011678842973767542,0.4441530290655606,0.5391630617997999,0.9901960783342946,0.9999999999009902,0.9950980391669069
748,0.001,0.5898326316050121,0.5896244049072266,0.0004164583931144859,0.7442903631049296,0.6327370627253663,0.6287005882637173,0.008072991800658843,0.4604041529756989,0.5508317645062341,0.9999999999019609,0.9999999999019609,0.9999999999509803
749,0.001,0.5922855862549373,0.5921195479375976,0.0003320746873214375,0.7422418115237804,0.6344500359366921,0.6299777679583606,0.00894449749851928,0.4617947361327726,0.5518199902172531,0.9901960783342946,0.9999999999009902,0.9950980391669069
750,0.001,0.5896126287324088,0.5894512587359974,0.0003227362953371734,0.7411098154319035,0.6372407867627985,0.6319864555901172,0.010508654602602417,0.4447801603506898,0.53970686566569,0.9901960783342946,0.9999999999009902,0.9950980391669069
751,0.001,0.5889346897602081,0.5887765543801444,0.00031626988467386194,0.750833302999325,0.6331825969265956,0.628632593388651,0.009100012389906481,0.4530513613652921,0.5456207626918518,0.9901960783342946,0.9999999999009902,0.9950980391669069
752,0.001,0.5898195313555854,0.5896786738719259,0.000281712851314556,0.7383574292609254,0.6338807794393277,0.6299948306644664,0.007771944298463709,0.45713724833219155,0.5482741716096795,0.9999999999019609,0.9999999999019609,0.9999999999509803
753,0.001,0.5895597370607513,0.5874444225004741,0.004230617521638383,0.7560811189003316,0.6776412678699867,0.6437037242393867,0.0678750868959754,0.4423326723741233,0.5373693883868172,0.9509803920636294,0.9999999998969072,0.9754901960306132
754,0.001,0.5991446993180684,0.5973654240369797,0.0035585472921541494,0.7263998566706329,0.6617904527514589,0.6330875158309937,0.05740585923194885,0.44791090754898405,0.5418794402123043,0.970588235198962,0.9899999999010001,0.9803921568146866
755,0.001,0.5953572818211147,0.5946912148169109,0.0013321384280321322,0.7346499161456467,0.6424018471848731,0.6303733061341679,0.024057110296744927,0.45116119094004475,0.5442669869964634,0.9803921567666283,0.9999999999000001,0.9901960783828335
756,0.001,0.5915654440011296,0.5913360246590206,0.00045883615062588694,0.7416701586452821,0.6362763549767289,0.6287952620609134,0.014962219030541532,0.4588164859591707,0.5496995692196749,0.9901960783342946,0.9999999999009902,0.9950980391669069
757,0.001,0.5901204858507428,0.5899342564599854,0.00037246466256744625,0.744185524464158,0.6409671172207477,0.6349789646326327,0.011976311165912478,0.43717619459996593,0.5340093730100923,0.9901960783342946,0.9901960783342946,0.9901960783828335
758,0.001,0.589860985321658,0.5896705623183932,0.0003808433050705519,0.7395654680522749,0.6362895147473204,0.6300905276747311,0.012397966694598105,0.4565958045735,0.548150084168553,0.9901960783342946,0.9999999999009902,0.9950980391669069
759,0.001,0.5882147167410169,0.588056892156601,0.00031565076382581277,0.7473789683551191,0.6366089997338313,0.6298200856236851,0.013577830557729684,0.4549055146472713,0.5468435727743093,0.9803921567666283,0.9999999999000001,0.9901960783828335
760,0.001,0.587449234511171,0.5872882370437894,0.00032199225357284637,0.7535019194193794,0.6355974399576,0.6309639963449216,0.009266924916529189,0.45831806454033214,0.5493145513300849,0.9901960783342946,0.9999999999009902,0.9950980391669069
761,0.001,0.5916181951761246,0.5913357873048101,0.0005648237046053899,0.7391196495420151,0.6342815949636347,0.6293308407652611,0.0099014928381817,0.4575780478142201,0.5487602754998362,0.9901960783342946,0.9901960783342946,0.9901960783828335
762,0.001,0.5886964819261006,0.588501268199512,0.0003904290165987082,0.7469968877361032,0.637397754426096,0.6319679296484181,0.010859680124649815,0.4443501645995859,0.5393783714715678,0.9901960783342946,0.9999999999009902,0.9950980391669069
763,0.001,0.5876062821064677,0.5874398914831025,0.00033277686218623003,0.7483842164444573,0.6327904982894075,0.6285677861933615,0.008445477734009424,0.4548275573783099,0.5469511150542745,0.9999999999019609,0.9999999999019609,0.9999999999509803
764,0.001,0.5903393189821925,0.5901969788329942,0.00028467989769913923,0.739066794489178,0.6334453984802845,0.626714113296247,0.01346253022989806,0.4647584439709172,0.553942589428107,0.9901960783342946,0.9999999999009902,0.9950980391669069
765,0.001,0.5895759527172361,0.5894281225545066,0.0002956608347761046,0.7472412889797898,0.6386615394377241,0.6303705467897303,0.016582024082833647,0.45012853082726734,0.5435256703194074,0.9901960783342946,0.9901960783342946,0.9901960783828335
766,0.001,0.5900942289403507,0.5899685461606298,0.0002513729616891526,0.7480075693347572,0.6409947585825827,0.6326193716011795,0.01675074742924349,0.436486276907371,0.5334305616863719,0.9901960783342946,0.9999999999009902,0.9950980391669069
767,0.001,0.590447265122618,0.5902732610702515,0.0003480000944234364,0.7465292292367698,0.6426002330639783,0.6379334342245963,0.009333561594579733,0.414883795862801,0.5159898201070077,0.9901960783342946,0.9999999999009902,0.9950980391669069
768,0.001,0.5894043456230845,0.5892284331577164,0.0003518264498520044,0.747647070476103,0.6336687750676099,0.6281166088347342,0.011104356826228253,0.46346057534379287,0.5530043366136427,0.9901960783342946,0.9999999999009902,0.9950980391669069
769,0.001,0.5874962008425167,0.5873491593769619,0.00029408294566175234,0.7414056426955005,0.6396398193695966,0.6323885531986461,0.014502512327596253,0.45522714922836555,0.5471188113785992,0.9901960783342946,0.9999999999009902,0.9950980391669069
770,0.001,0.5893477967807225,0.5892330237797329,0.0002295538337680877,0.7435622515882577,0.6399767521549674,0.633605995014602,0.012741490650702925,0.4457552397616839,0.5403843004990586,0.9901960783342946,0.9999999999009902,0.9950980391669069
771,0.001,0.5922512412071228,0.5920402482151985,0.00042198274968541227,0.749536257999564,0.6339943993325327,0.6292273548303866,0.00953407101698366,0.45922097962698666,0.55009046168009,0.9901960783342946,0.9999999999009902,0.9950980391669069
772,0.001,0.5910064205527306,0.5907423400453159,0.0005281594416633847,0.7443320243418056,0.6413396748841977,0.6302299663132312,0.02221939288189306,0.4579340866735275,0.5491064726335986,0.9901960783342946,0.9805825241766425,0.9852941175987601
773,0.001,0.5882582824145045,0.5880402379802295,0.0004360786151664797,0.7429910537999558,0.6328189834660175,0.6291596153203178,0.007318720294564378,0.46087457563057554,0.5512153103152673,0.9901960783342946,0.9999999999009902,0.9950980391669069
774,0.001,0.5919014226113047,0.5917820078986031,0.00023883846863879756,0.7491076104604274,0.6333110759071275,0.6270924940997479,0.012437198165000654,0.45918639119404236,0.5501145185555971,0.9901960783342946,0.9999999999009902,0.9950980391669069
775,0.001,0.5870520632181849,0.5869085213967732,0.00028707469261592323,0.7448106248213401,0.6367770889226128,0.633354421339783,0.006845354887784696,0.43111217645638106,0.5294364251359173,0.9901960783342946,0.9999999999009902,0.9950980391669069
776,0.001,0.5835734116179603,0.5834050157240459,0.0003367857674935034,0.758328210587835,0.6338028042924171,0.6284635955212163,0.010678431567023782,0.4612550181895005,0.5513486043993852,0.9901960783342946,0.9999999999009902,0.9950980391669069
777,0.001,0.5908611459391457,0.5907178404075759,0.00028660807739860114,0.7413976236275692,0.6411698238522399,0.6312979278611202,0.01974378383773215,0.4470037710807605,0.5413178585750593,0.9901960783342946,0.9999999999009902,0.9950980391669069
778,0.001,0.5932856180838176,0.5931329056620598,0.0003054313490013426,0.7427506648117453,0.6360630317061555,0.6295487150257709,0.013028665281393948,0.4605119101568855,0.5508389481512773,0.9901960783342946,0.9999999999009902,0.9950980391669069
779,0.001,0.5859753021172115,0.5858399484838758,0.0002707070990644362,0.7450536828875347,0.6370631579090568,0.629195794170978,0.015734713195877915,0.45852044761916105,0.5494844038619884,0.9901960783342946,0.9999999999009902,0.9950980391669069
780,0.001,0.5908984424812453,0.5907692632504872,0.0002583532676518579,0.7480346430553981,0.6358813117532169,0.6279040662681356,0.015954456246439732,0.46508539517681746,0.5540901064061087,0.9901960783342946,0.9901960783342946,0.9901960783828335
781,0.001,0.5884811761123794,0.5883379482797214,0.0002864519592549186,0.747292897297398,0.63814370655546,0.6318787873960009,0.012529878639707379,0.44466016740995445,0.5395801037508293,0.9901960783342946,0.9999999999009902,0.9950980391669069
782,0.001,0.5861275345087051,0.5859770093645368,0.00030105301448202226,0.7551264807607688,0.6392621731056887,0.6334885902264539,0.011547135956147137,0.4452230226890127,0.5399479961447892,0.9901960783342946,0.9999999999009902,0.9950980391669069
783,0.001,0.5877302533813885,0.5875490467463221,0.0003624129705193419,0.7467541260892875,0.6551274429349339,0.6474051428776161,0.015444632729186732,0.402697843608093,0.5061373392880819,0.9901960783342946,0.9901960783342946,0.9901960783828335
784,0.001,0.5925850442477635,0.5923915696995599,0.0003869520590212362,0.7374446279318124,0.6355123642612907,0.6298863011247972,0.01125211414753222,0.4560366057728721,0.5476424287049653,0.9901960783342946,0.9999999999009902,0.9950980391669069
785,0.001,0.5872402286955288,0.5870969487088067,0.0002865532999619193,0.7513107236487405,0.6374063959308699,0.6297487920405818,0.015315240906441914,0.44852993435163296,0.5424359839362394,0.9901960783342946,0.9999999999009902,0.9950980391669069
786,0.001,0.5893000279154096,0.5891291222402028,0.0003418047797042943,0.7413010927615068,0.636212023449879,0.629204242252836,0.01401559489907003,0.45973729344064823,0.5501796727565337,0.9999999999019609,0.9902912620397776,0.9950980391669069
787,0.001,0.590345428458282,0.5901724930320468,0.0003458724206991194,0.7390595232927223,0.639869293161467,0.6341936225984611,0.011351349663135469,0.45366147176049876,0.5460155484388439,0.9901960783342946,0.9999999999009902,0.9950980391669069
788,0.001,0.5909646557910102,0.5908591832433429,0.00021093664768808855,0.7456717478788907,0.6330339511235555,0.6292367332121905,0.007594426619071586,0.4630944330011788,0.5527791072836011,0.9901960783342946,0.9999999999009902,0.9950980391669069
789,0.001,0.5879852282149451,0.5878500193357468,0.0002704243901722033,0.7491055559666652,0.6354987977766523,0.630369669082118,0.010258260128252646,0.45861390990048856,0.5494903570677215,0.9901960783342946,0.9999999999009902,0.9950980391669069
790,0.001,0.5865721117172923,0.5864695757627487,0.0002050720937144693,0.7429432757400559,0.6355672262462915,0.6304151813189188,0.010304064307288797,0.4532367564028185,0.5458581665279737,0.9901960783342946,0.9999999999009902,0.9950980391669069
791,0.001,0.5842019745281765,0.58404854791505,0.0003068567135155068,0.7513342391118536,0.6386275086917129,0.6354936910610572,0.006267604345054019,0.4542143355638279,0.5463390120361092,0.9999999999019609,0.9999999999019609,0.9999999999509803
792,0.001,0.5885170942970684,0.5884052014776638,0.00022378332531453843,0.7412985266515041,0.6437394805983001,0.6332117424291723,0.021055504620330883,0.4306326240305976,0.5290329424480225,0.9901960783342946,0.9999999999009902,0.9950980391669069
793,0.001,0.5906792155333928,0.5905312885131154,0.00029585636522304933,0.7424100396708376,0.6385435088008058,0.6327430792883331,0.011600848323866432,0.44966463197175544,0.5432342121444856,0.9901960783342946,0.9999999999009902,0.9950980391669069
794,0.001,0.5838798976370266,0.5837538561650685,0.00025208759377294755,0.7528437646694204,0.636249862465204,0.6289210979845009,0.014657505513990627,0.46201538511989826,0.5519010003564715,0.9901960783342946,0.9999999999009902,0.9950980391669069
795,0.001,0.5885904857090541,0.5884669742413929,0.00024703544035479093,0.7473482432692123,0.6412970125675201,0.6309012279790991,0.02079160924197412,0.4443732740091631,0.5393858131982175,0.9901960783342946,0.9999999999009902,0.9950980391669069
796,0.001,0.5871642827987671,0.5870191540036883,0.00029025543491505753,0.7460953122160954,0.6397724613255146,0.6331328206202563,0.013279329318845389,0.4494503009774061,0.54297019619257,0.9901960783342946,0.9999999999009902,0.9950980391669069
797,0.001,0.5825481776680265,0.5824241169861385,0.00024811892334193023,0.747366076779542,0.6394597654249153,0.6290916473257775,0.02073621928837954,0.4604482752952687,0.5508517266063777,0.9901960783342946,0.9999999999009902,0.9950980391669069
798,0.001,0.5878352086458888,0.5877251380256244,0.00022014799547572954,0.7535067452924714,0.644956069834092,0.6335496540163078,0.022812816040480837,0.43670288605188917,0.5336879516958247,0.9901960783342946,0.9999999999009902,0.9950980391669069
799,0.001,0.5878119106803622,0.5876658069235938,0.0002922023793092064,0.7554095849145964,0.6405718244758307,0.6317543831526065,0.017634833706360237,0.45440429838981716,0.5463828906190547,0.9803921567666283,0.9999999999000001,0.9901960783828335
800,0.001,0.5862002074718475,0.5860823073557445,0.00023580000366304636,0.7567580282447166,0.6483170845929314,0.6426616673376045,0.011310818586863723,0.3971907779373856,0.5022824323312531,0.9901960783342946,0.9999999999009902,0.9950980391669069
801,0.001,0.5877326854637691,0.587623689855848,0.00021799233296146018,0.7543195866081408,0.6439376041000965,0.6328618380368924,0.02215150022404451,0.4546236566442737,0.5465724470139292,0.9901960783342946,0.9999999999009902,0.9950980391669069
802,0.001,0.5893597922154835,0.5892001624618258,0.00031927175249230847,0.7482609542775984,0.6367259843676698,0.6296912636242661,0.014069419408984044,0.4540454497329037,0.5463150116739623,0.9901960783342946,0.9901960783342946,0.9901960783828335
803,0.001,0.5868417897394725,0.5866735726594925,0.0003364368286773762,0.7516388308820688,0.6428811778040493,0.634754245187722,0.016253889027033366,0.419931879088821,0.5205693542960131,0.9901960783342946,0.9999999999009902,0.9950980391669069
804,0.001,0.587723586176123,0.5875895161713872,0.0002681302524121877,0.7558148717906011,0.6393129299668705,0.6323774439447066,0.013870958658848322,0.4328310034569179,0.5306826782994056,0.9901960783342946,0.9999999999009902,0.9950980391669069
805,0.001,0.5835477028574262,0.5834462238209588,0.0002029530067894874,0.7599402047507412,0.6399014229867973,0.6284767336705152,0.0228493546007895,0.45620734214353004,0.5479363816597415,0.9901960783342946,0.9999999999009902,0.9950980391669069
806,0.001,0.5881723048431533,0.5880269546593938,0.0002907047097063956,0.7473017237414965,0.6495357483041053,0.6333524760077981,0.032366542985626294,0.4547753816226561,0.546695216787981,0.9803921567666283,0.9900990098029605,0.9852941175987601
807,0.001,0.5903160678488868,0.5901592671871185,0.00031360571301775053,0.7477584170955186,0.6402856625762641,0.633245667406157,0.014079999105603086,0.4559798074207616,0.5474367118794898,0.9803921567666283,0.9999999999000001,0.9901960783828335
808,0.001,0.5919940013970647,0.5917728958385331,0.00044220282039272467,0.7440767341444713,0.6371819914556017,0.6304584770810371,0.013446986385365473,0.4514922304198143,0.5445102910259996,0.9901960783342946,0.9901960783342946,0.9901960783828335
809,0.001,0.5875390321016312,0.5873511806130409,0.000375711507980928,0.7430190589829335,0.6427005979360318,0.6360494038637947,0.01330238025562436,0.43830422792332135,0.5349139378064497,0.9901960783342946,0.9999999999009902,0.9950980391669069
810,0.001,0.588299280830792,0.588154924767358,0.00028871954964415636,0.7362306467135491,0.6496018054438573,0.6396327135609645,0.01993818401231193,0.42749245120488116,0.5267064898481735,0.9901960783342946,0.9999999999009902,0.9950980391669069
811,0.001,0.5919972083398274,0.5918452164956501,0.00030398099287205175,0.7412939615558157,0.6406104506230822,0.6312929421078926,0.01863498682630997,0.4587702987507052,0.5496402175946316,0.9901960783342946,0.9999999999009902,0.9950980391669069
812,0.001,0.5881481372884342,0.5880030979003225,0.00029008287063853847,0.7484200110290067,0.6400065760986478,0.628973585133459,0.022065943527017153,0.46003068332034475,0.550521625833254,0.9803921567666283,0.9900990098029605,0.9852941175987601
813,0.001,0.5884665751031467,0.5882541335054806,0.0004248895638738759,0.749901700661835,0.6419256598341698,0.6308736713493571,0.02210392729908812,0.45914744100681937,0.5498525574037513,0.9803921567666283,0.9999999999000001,0.9901960783828335
814,0.001,0.5873227374894279,0.58717778218644,0.00028991229399772625,0.7526747518620105,0.6521128135568955,0.6408129574037066,0.022599722970934474,0.40672212827895715,0.5101448261199335,0.9901960783342946,0.9901960783342946,0.9901960783828335
815,0.001,0.5917694568634033,0.5915882981249264,0.00036231099797337914,0.7382862278783976,0.6417182461888182,0.6312574288424324,0.02092166452248599,0.4606589871587888,0.5510034501701603,0.9901960783342946,0.9901960783342946,0.9901960783828335
816,0.001,0.5905426336186272,0.5904152574283736,0.0002547632663793463,0.7483558195295631,0.6357129403189117,0.6291268467903137,0.013172172082989824,0.46135543022604447,0.5515753670377909,0.9901960783342946,0.9999999999009902,0.9950980391669069
817,0.001,0.588911982519286,0.5885446412222726,0.0007346767218093321,0.7506922847179643,0.6519887488262326,0.6373626490434011,0.02925221590946118,0.44163386802936677,0.5372959325465169,0.9901960783342946,0.9901960783342946,0.9901960783828335
818,0.001,0.587002328463963,0.5868530475667545,0.0002985710242293343,0.7470608455596871,0.6436766345126956,0.6324659977473465,0.022421304428694295,0.45550254322928785,0.5473478137797285,0.970588235198962,0.9999999998989899,0.9852941175987601
819,0.001,0.5858738347887993,0.5857655416641917,0.000216590214612162,0.7513865916826408,0.6403124975223168,0.6331500235725852,0.014324936522718738,0.44197157042808677,0.5375107849804724,0.9901960783342946,0.9999999999009902,0.9950980391669069
820,0.001,0.584729077560561,0.5846215869699206,0.0002149803406479935,0.7578668098547273,0.6434066435870003,0.6296413482404223,0.027530607055215275,0.4603556294574381,0.5508042566751077,0.9607843136312957,0.9999999998979593,0.9803921568146866
821,0.001,0.5894861753497805,0.5893458149262837,0.0002807272243704314,0.7468318308961519,0.6514806315010669,0.6360925465237861,0.030776162357891306,0.45372565241285345,0.5459302413273167,0.970588235198962,0.9899999999010001,0.9803921568146866
822,0.001,0.5880625173449516,0.5878642318504197,0.00039657021560352793,0.7583998894187444,0.6472213624739179,0.6350342759899065,0.024374201857284002,0.44892612442094987,0.5426217394661914,0.9901960783342946,0.9901960783342946,0.9901960783828335
823,0.001,0.5894654669931957,0.5893357821873256,0.00025937148140136354,0.7499818334044941,0.642842187016618,0.6321971153511721,0.02129016082514735,0.4570857833812325,0.5484298526534603,0.9901960783342946,0.9999999999009902,0.9950980391669069
824,0.001,0.5892604355301175,0.5891186052135059,0.00028366654143090794,0.7507316191883883,0.6448894943676743,0.6339083606121587,0.021962262982246922,0.4494739973166263,0.543028191497254,0.9901960783342946,0.9999999999009902,0.9950980391669069
825,0.001,0.5902922110898154,0.59016096166202,0.0002625096785777714,0.7453526296708534,0.6411896815486983,0.6331636461557126,0.01605202246676473,0.4381726673062004,0.534726380608194,0.9901960783342946,0.9999999999009902,0.9950980391669069
826,0.001,0.5848951350365367,0.5847531131335667,0.0002840391035923468,0.7566011546443269,0.6402864228276646,0.6316171083964554,0.017338620790956067,0.4511418964103508,0.5442554838310305,0.9901960783342946,0.9999999999009902,0.9950980391669069
827,0.001,0.5857893420117242,0.585624136030674,0.0003304218680568738,0.7440726109366744,0.647651168645597,0.6342742624236088,0.02675379805412947,0.4375975153451155,0.5340638278069775,0.9901960783342946,0.9999999999009902,0.9950980391669069
828,0.001,0.5893228096621377,0.5891921945980617,0.0002612246805386219,0.7580517033817943,0.6443679005491967,0.6360356468780368,0.01666447432602153,0.42116078477124524,0.5215669582631548,0.9901960783342946,0.9901960783342946,0.9901960783828335
829,0.001,0.5872175970247814,0.5869901616658483,0.000454866623840644,0.7553139913910053,0.6386501420946682,0.6344544636268242,0.008391358917031218,0.44335583725994276,0.5384840632921711,0.9901960783342946,0.9999999999009902,0.9950980391669069
830,0.001,0.5893329616103854,0.5891008930546897,0.0004641389192069515,0.7453098476335976,0.6492410950800952,0.6384117720173854,0.021658620486656826,0.42327968671665495,0.5234701967215407,0.9803921567666283,0.9999999999000001,0.9901960783828335
831,0.001,0.5918137367282595,0.588319467646735,0.006988532655993497,0.7457984485420927,0.670161187064414,0.639626216654684,0.06106990838752074,0.4251679434722585,0.5247922316264374,0.9803921567666283,0.9803921567666283,0.9803921568146866
832,0.001,0.5932225010224751,0.5926221609115601,0.0012006953532233769,0.7313375827589251,0.6668602508657119,0.6337814932944728,0.0661574993647781,0.4507528449107676,0.543762084502389,0.970588235198962,0.9801980197049309,0.9754901960306132
833,0.001,0.6288846560886928,0.6063561790755817,0.04505695115091969,0.7034375996316402,0.7296721911897847,0.669960640224756,0.11942311303288329,0.3925243143618539,0.49896080571526835,0.9509803920636294,0.9603960395088718,0.9558823528943194
834,0.001,0.667773363845689,0.6303024909326008,0.07494174758903682,0.6430144585368957,0.7037686436784034,0.6578085632885203,0.09192013609058716,0.4152945769064771,0.5166573820772237,0.9509803920636294,0.9999999998969072,0.9754901960306132
835,0.001,0.648438960313797,0.622241630085877,0.05239465777828757,0.6685121316605093,0.6614485365502975,0.646807956344941,0.029281179183254055,0.4373560204678526,0.5334555718534464,0.9803921567666283,0.9900990098029605,0.9852941175987601
836,0.001,0.6113801747560501,0.607042167867933,0.008676010761908921,0.6929703428186158,0.6448805215311986,0.6310345635694616,0.027691933554688505,0.45465258540543135,0.5466820235606737,0.9901960783342946,0.9805825241766425,0.9852941175987601
837,0.001,0.6052594014576503,0.6007157149059432,0.009087369232604812,0.7132997211603561,0.7089988881466436,0.6415423844374862,0.1349130050443551,0.4457088148576007,0.5401587721364853,0.9313725489282969,0.9999999998947369,0.9656862744624664
838,0.001,0.6027921651090894,0.5984255128673145,0.00873330379129454,0.7174162000615147,0.6348340593132318,0.6292555799671248,0.011156979619580157,0.4585688104938209,0.5494543179566446,0.9999999999019609,0.9999999999019609,0.9999999999509803
839,0.001,0.5933116908584323,0.5926070660352707,0.0014092560190225153,0.726464119135114,0.6335301855031181,0.6317050994611254,0.0036501780006231044,0.44578963167566626,0.540409268431923,0.9999999999019609,0.9999999999019609,0.9999999999509803
840,0.001,0.5961525865963527,0.5947573121104922,0.002790559308778029,0.7356661546055454,0.6397906874909121,0.6297160246792961,0.020149306996780282,0.458662402389927,0.5494760167257965,0.9803921567666283,0.9999999999000001,0.9901960783828335
841,0.001,0.5925494453736714,0.591516415987696,0.0020660537463429917,0.7356583720392712,0.6414578440142613,0.6316054346514683,0.0197048296092772,0.453604435249384,0.5459877316745424,0.9803921567666283,0.9999999999000001,0.9901960783828335
842,0.001,0.5909363222973687,0.5903194727642196,0.0012336898461009177,0.7409158516119047,0.6360895598635954,0.6293408070124832,0.013497482528727428,0.4597028058644391,0.550229672671433,0.9803921567666283,0.9999999999000001,0.9901960783828335
843,0.001,0.5908273884228298,0.5904858899968011,0.0006830072857805394,0.739765690686075,0.6390065106691099,0.6345091275140351,0.008994804256979157,0.4328466384754226,0.5307407984323838,0.9901960783342946,0.9999999999009902,0.9950980391669069
844,0.001,0.5875164376837867,0.5870495704667908,0.0009337317127834208,0.7529091705721956,0.6406794120283688,0.6359258475256901,0.00950711857819674,0.427785010469701,0.5268737140994485,0.9901960783342946,0.9999999999009902,0.9950980391669069
845,0.001,0.5851958585636956,0.5849528163671494,0.00048608135875838343,0.7580813601052349,0.6311633972560659,0.6270042809785581,0.00831826644785264,0.46247383594615277,0.5524049785476172,0.9901960783342946,0.9999999999009902,0.9950980391669069
846,0.001,0.586441016622952,0.5861830817801612,0.0005158740397226731,0.7483189556061518,0.6351625580413669,0.6293932158573001,0.011538670863956213,0.45046203447500915,0.5438617758605879,0.9803921567666283,0.9999999999000001,0.9901960783828335
847,0.001,0.5840837189129421,0.5838219076395035,0.000523629431232361,0.7608495990349715,0.6329477347579657,0.6314346205954459,0.0030262064663510698,0.4369194720100788,0.5337719051405946,0.9999999999019609,0.9999999999019609,0.9999999999509803
848,0.001,0.5851293738399234,0.5849231800862721,0.0004123923575077372,0.7554426276423714,0.6379717080032125,0.6317396327561023,0.012464181812224435,0.4406080029291519,0.5365266579246762,0.9803921567666283,0.9999999999000001,0.9901960783828335
849,0.001,0.5852456305708204,0.5850262269377708,0.0004388177616679708,0.7613728462042725,0.6344795016681447,0.6297187986327153,0.009521435197515814,0.44918371095346893,0.542925515347643,0.9901960783342946,0.9999999999009902,0.9950980391669069
850,0.001,0.5868728842054095,0.5865981397884232,0.0005494890771972548,0.752034146746681,0.6291795104157691,0.6275632375595617,0.0032325361435319865,0.4614291379522868,0.5516504501843871,0.9999999999019609,0.9999999999019609,0.9999999999509803
851,0.001,0.5890401303768158,0.5888529185737882,0.00037441834034065584,0.7549091385121015,0.6413190960884094,0.6353821415527194,0.011873882702168296,0.42310951567913396,0.5231429548864692,0.9901960783342946,0.9999999999009902,0.9950980391669069
852,0.001,0.5839164501854351,0.583760849067143,0.00031120344725163056,0.7614134362359133,0.6348854835126915,0.6310251664881613,0.007720643070106413,0.45322011655867805,0.545823391629039,0.9901960783342946,0.9999999999009902,0.9950980391669069
853,0.001,0.5863785509552274,0.5860365331172943,0.000684032218746974,0.7550433447952141,0.637672063182382,0.6317055856480318,0.01193293675268982,0.45296068166579156,0.54563846367679,0.9901960783342946,0.9999999999009902,0.9950980391669069
854,0.001,0.5854190875376973,0.5852176046797207,0.0004029653511159787,0.756213098237905,0.6323868906965443,0.6289587722105139,0.006856283136442595,0.4610769159614425,0.5510937937886781,0.9901960783342946,0.9999999999009902,0.9950980391669069
855,0.001,0.5930353360516685,0.5911717042326927,0.003727277710173179,0.7444608253717823,0.6540736988479016,0.6302979313859752,0.0475515565634066,0.45735717131158865,0.5486997814414176,0.9607843136312957,0.9999999998979593,0.9803921568146866
856,0.001,0.5870950232659068,0.5864059648343495,0.001378119189861796,0.7472713677489287,0.6423486646483926,0.6372237561964521,0.010249839639108554,0.4238902090344368,0.5238881809974469,0.9901960783342946,0.9999999999009902,0.9950980391669069
857,0.001,0.5889635022197451,0.5885623331580844,0.0008023330400257171,0.7469088941159748,0.6445144344778622,0.6400679139529958,0.008893031535633639,0.41255723811334233,0.5146073621961408,0.9901960783342946,0.9999999999009902,0.9950980391669069
858,0.001,0.5868858130914825,0.5867391899228096,0.0002932412750981582,0.7456957902427532,0.6381379903531542,0.6340905036412033,0.008094959326234519,0.4311453033525059,0.5294866340949425,0.9901960783342946,0.9999999999009902,0.9950980391669069
859,0.001,0.5875211411288807,0.5873815300209182,0.00027922011830534236,0.7485066522454172,0.63523016723932,0.6324809351388145,0.005498429723814422,0.4395176453908738,0.5357779876170824,0.9901960783342946,0.9999999999009902,0.9950980391669069
860,0.001,0.583761066198349,0.5835868524653571,0.0003484353623467281,0.7548828525709789,0.6352874700929604,0.6327340112012976,0.005106945394300947,0.44369211882589676,0.5388989613326576,0.9999999999019609,0.9999999999019609,0.9999999999509803
861,0.001,0.5855712603245463,0.5854219145008496,0.00029869545219948383,0.7537044106445909,0.6363978613825405,0.6322394551015368,0.00831683732423128,0.45091906095442996,0.5440414337949285,0.9901960783342946,0.9999999999009902,0.9950980391669069
862,0.001,0.5887019410729408,0.588546807212489,0.00031026867132563245,0.7501873519373925,0.6330323657568764,0.6294692976802003,0.007126148972733348,0.4585201215869591,0.5495636946023065,0.9901960783342946,0.9999999999009902,0.9950980391669069
863,0.001,0.5876346209219524,0.5875306416835103,0.00020795518295407028,0.7557269785822035,0.6366658514621211,0.6312341281011993,0.0108634617325722,0.447588696697423,0.5417561373619797,0.9901960783342946,0.9999999999009902,0.9950980391669069
864,0.001,0.5894641599484852,0.5893311564411435,0.0002660056634340435,0.7497241217750629,0.635676188211815,0.6316376153160544,0.008077157168265651,0.45865189836828923,0.5496352136464471,0.9901960783342946,0.9999999999009902,0.9950980391669069
865,0.001,0.5856696665287018,0.5855333177106721,0.00027270388220910845,0.7522260433725013,0.6322511913729649,0.6285585048151952,0.007385380237418062,0.459350188207582,0.5501064097495248,0.9901960783342946,0.9999999999009902,0.9950980391669069
866,0.001,0.5861188109431948,0.5858617850712368,0.0005140468445980721,0.7585716816394532,0.6377617798599542,0.6340997195711323,0.007324087561345568,0.43088975783435246,0.5293367017938502,0.9901960783342946,0.9999999999009902,0.9950980391669069
867,0.001,0.5856603032776287,0.58549586470638,0.0003288837215222884,0.768674494787823,0.6423520399074928,0.6326501568158468,0.019403772647766507,0.4503463288065015,0.5436687437708656,0.9901960783342946,0.9999999999009902,0.9950980391669069
868,0.001,0.5839415043592453,0.5837436488696507,0.0003956989911395275,0.7641861646385613,0.6350452619440415,0.6330884145755394,0.0039136997497110975,0.43576814351398646,0.5330232578083933,0.9999999999019609,0.9999999999019609,0.9999999999509803
869,0.001,0.5877454962049212,0.5875598713755608,0.0003712519755936228,0.7551662911700782,0.6362912666563895,0.6322077097846013,0.0081670796316044,0.446555731734742,0.5409504999477135,0.9901960783342946,0.9999999999009902,0.9950980391669069
870,0.001,0.5806387769324439,0.580509042101247,0.00025947539454916423,0.7681338755608633,0.639699156962189,0.6337357502357632,0.011926844679549629,0.43970608717383947,0.5358221305780202,0.9901960783342946,0.9999999999009902,0.9950980391669069
871,0.001,0.5834357674632754,0.5832831540278026,0.00030521986796624593,0.7589556505972032,0.6410300012897042,0.6390288314398598,0.004002345643718453,0.4152465028883232,0.516965783390825,0.9999999999019609,0.9999999999019609,0.9999999999509803
872,0.001,0.5840523583548409,0.5839471082602229,0.00021049712579822102,0.7656603977184921,0.6338093730748868,0.629331020747914,0.00895674406167339,0.4554145663730164,0.5473947217203188,0.9901960783342946,0.9999999999009902,0.9950980391669069
873,0.001,0.586649372109345,0.5865301319531032,0.00023847956254030578,0.7605020392404527,0.6485204112296011,0.6433444665927514,0.010351885475364387,0.4098608155829967,0.5125339861318309,0.9803921567666283,0.9999999999000001,0.9901960783828335
874,0.001,0.5812082407729966,0.5810815255556788,0.0002534217037464259,0.7725342066478673,0.6431890235227697,0.6394260239367392,0.0075260136897365255,0.4212065669651856,0.5214140178574422,0.9901960783342946,0.9999999999009902,0.9950980391669069
875,0.001,0.5861756993191582,0.5860454482691628,0.0002605106126013977,0.7594128059803156,0.6388810919780358,0.6331845416742212,0.011393141585822199,0.44087203754876214,0.5368412330931743,0.9803921567666283,0.9999999999000001,0.9901960783828335
876,0.001,0.5834037448678698,0.5832839288881847,0.00023963247414420557,0.7681902955828608,0.6390890899826499,0.6355564494927725,0.007065279117109729,0.4270932015096433,0.5261561895448332,0.9901960783342946,0.9999999999009902,0.9950980391669069
877,0.001,0.5799541239227567,0.5798500574060849,0.00020813396817434944,0.7729954535712468,0.6357928111272699,0.6318228455150828,0.00793991546493535,0.43931509641396177,0.5355859236651368,0.9901960783342946,0.9999999999009902,0.9950980391669069
878,0.001,0.5807157903909683,0.5805908803428922,0.00024982166178233456,0.7665730405138964,0.6391070368243199,0.6327729616679397,0.012668180735964402,0.4498742991032268,0.543420102949836,0.9803921567666283,0.9999999999000001,0.9901960783828335
879,0.001,0.5793089770845005,0.5791981273463794,0.00022170724605530268,0.773229782433757,0.6451670264496523,0.6392136052543042,0.01190686970949173,0.4175179487914499,0.5184377032533964,0.9901960783342946,0.9999999999009902,0.9950980391669069
880,0.001,0.5830718129873276,0.5829398259520531,0.00026398734943151273,0.7590498217791923,0.6432516639139138,0.6376247855962491,0.0112537947099875,0.42666928577461455,0.5261408207430295,0.9901960783342946,0.9999999999009902,0.9950980391669069
881,0.001,0.5893360163484301,0.5891505522387368,0.0003709259014742981,0.7648144279343237,0.6400942545311123,0.6350436082073286,0.01010130648957748,0.42852269497577167,0.5272797790499099,0.9901960783342946,0.9999999999009902,0.9950980391669069
882,0.001,0.5873113732252803,0.587203531392983,0.00021568904035770435,0.748830772310165,0.6396527927295834,0.6326847859457427,0.013935985901922571,0.44084984220341,0.5367181979309713,0.9901960783342946,0.9999999999009902,0.9950980391669069
883,0.001,0.5831738838127681,0.5830349336777415,0.00027790671941017663,0.75482776917565,0.6462585557909573,0.636053064290215,0.020411014821672558,0.4384747255870744,0.5348654943706537,0.9901960783342946,0.9999999999009902,0.9950980391669069
884,0.001,0.5852437892130443,0.5851072381649699,0.00027309396968381146,0.758096350405685,0.6397651509911406,0.6332420554815554,0.013046206102943887,0.4394822820787129,0.5357175825977926,0.9901960783342946,0.9999999999009902,0.9950980391669069
885,0.001,0.586826992886407,0.5867107925670487,0.00023240340098189854,0.7545525691508658,0.6370334064259249,0.6310503739936679,0.011966059440929516,0.4570071757183013,0.5483953843312712,0.9901960783342946,0.9999999999009902,0.9950980391669069
886,0.001,0.5781324335506984,0.5780054054089955,0.000254060942097567,0.7709406956998069,0.640720909132677,0.6360905848297418,0.009260653490748475,0.4357400599157644,0.5329627640861893,0.9901960783342946,0.9999999999009902,0.9950980391669069
887,0.001,0.5848321190902165,0.5847111940383911,0.0002418463362638639,0.7626741262789484,0.6592625467216268,0.6523057128868851,0.013913633511858243,0.39836372589485913,0.5035968790254082,0.9901960783342946,0.9999999999009902,0.9950980391669069
888,0.001,0.5870531009776252,0.5869169746126447,0.0002722486993401877,0.7597138397206937,0.6390922116298302,0.6315931204487296,0.014998202851297809,0.45788060418672755,0.5490934935252497,0.9901960783342946,0.9999999999009902,0.9950980391669069
889,0.001,0.5835188020552907,0.5833663493394852,0.00030490493398766764,0.7529788350651919,0.6373753874909645,0.6297498900516361,0.01525101624429226,0.46110268728039805,0.551406765481593,0.9901960783342946,0.9999999999009902,0.9950980391669069
890,0.001,0.5867685845920018,0.5866121969052723,0.00031276774825528264,0.759364351168581,0.6406317265594706,0.6360480008172054,0.009167435652046812,0.43268593302845004,0.5306218673972837,0.9901960783342946,0.9999999999009902,0.9950980391669069
891,0.001,0.5851626162018094,0.5850257862891469,0.0002736616671817111,0.7567050586949818,0.6443783757733363,0.6386344210774291,0.011487937112357103,0.41369348796072325,0.515579377668245,0.9901960783342946,0.9999999999009902,0.9950980391669069
892,0.001,0.5832870804837772,0.5831588889871325,0.0002563805251806376,0.7565584525697654,0.6393484093394934,0.6334283825229196,0.01184005432707422,0.4472119118558215,0.5414803332948308,0.9803921567666283,0.9999999999000001,0.9901960783828335
893,0.001,0.5856392138770649,0.5855202323624066,0.00023796750818811624,0.7537062482220261,0.6392657347753936,0.6328477117360807,0.012836069818220887,0.43951032263721934,0.5358280274678627,0.9901960783342946,0.9999999999009902,0.9950980391669069
894,0.001,0.5862270082746234,0.5861303529569081,0.00019331473413330968,0.7615628917260961,0.6410740146449968,0.6365769704182943,0.00899410423110513,0.4221470792248705,0.5222519714076752,0.9901960783342946,0.9999999999009902,0.9950980391669069
895,0.001,0.5853560098579952,0.5852582954934665,0.00019543035237542687,0.7673699642913319,0.6509655006960327,0.6455850355765399,0.010760889662539257,0.41359291403701137,0.5153722671828298,0.9901960783342946,0.9999999999009902,0.9950980391669069
896,0.001,0.5881538731711251,0.5879991906029838,0.0003093666225270551,0.7611341830802058,0.6485412488965427,0.6432701752466314,0.01054218451620317,0.41061924436867714,0.5129709783958096,0.9901960783342946,0.9999999999009902,0.9950980391669069
897,0.001,0.5833207070827484,0.5830719332609858,0.0004975543028454662,0.7623053109891675,0.6418866515159607,0.6302923303024441,0.023188678584262438,0.4606142625257107,0.5510378616898983,0.970588235198962,0.9999999998989899,0.9852941175987601
898,0.001,0.584364730332579,0.5841654720050948,0.00039851647644744456,0.7607399449161208,0.6390225273721358,0.6373623329050401,0.0033203670389804186,0.4373867782307192,0.5342153128174909,0.9999999999019609,0.9999999999019609,0.9999999999509803
899,0.001,0.5827962947743279,0.5826892011931964,0.0002141870798888184,0.7668465372381028,0.6378195525384417,0.6337718642225453,0.008095391496431594,0.44311776067554165,0.5384585975966408,0.9901960783342946,0.9999999999009902,0.9950980391669069
900,0.001,0.5833412493978228,0.5832084396055767,0.00026562287530396134,0.7724860963329611,0.6451744536558787,0.6408529784165177,0.008642951976142678,0.4165796999972517,0.517556571357957,0.9901960783342946,0.9999999999009902,0.9950980391669069
901,0.001,0.5856311236109052,0.5855166773710933,0.00022888157971984974,0.7662883714093838,0.6462138096491495,0.6394403232078926,0.013546985190580873,0.4190990125334721,0.5198811767042603,0.9901960783342946,0.9999999999009902,0.9950980391669069
902,0.001,0.5831921313490186,0.5831008042607989,0.00018265420177548158,0.7659622740912374,0.6386897248380324,0.6346882254469628,0.008003012514581867,0.4389419210179246,0.5353546762478458,0.9901960783342946,0.9999999999009902,0.9950980391669069
903,0.001,0.5847796595522335,0.5846630888325828,0.0002331319332630041,0.7554216774168145,0.6438645416615056,0.6372112135092417,0.01330662964313638,0.4270769659689659,0.5263778046139607,0.9901960783342946,0.9999999999009902,0.9950980391669069
904,0.001,0.5825626913990293,0.5824686863592693,0.0001880056944563486,0.7690958201849094,0.6425105052835801,0.6315055705753028,0.022009884920336453,0.4545259747493445,0.5465821781576371,0.970588235198962,0.9999999998989899,0.9852941175987601
905,0.001,0.5817349872418812,0.581569356577737,0.00033125477810764484,0.7519533430747185,0.640260879315582,0.6344119444781658,0.011697890620459528,0.4289108910733332,0.5275049539969422,0.9901960783342946,0.9999999999009902,0.9950980391669069
906,0.001,0.5866415309054511,0.5864992439746857,0.0002845658338108998,0.7560333389281885,0.6386519220529818,0.6365981324046266,0.004107589356363842,0.4263896915910355,0.5255495195820464,0.9999999999019609,0.9999999999019609,0.9999999999509803
907,0.001,0.584223350243909,0.5837031805089542,0.00104034256777855,0.7561837641852432,0.6400914969397526,0.6374014464079165,0.005380115070033307,0.43017994200833237,0.5286795596537798,0.9999999999019609,0.9999999999019609,0.9999999999509803
908,0.001,0.5910764943276133,0.5904689335397312,0.0012151188342873606,0.747340375622181,0.6417561044879988,0.6346781055132548,0.014155988024511174,0.453090983173622,0.5455074869819738,0.9901960783342946,0.9999999999009902,0.9950980391669069
909,0.001,0.5867427055324826,0.5865810992462295,0.0003232164235669188,0.7551709512479663,0.6472087192769144,0.6303966238218195,0.0336241903258305,0.460686229550145,0.5509582018712109,0.9803921567666283,0.9900990098029605,0.9852941175987601
910,0.001,0.5885286937866893,0.5883873552083969,0.00028267134530324256,0.7511468843350626,0.635268558474148,0.6326128793697731,0.0053113375735633515,0.44383627139648324,0.5389544164412167,0.9999999999019609,0.9999999999019609,0.9999999999509803
911,0.001,0.5869044257061822,0.5863806541476931,0.001047547891695493,0.7489006902124389,0.6507586252455618,0.636404371729084,0.028708524892435354,0.4515352107191308,0.5442975585741777,0.970588235198962,0.9999999998989899,0.9852941175987601
912,0.001,0.5882208049297333,0.5880308076739311,0.00038000459062459413,0.7471543757756495,0.6473425211859685,0.6368477081551271,0.020989593264519,0.4378222920249837,0.5345391329257527,0.9901960783342946,0.9901960783342946,0.9901960783828335
913,0.001,0.5846792949097497,0.58451097458601,0.00033663764770608395,0.7510625911991401,0.6400375179215974,0.6318259940427893,0.016423050314188004,0.457303960575549,0.5486782680586332,0.9901960783342946,0.9999999999009902,0.9950980391669069
914,0.001,0.5838323778339795,0.5837280058435032,0.0002087436674368551,0.7540001620866397,0.6399421913951051,0.6356698823910133,0.008544587712807982,0.424681558877635,0.5243912585369682,0.9901960783342946,0.9999999999009902,0.9950980391669069
915,0.001,0.5831447350127357,0.5830366909503937,0.00021609149332237263,0.7714540731722258,0.6394181122966841,0.6337362931055182,0.011363659547094037,0.4365452696756319,0.5335221967270001,0.9901960783342946,0.9999999999009902,0.9950980391669069
916,0.001,0.5824756058199065,0.5823576865451676,0.00023584122780968237,0.7708949697589224,0.6433623287023282,0.6383043188674777,0.010116072992483774,0.41906921498515826,0.5197214729350547,0.9901960783342946,0.9999999999009902,0.9950980391669069
917,0.001,0.5841983471597944,0.5840824001601764,0.00023189443683285,0.758911292347615,0.6477078176012226,0.6409954019621307,0.013424828356387569,0.4253672531499086,0.5250986877315791,0.9803921567666283,0.9999999999000001,0.9901960783828335
918,0.001,0.5819508976169995,0.5817766902702195,0.0003484052767167408,0.7658481390731965,0.6431830794203515,0.6344376399236566,0.01749083089331786,0.438707706632786,0.53518720424582,0.9803921567666283,0.9999999999000001,0.9901960783828335
919,0.001,0.5859519764780998,0.5858408755489758,0.0002222078650707512,0.7475932482456925,0.6369264838742275,0.629708419827854,0.01443613035713925,0.4613731542867371,0.5515921771713046,0.9803921567666283,0.9900990098029605,0.9852941175987601
920,0.001,0.582753452871527,0.5826103910803795,0.0002861230623238953,0.7567700759576582,0.6400458409505732,0.638534302220625,0.003023103226487543,0.41618123529096085,0.5173298942290679,0.9999999999019609,0.9999999999019609,0.9999999999509803
921,0.001,0.5821422679083688,0.5820340429033551,0.0002164485958928708,0.7589729928294947,0.6432674977124906,0.6410781665175569,0.004378681573286361,0.40705344785428466,0.5100728670395985,0.9999999999019609,0.9999999999019609,0.9999999999509803
922,0.001,0.5878358344946589,0.5874982997775078,0.0006750717641677641,0.7575141917055133,0.6559049130654803,0.6389710546708575,0.03386768818759889,0.4388448683271838,0.5352556915046053,0.970588235198962,0.9999999998989899,0.9852941175987601
923,0.001,0.5848602099078042,0.5845583379268646,0.0006037509946119306,0.7502704672885784,0.635949089830997,0.6330002885238797,0.005897572816477395,0.4466070424863044,0.5409578547346341,0.9901960783342946,0.9999999999009902,0.9950980391669069
924,0.001,0.5866437714014735,0.5864948353597096,0.0002978650357233294,0.7599211886328666,0.6433649337759205,0.6372945916418936,0.01214069847528841,0.41929996474385256,0.5197191287102102,0.9901960783342946,0.9999999999009902,0.9950980391669069
925,0.001,0.5854839512280056,0.5853826052376202,0.00020267578163059494,0.7518837597684664,0.6383620506408167,0.6307461185782564,0.015231838997672586,0.457662701663546,0.5487909442923876,0.9901960783342946,0.9901960783342946,0.9901960783828335
926,0.001,0.5855167093021529,0.5853643640875816,0.0003046956220974347,0.7527639601166819,0.640536519242268,0.634182972650902,0.012707088133502825,0.4336380210825425,0.5313165851396107,0.9901960783342946,0.9999999999009902,0.9950980391669069
927,0.001,0.5856235761727605,0.5844305178948811,0.002386104353198399,0.7581248934377819,0.6470949153105418,0.6357518481273278,0.022686157485141474,0.42238932242354266,0.5224967908873799,0.9901960783342946,0.9999999999009902,0.9950980391669069
928,0.001,0.6132113848413739,0.5945001670292446,0.03742243228875201,0.7358227984428035,0.7017064959395165,0.670217327043122,0.0629783618245639,0.3576950140500058,0.470016024731942,0.9607843136312957,0.9702970296069013,0.9656862744624664
929,0.001,0.6703762369496482,0.624664232134819,0.09142402083879071,0.6574206192250239,0.7190299425639358,0.664224938434713,0.1096100205299901,0.4156488721210405,0.5166775386993295,0.901960784225298,0.9892473117215864,0.9460784313261726
930,0.001,0.6282312167542321,0.6139209717512131,0.028620480081631934,0.6698830751639206,0.7195676565170288,0.6491344430867363,0.14086642802930346,0.4329937833402033,0.5299835513967608,0.9313725489282969,0.9895833332302518,0.9607843136783929
931,0.001,0.6068206174033028,0.6029790065118245,0.007683230291669523,0.7049989871896852,0.6485212795874652,0.633489832574246,0.030062843260227467,0.44778224083533275,0.5418141977419679,0.9901960783342946,0.9805825241766425,0.9852941175987601
932,0.001,0.5976151355675289,0.594763665327004,0.005702945123110632,0.7292231817063438,0.6515162365109313,0.6396485274913264,0.023735394244830982,0.4352604261584043,0.5325135697265372,0.9901960783342946,0.9999999999009902,0.9950980391669069
933,0.001,0.599270689700331,0.5951905942388943,0.008160187812921191,0.7358655187862025,0.6482354612911448,0.6349986610459346,0.0264736264578852,0.4367875261575604,0.533683836602592,0.9901960783342946,0.9805825241766425,0.9852941175987601
934,0.001,0.5907424028430667,0.5898810284478324,0.001722745793813374,0.735402774022788,0.6462133930009955,0.6310890737701865,0.030248687054742786,0.43657245369005226,0.5335539449114356,0.9901960783342946,0.9901960783342946,0.9901960783828335
935,0.001,0.5878436522824424,0.586879948420184,0.0019274016927478702,0.7525729829366343,0.6420620685698939,0.6327620061004863,0.018600103025342905,0.4439038731874052,0.5390337631539397,0.9901960783342946,0.9901960783342946,0.9901960783828335
936,0.001,0.5881787442735263,0.5860137779797826,0.004329943380331055,0.7584473830656941,0.6534516396475774,0.6333452381339728,0.04021280025150262,0.44442333422798186,0.5394554276936921,0.9803921567666283,0.9900990098029605,0.9852941175987601
937,0.001,0.5849167864237513,0.5844901906592506,0.0008531860499455693,0.7589397682878608,0.6388663363222983,0.6284258762995402,0.020880924464732994,0.443476293179525,0.5386855266702826,0.9803921567666283,0.9900990098029605,0.9852941175987601
938,0.001,0.5844421684741974,0.5841818153858185,0.0005207057822969675,0.7641400827824755,0.6492989764494055,0.6359029908974966,0.02679196496804555,0.4278035972422903,0.5267796461749497,0.9803921567666283,0.9900990098029605,0.9852941175987601
939,0.001,0.5863139341984477,0.585844139967646,0.000939589132810527,0.7475486834614474,0.6432864794544145,0.6317360593992121,0.02310080083050564,0.4382362778463549,0.5348695796202327,0.9803921567666283,0.9900990098029605,0.9852941175987601
940,0.001,0.5821867521320071,0.5819757602044514,0.0004219851351600872,0.7666330470746187,0.6439886402850058,0.6311974624792734,0.025582331871869517,0.44691862005623084,0.5412712475531342,0.9803921567666283,0.9900990098029605,0.9852941175987601
941,0.001,0.5821659011500222,0.5819260744111878,0.0004796473700220564,0.7597907406958783,0.6447280236319,0.632417679417367,0.024620673016590232,0.4371130238301115,0.5338884402691535,0.9803921567666283,0.9900990098029605,0.9852941175987601
942,0.001,0.5807827987841198,0.5806083029934338,0.0003490033595880959,0.770172190172058,0.6387332461628259,0.6291413540933647,0.019183801596655566,0.4419506550233243,0.5374657112484161,0.9901960783342946,0.9999999999009902,0.9950980391669069
943,0.001,0.5815141605479377,0.5812837513429778,0.0004608173629614092,0.7748677730842827,0.6441404720147451,0.6340039132856855,0.020273146931739414,0.4310889989601363,0.5292653240531227,0.9901960783342946,0.9901960783342946,0.9901960783828335
944,0.001,0.585727894944804,0.5855445829885346,0.00036661721216140516,0.7579049211501527,0.6452991366386414,0.6320243407698238,0.02654958582099746,0.45145083237803946,0.544507909588025,0.9803921567666283,0.9900990098029605,0.9852941175987601
945,0.001,0.5850645921060017,0.5848836228251457,0.00036192185065634215,0.7562414144438369,0.6446746622814852,0.6330473972301857,0.02325453099739902,0.4349737682932872,0.5322777508889501,0.9901960783342946,0.9901960783342946,0.9901960783828335
946,0.001,0.5832946438874517,0.5831417718103954,0.00030574461197829805,0.7633269927282663,0.64729142890257,0.6314757968865189,0.031631273381850296,0.45816691410327726,0.5493291978467122,0.9803921567666283,0.9900990098029605,0.9852941175987601
947,0.001,0.5847411240850177,0.5846015970621791,0.00027905367278435733,0.7752882189712226,0.64085565478194,0.631923552237305,0.01786422181655379,0.44446979228094957,0.5394109268505818,0.9901960783342946,0.9901960783342946,0.9901960783828335
948,0.001,0.5822503353868212,0.582113082919802,0.0002745006238131152,0.77142138514067,0.6427552898724874,0.6318211380173179,0.021868302395530774,0.44573325358909033,0.5404040713270162,0.9901960783342946,0.9901960783342946,0.9901960783828335
949,0.001,0.5775321924260685,0.5773640051484108,0.00033636544971419165,0.7739173395179507,0.6397494229615903,0.6328185627273485,0.013861696948023403,0.4397756553373402,0.5359718986169175,0.9901960783342946,0.9901960783342946,0.9901960783828335
950,0.001,0.581901171377727,0.5817566407578332,0.0002890597432789426,0.7735118931383526,0.6405754884084066,0.6337997475091148,0.013551497284103842,0.4343316933035262,0.5317332749258498,0.9901960783342946,0.9999999999009902,0.9950980391669069
951,0.001,0.5830578963671412,0.5829190239310265,0.0002777404131068449,0.7667796026886526,0.6436090282365388,0.6357048644739038,0.0158082987638373,0.42768242933155837,0.5265519423882369,0.9901960783342946,0.9999999999009902,0.9950980391669069
952,0.001,0.5801619663834572,0.5800277143716812,0.0002685012979262475,0.770297722055875,0.6529610688779869,0.6448939255639619,0.016134313800755667,0.4103406364106968,0.5128703061917239,0.9901960783342946,0.9999999999009902,0.9950980391669069
953,0.001,0.5857731636081424,0.5855362308876855,0.00047385646913815957,0.7597270686644189,0.6461431588612351,0.6400128304958344,0.012260613780395658,0.4216269048253109,0.5219938679626804,0.9901960783342946,0.9999999999009902,0.9950980391669069
954,0.001,0.580185319696154,0.5800747903329986,0.00022106046591423883,0.7630001940053045,0.6470790803432465,0.6396151845361672,0.014927771252890428,0.42208225696188195,0.5222814550898295,0.9901960783342946,0.9999999999009902,0.9950980391669069
955,0.001,0.5847174546548298,0.5845519634229797,0.0003309831962334491,0.760436233279948,0.6404357190225639,0.6337456259072995,0.01338020606222106,0.4359842253774475,0.5329948039315722,0.9803921567666283,0.9999999999000001,0.9901960783828335
956,0.001,0.5812906111989703,0.5811720309512955,0.0002371613722321594,0.761151384808959,0.6427377859751383,0.636870683408251,0.011734214465261674,0.4277713240697566,0.5268252727196793,0.9901960783342946,0.9999999999009902,0.9950980391669069
957,0.001,0.5804710728781564,0.5803385781390327,0.0002649869701209744,0.7733759549248985,0.6451604541610269,0.6395536842299443,0.011213513419908635,0.41972448508729926,0.5198923027731865,0.9901960783342946,0.9999999999009902,0.9950980391669069
958,0.001,0.5892464550478118,0.5891109726258686,0.000270961192654795,0.7489510937734855,0.6441493688845167,0.6393869998408299,0.009524740881341346,0.42046751469465327,0.5210117638039984,0.9901960783342946,0.9999999999009902,0.9950980391669069
959,0.001,0.5789178056376321,0.5787803158164024,0.00027498910458234604,0.7755883394097,0.6427087141018287,0.636220740921357,0.012975993986223257,0.4240498293458136,0.5237509210099816,0.9901960783342946,0.9999999999009902,0.9950980391669069
960,0.001,0.5810767837933132,0.5809642608676638,0.00022504155172750222,0.768934693376239,0.6446154088366265,0.6389658988690844,0.011298986425732864,0.41506737598656585,0.5166392076794143,0.9901960783342946,0.9999999999009902,0.9950980391669069
961,0.001,0.5786087736487389,0.5784837060741016,0.00025012735035748586,0.77488723269962,0.6355625449442396,0.629606667102552,0.011911746351888367,0.454153700737595,0.5464982532420033,0.9901960783342946,0.9999999999009902,0.9950980391669069
962,0.001,0.5804012683885438,0.5802751460245678,0.0002522512155077753,0.7771952171933415,0.64226721256387,0.6369396676035488,0.010655079867836892,0.42392661329797776,0.523467522963351,0.9901960783342946,0.9999999999009902,0.9950980391669069
963,0.001,0.5813276544213295,0.5812138957636697,0.00022752398555374903,0.7763006575986828,0.6386932193064222,0.6303799678297604,0.016626505436850528,0.45871975279596755,0.549624465945755,0.9803921567666283,0.9999999999000001,0.9901960783828335
964,0.001,0.5782594116670745,0.5781582785504205,0.00020227277335444733,0.7786864873575136,0.6439818418493458,0.6339077213231255,0.020148247663004725,0.43780133735727383,0.5344142805767439,0.9901960783342946,0.9901960783342946,0.9901960783828335
965,0.001,0.5790302987609591,0.578919995043959,0.00022061603704059962,0.7782219052831808,0.6399677495161692,0.6321908054398555,0.015553859847725606,0.45219819204932327,0.5450921523158565,0.9901960783342946,0.9901960783342946,0.9901960783828335
966,0.001,0.580757067671844,0.5803367389099938,0.0008406579236179823,0.7670749208422779,0.6563631179285985,0.6299514858161702,0.05282324102396766,0.45879829080216444,0.5496751303547572,0.9901960783342946,0.9901960783342946,0.9901960783828335
967,0.001,0.6328852006367275,0.6042336821556091,0.057303039211547,0.7040643805632802,0.7782576119198519,0.6658260664519142,0.22486308272288857,0.4076933534053935,0.5101628802742116,0.9509803920636294,0.9603960395088718,0.9558823528943194
968,0.001,0.619573889034135,0.6078833171299526,0.02338113510528014,0.699579650899553,0.6591532084287381,0.6346865360643349,0.04893334071133651,0.45345923432238394,0.5455945390347137,0.9803921567666283,0.9999999999000001,0.9901960783828335
969,0.001,0.598810321518353,0.5966997125319072,0.0042212253943684375,0.7257216667203078,0.6417357980036268,0.6349492674949122,0.013573072741136831,0.45214002588492574,0.5448457246758904,0.9901960783342946,0.9901960783342946,0.9901960783828335
970,0.001,0.5898127481341362,0.5889555513858795,0.0017143889136994922,0.7446586267324597,0.6480322784068537,0.6381823987353081,0.019699757206527627,0.43010188541923783,0.528662189661604,0.9803921567666283,0.9999999999000001,0.9901960783828335
971,0.001,0.5895947228584971,0.5889612776892525,0.001266885561043247,0.7561620359425026,0.6461840838778252,0.6369806177475873,0.01840694100760362,0.43155093532237904,0.5297110787927636,0.9901960783342946,0.9901960783342946,0.9901960783828335
972,0.001,0.5902727086629186,0.587758196251733,0.00502902283655463,0.7513822833044047,0.6519365433384391,0.637860537744036,0.02815200666002199,0.4223501302583855,0.5225818334349985,0.9901960783342946,0.9999999999009902,0.9950980391669069
973,0.001,0.5829401793224471,0.5818099070872579,0.002260553433318689,0.7641542394769859,0.6431108105416391,0.6388125419616699,0.008596505526928049,0.4206334229702191,0.5209918251437544,0.9901960783342946,0.9901960783342946,0.9901960783828335
974,0.001,0.5879413219434875,0.5863617307373455,0.0031591796832799446,0.7540460033422517,0.6443554922646167,0.6353631487079695,0.017984667500736667,0.45206442028171556,0.5447225014070969,0.9999999999019609,0.9902912620397776,0.9950980391669069
975,0.001,0.5863721626145499,0.5848390609025955,0.0030661900714871342,0.7493852662082758,0.6635112949446136,0.6331784298606947,0.060665757340543414,0.4533637769857641,0.5455656510549535,0.970588235198962,0.9899999999010001,0.9803921568146866
976,0.001,0.5849849571074758,0.5844129366534097,0.0011440313127033214,0.7618895331793881,0.6433888767279831,0.6345282325557634,0.017721283377385606,0.4447517720306431,0.5395549559471348,0.9803921567666283,0.9999999999000001,0.9901960783828335
977,0.001,0.5850545135991914,0.5832412104521479,0.0036265994474108864,0.7551503404800889,0.6374201751222798,0.6315999901762196,0.011640340875030733,0.4493886689519695,0.5430227419661172,0.9999999999019609,0.9902912620397776,0.9950980391669069
978,0.001,0.585546752171857,0.5851827913096973,0.0007279264102960172,0.7617137275834978,0.6526488141686309,0.6435259253370995,0.018245816723827052,0.41205486302379773,0.5140858698392573,0.9803921567666283,0.9999999999000001,0.9901960783828335
979,0.001,0.5794316264135497,0.5791913909571511,0.0004804706524217701,0.7613785034229242,0.6363663147477543,0.6310379873303806,0.01065665666087001,0.45240800998688047,0.5452422104400658,0.9901960783342946,0.9999999999009902,0.9950980391669069
980,0.001,0.5824073191199984,0.5822332692997796,0.0003481019193714019,0.7593246823242233,0.6406412013605529,0.6355476420299679,0.010187174997055064,0.43025262685688903,0.528753607848065,0.9901960783342946,0.9999999999009902,0.9950980391669069
981,0.001,0.5789100655487606,0.5787636126790728,0.0002929002948803827,0.7758454097244315,0.637267013390859,0.6308795231230119,0.012774955371723455,0.4607358655846713,0.5510991832447225,0.9901960783342946,0.9999999999009902,0.9950980391669069
982,0.001,0.5842080361076764,0.5840671009251049,0.0002818715217602273,0.7563812130969222,0.6404969663012261,0.6348331523876564,0.011327626384502533,0.4297643028922003,0.5283577521431987,0.9901960783342946,0.9999999999009902,0.9950980391669069
983,0.001,0.5812566610319274,0.5810933751719338,0.0003265780848908305,0.7630169216299103,0.6336657568520191,0.6302063932605818,0.006918720097518435,0.4493948022272274,0.5430754494411282,0.9901960783342946,0.9999999999009902,0.9950980391669069
984,0.001,0.5835933749164853,0.5834235229662487,0.0003397057321957878,0.7650465512531708,0.6463124699452344,0.639891959288541,0.012841044888630802,0.4184401750172909,0.5196267359391626,0.9901960783342946,0.9999999999009902,0.9950980391669069
985,0.001,0.584083864731448,0.5839435905218124,0.00028054145150235854,0.761867222062741,0.6409322321414948,0.63592282872574,0.010018825330132363,0.42783254151989786,0.5266976780051069,0.9901960783342946,0.9999999999009902,0.9950980391669069
986,0.001,0.5807086271899087,0.5805573229278836,0.0003026126208039516,0.7662779615866006,0.6369169623244042,0.6330477712201137,0.007738418091892027,0.437407240001723,0.534116912132486,0.9901960783342946,0.9999999999009902,0.9950980391669069
987,0.001,0.5800573197858674,0.5798852284039769,0.0003441730924740633,0.7778767237723255,0.6417169027468738,0.6350203670707404,0.01339310214069544,0.4365511208081852,0.5334997252116684,0.9901960783342946,0.9999999999009902,0.9950980391669069
988,0.001,0.5793523575578418,0.5791774690151215,0.00034976995682102697,0.766756093514463,0.636504247492435,0.6311589274920669,0.010690670679597294,0.4605049018710915,0.5508256681351216,0.9901960783342946,0.9999999999009902,0.9950980391669069
989,0.001,0.5804151488201958,0.5802842261535781,0.00026184933540207567,0.7706318826684276,0.6458641197167191,0.6391503360925936,0.013427595078360801,0.4205191596577153,0.5210911614572293,0.9901960783342946,0.9999999999009902,0.9950980391669069
990,0.001,0.5812330288546426,0.5811026160206113,0.00026083010483749343,0.7773872879718725,0.6429948280839359,0.6386640983469346,0.008661477881319383,0.4225230227273889,0.5228493095293182,0.9901960783342946,0.9999999999009902,0.9950980391669069
991,0.001,0.5774438860160964,0.5773158520460129,0.0002560696831486504,0.7834489463009667,0.6414176675618863,0.6382125066775902,0.0064103097527050505,0.42077047665622513,0.5209584989985091,0.9999999999019609,0.9999999999019609,0.9999999999509803
992,0.001,0.5826194552438599,0.5825066300375121,0.00022565066475570866,0.761109209892272,0.6444462648793763,0.637492412445592,0.013907708446769154,0.42848646455233336,0.5274198933411943,0.9803921567666283,0.9999999999000001,0.9901960783828335
993,0.001,0.5854271277785301,0.5852877497673035,0.00027875137545509333,0.7666329558394083,0.6564493518249661,0.6478679466481302,0.017162811303255605,0.40539616854873123,0.508690201330509,0.9803921567666283,0.9999999999000001,0.9901960783828335
994,0.001,0.5828636522803988,0.5827511208398002,0.00022505454061112168,0.7641528706720273,0.6381772744889352,0.6330878045044693,0.010178969661686934,0.43360630949861234,0.5312101985009869,0.9901960783342946,0.9999999999009902,0.9950980391669069
995,0.001,0.5807769628507751,0.5806622728705406,0.00022939039731032347,0.7775625005347307,0.6374470579857919,0.6340369143906761,0.0068202593966442,0.4348248003232625,0.5322952006799636,0.9901960783342946,0.9999999999009902,0.9950980391669069
996,0.001,0.5803649021046502,0.5802586376667023,0.00021252100227034783,0.7767301270278464,0.6544062144616071,0.6466095541037765,0.015593315675562503,0.4099818234710159,0.5124491952163527,0.9901960783342946,0.9999999999009902,0.9950980391669069
997,0.001,0.5821523198059627,0.5820159156407628,0.00027280407110603325,0.7693512739435846,0.6537572203897962,0.651346740769405,0.004821006208658218,0.3987464693490771,0.5028768872438707,0.9999999999019609,0.9999999999019609,0.9999999999509803
998,0.001,0.5764464129294667,0.576317307140146,0.00025820936259281425,0.7818161384514468,0.6356998459965575,0.6321786788164401,0.0070422921037557075,0.4570494599254548,0.5484982210800667,0.9901960783342946,0.9999999999009902,0.9950980391669069
999,0.001,0.5763304616723742,0.576206345643316,0.00024822687633526845,0.775415010523676,0.6517776694952273,0.6474213156045652,0.008712739236287627,0.41004434104910653,0.5126310897902172,0.9901960783342946,0.9999999999009902,0.9950980391669069
1000,0.001,0.581786073744297,0.5816730558872223,0.00022603840911220426,0.7702862866737111,0.6438835549588297,0.639627501076343,0.008512100241347855,0.42129387468195195,0.5216224955274881,0.9901960783342946,0.9999999999009902,0.9950980391669069
1001,0.001,0.58466751234872,0.5845360000218663,0.0002630259602613348,0.7667992618927497,0.6411498510370067,0.6372563762992036,0.007786956268782709,0.4297872780985867,0.5283333889164262,0.9901960783342946,0.9999999999009902,0.9950980391669069
1002,0.001,0.5792338624596596,0.5790975253496852,0.00027266813464978313,0.7826194211543106,0.6444699255859151,0.6381953171655244,0.012549226793150106,0.42677097249263,0.5260899637414188,0.9803921567666283,0.9999999999000001,0.9901960783828335
1003,0.001,0.583683118224144,0.5835869823183332,0.00019226373426915546,0.7594419641059458,0.6494014508583966,0.6412532767828774,0.01629637579853628,0.4126664985052187,0.5149668139495756,0.9901960783342946,0.9999999999009902,0.9950980391669069
1004,0.001,0.5774212192211833,0.5772721150091716,0.00029821033331245417,0.773550373127601,0.6440315749130997,0.6371909274774439,0.013681270017781678,0.4393834563502398,0.5356948579603381,0.9901960783342946,0.9999999999009902,0.9950980391669069
1005,0.001,0.5777742096355983,0.5776486588375909,0.0002510889761262141,0.7641943885652936,0.6422628742807052,0.6374414452150756,0.009642815180853302,0.4247309716343032,0.5244976249142878,0.9901960783342946,0.9999999999009902,0.9950980391669069
1006,0.001,0.5853436429585729,0.5852034219673702,0.00028044198578364946,0.7678775383662017,0.6477102134741989,0.6431235776228064,0.009173314214921464,0.41779574305657735,0.5189366631248493,0.9901960783342946,0.9999999999009902,0.9950980391669069
1007,0.001,0.5818173225436892,0.5816909362162862,0.00025277872399393734,0.7703205680098625,0.6496554028754141,0.643541063748154,0.012228657217586742,0.41056577403337413,0.5131443708496849,0.9901960783342946,0.9999999999009902,0.9950980391669069
1008,0.001,0.5817487963608333,0.5816001753721919,0.0002972370048155426,0.767230617696355,0.6402877464013941,0.6325245750885383,0.015526318813071531,0.4528521372369512,0.5454737262048645,0.9901960783342946,0.9999999999009902,0.9950980391669069
1009,0.001,0.578667163848877,0.5785370618104935,0.0002602083422971191,0.7790540457507019,0.6435262455659754,0.6390096083575604,0.00903329297023661,0.42043374540852346,0.5209484122086642,0.9901960783342946,0.9999999999009902,0.9950980391669069
1010,0.001,0.5789533874818257,0.578856172306197,0.00019442258027473663,0.7706778701533208,0.6462754209836324,0.6417478924872828,0.009055105914526126,0.41768658604647185,0.518649868560238,0.9901960783342946,0.9999999999009902,0.9950980391669069
1011,0.001,0.5805934646299907,0.5804912405354636,0.0002044585235125851,0.7682405070634681,0.6416269996586967,0.6325765661164826,0.01810085751554545,0.45656245318990174,0.548131945545636,0.9803921567666283,0.9999999999000001,0.9901960783828335
1012,0.001,0.5780714792864663,0.5779427311250142,0.00025750636606452256,0.7762545038988359,0.6394324641601712,0.6344435472114414,0.009977860047536738,0.4323985375321358,0.5304953408344194,0.9901960783342946,0.9999999999009902,0.9950980391669069
1013,0.001,0.5762246538485799,0.5761242029922349,0.0002009050253296404,0.7837111320393773,0.637703557809194,0.6337824124915927,0.007842297921432,0.4402013462697789,0.536298796112455,0.9901960783342946,0.9999999999009902,0.9950980391669069
1014,0.001,0.5816776092563357,0.5815510685954776,0.0002530793759173581,0.7646585905881308,0.6432255453923169,0.6339645824011635,0.018521891505110497,0.4445380681840616,0.5394683115977227,0.9803921567666283,0.9999999999000001,0.9901960783828335
1015,0.001,0.5793482011982373,0.5791736149362156,0.00034917497941933107,0.7792246731526851,0.6429751047901079,0.6360669387321846,0.0138163337273998,0.4474967319664151,0.541527825562567,0.9901960783342946,0.9999999999009902,0.9950980391669069
1016,0.001,0.5756249683243888,0.5755185559391975,0.0002128179574875893,0.7830395750279795,0.6393115345169517,0.636399658871632,0.005823786854378733,0.4390496473267778,0.535344080387659,0.9901960783342946,0.9999999999009902,0.9950980391669069
1017,0.001,0.5783493763634137,0.5782266876527241,0.0002453685135281246,0.780840699000571,0.6409638237719443,0.6360986752837312,0.00973029246590301,0.4360175128489141,0.5331515820234829,0.9901960783342946,0.9999999999009902,0.9950980391669069
1018,0.001,0.577475725540093,0.5773800696645465,0.00019131375406037217,0.7866879444606256,0.6402524452583462,0.6349697656491223,0.010565369755175769,0.44478365168882766,0.5396549604163016,0.9803921567666283,0.9999999999000001,0.9901960783828335
1019,0.001,0.5775345297796386,0.5774136398519788,0.00024176693919538854,0.7842987273189311,0.6369830843280343,0.6335649548792371,0.006836268776918159,0.4545406974903814,0.5466862292186533,0.9901960783342946,0.9999999999009902,0.9950980391669069
1020,0.001,0.5781084256512778,0.5779601612261364,0.00029651715976797277,0.783396311558355,0.6389644817978728,0.634106372501336,0.009716248596269711,0.442144357017573,0.5377579432895088,0.9901960783342946,0.9999999999009902,0.9950980391669069
1021,0.001,0.5806870992694583,0.580581319119249,0.00021155539538345432,0.7690873501237869,0.6412091786954918,0.6360006197994831,0.010417120604246271,0.4381684243080728,0.5347993958317513,0.9901960783342946,0.9999999999009902,0.9950980391669069
1022,0.001,0.5778394660779408,0.5777268995131765,0.00022513496177063125,0.7734290207096751,0.6525570440526102,0.6474590932621676,0.010195874809926632,0.40565918448768395,0.5092366681602474,0.9901960783342946,0.9999999999009902,0.9950980391669069
1023,0.001,0.5786754382508141,0.5785601990563529,0.00023047954190198134,0.7688358284494637,0.6416114019412621,0.6374443816203698,0.00833404500621791,0.44060114351317275,0.5365193406978211,0.9901960783342946,0.9999999999009902,0.9950980391669069
1024,0.001,0.5810591152736119,0.5809256083198956,0.0002670070591973074,0.7692398539633569,0.64596413806373,0.6401259139472363,0.011676431761360635,0.41040027495906956,0.5125376271011833,0.9803921567666283,0.9999999999000001,0.9901960783828335
1025,0.001,0.5808028270091329,0.5806701279112271,0.0002653954387434559,0.7803779103650716,0.6445600051505893,0.6385240700899386,0.01207184674693089,0.42215351682047764,0.5223306879775143,0.9901960783342946,0.9999999999009902,0.9950980391669069
1026,0.001,0.5800380877086094,0.5799420720764569,0.0001920270608804588,0.7814080317049058,0.6491019147283891,0.6425908044272778,0.013022234864240768,0.4143164788528744,0.5163432741422692,0.9901960783342946,0.9999999999009902,0.9950980391669069
1027,0.001,0.5816286781004497,0.5815015382000378,0.0002542703415591469,0.7615365616072214,0.6407810256761663,0.635423924408707,0.010714227370187348,0.44165470147661307,0.5373731373810933,0.9901960783342946,0.9901960783342946,0.9901960783828335
1028,0.001,0.5767018475702831,0.5765682682394981,0.0002671574538908317,0.7743364210800766,0.6436794230750963,0.6382424434026083,0.01087392961569861,0.4303606885159653,0.5288233931904407,0.9901960783342946,0.9999999999009902,0.9950980391669069
1029,0.001,0.576902551310403,0.5767627986414092,0.00027950705589319114,0.7791610977893518,0.6449581483999888,0.6356227690098333,0.018670752717583786,0.4455848600209162,0.54017616443353,0.9803921567666283,0.9999999999000001,0.9901960783828335
1030,0.001,0.5772426277399063,0.5771080681255886,0.0002691202184256066,0.773058909712265,0.6505754449788261,0.6475908522512398,0.005969173987122143,0.4062741821790825,0.5096543687222339,0.9901960783342946,0.9999999999009902,0.9950980391669069
1031,0.001,0.5794257915445736,0.5792843135339873,0.00028294923036550505,0.7788041316594618,0.6369151578230017,0.6332319893088996,0.007366316429540223,0.4480241086734816,0.542047829473813,0.9901960783342946,0.9999999999009902,0.9950980391669069
1032,0.001,0.5771948162998471,0.577069878578186,0.0002498753866737908,0.7733754984107947,0.6464707605979022,0.6383612027355269,0.016219101736650747,0.43069510443000064,0.529031364704791,0.9803921567666283,0.9999999999000001,0.9901960783828335
1033,0.001,0.5794418730906078,0.5793184701885495,0.00024681650393176824,0.7653470475901151,0.638948848434523,0.6357661187648773,0.00636544310506068,0.4323062607861633,0.5301180168213949,0.9901960783342946,0.9999999999009902,0.9950980391669069
1034,0.001,0.5787414684891701,0.578643510384219,0.00019591611791318947,0.7699868902293682,0.6381059435068392,0.6322854395006218,0.011640992599959467,0.4478962479809114,0.5419504872355783,0.9901960783342946,0.9999999999009902,0.9950980391669069
1035,0.001,0.5808516485350472,0.5807521822197097,0.0001989246011362411,0.7731222134114552,0.6439981665097031,0.635127964557386,0.01774038169898239,0.4507730292385743,0.544025941976261,0.9901960783342946,0.9999999999009902,0.9950980391669069
1036,0.001,0.5831720999308995,0.5830169873578208,0.00031022378893145027,0.7621899493418555,0.6472574618517184,0.6396990237282771,0.015116856501930776,0.43866227785428163,0.535044896251531,0.9901960783342946,0.9901960783342946,0.9901960783828335
1037,0.001,0.5811505541205406,0.5809598490595818,0.0003814084215524157,0.7715505085684156,0.6500961874045578,0.6407396302503698,0.018713080470322396,0.4203225766266298,0.5208765409375014,0.9803921567666283,0.9999999999000001,0.9901960783828335
1038,0.001,0.5785939853106227,0.5784925924880164,0.0002027835946916769,0.7651187538120016,0.6423350292093614,0.6392233950250289,0.0062233079224824905,0.4392683071075183,0.5356301084778293,0.9901960783342946,0.9999999999009902,0.9950980391669069
1039,0.001,0.5769528895616531,0.5768439524940082,0.0002178774936640236,0.777897558933449,0.6429607722104764,0.6333171772021874,0.019287212441364925,0.45360480407780757,0.5460475274054313,0.9901960783342946,0.9999999999009902,0.9950980391669069
1040,0.001,0.5814343084182058,0.5813179495079177,0.00023270795177917795,0.7708016364384311,0.6379363817327163,0.6328486700852712,0.010175459415597074,0.4519004691921482,0.5449103687404078,0.9901960783342946,0.9999999999009902,0.9950980391669069
1041,0.001,0.5790801112140928,0.5789784469774791,0.00020333204754154264,0.7671175049963752,0.6405695168411031,0.6355374478826336,0.010064165587263071,0.44517003092834806,0.539926681925588,0.9901960783342946,0.9999999999009902,0.9950980391669069
1042,0.001,0.57818667697055,0.5780257476227624,0.0003218682198036861,0.7803545624023168,0.6432093054640526,0.6330958441192028,0.020226914435625076,0.4585373089944467,0.5495669468968192,0.9901960783342946,0.9999999999009902,0.9950980391669069
1043,0.001,0.5749925853950637,0.574875437787601,0.00023428867916663876,0.77652565283791,0.6402806154653138,0.6354697551213059,0.009621719884521821,0.44040421633886395,0.5363771283397313,0.9901960783342946,0.9999999999009902,0.9950980391669069
1044,0.001,0.5800207140190261,0.5799138130886214,0.00021380032584212522,0.7735125548565055,0.6534463412621442,0.6448587810291964,0.01717509247143479,0.4086224589049576,0.5113518170745173,0.9901960783342946,0.9999999999009902,0.9950980391669069
1045,0.001,0.5779540815523693,0.5777991924967084,0.00030977306518512445,0.7700201185774257,0.6379808181641149,0.6311913740401175,0.013578860983982975,0.4629563426846886,0.5526318422278282,0.9901960783342946,0.9901960783342946,0.9901960783828335
1046,0.001,0.5785857502903257,0.5784626922437123,0.0002461087083897188,0.7757978490852293,0.6436129586369383,0.637963203238506,0.011299480250397441,0.4330911675393831,0.5309816487156653,0.9901960783342946,0.9999999999009902,0.9950980391669069
1047,0.001,0.5796022255505834,0.5794701278209686,0.0002641937148187675,0.7811238146012865,0.6414796002939636,0.6367878358738095,0.009383517481824932,0.42439271759081626,0.5238663900753587,0.9901960783342946,0.9999999999009902,0.9950980391669069
1048,0.001,0.5784695936100823,0.5783363708427974,0.00026644355940723993,0.7791234276126449,0.6449349253785377,0.6360156577007443,0.017838582241286833,0.4387237955432894,0.5351196477072448,0.9901960783342946,0.9999999999009902,0.9950980391669069
1049,0.001,0.5755832706178937,0.5754742686237607,0.00021800505913103865,0.7863319976549016,0.6408148022258983,0.6343134986419304,0.013002642973636588,0.448191379901548,0.5421780531460709,0.9901960783342946,0.9999999999009902,0.9950980391669069
1050,0.001,0.5784266527209964,0.5783089250326157,0.00023545339783075697,0.7852195668132438,0.6470054165989745,0.6369100961030698,0.020190645812773238,0.44365729959416794,0.5388872742606048,0.9803921567666283,0.9999999999000001,0.9901960783828335
1051,0.001,0.5811889714428357,0.5810571887663433,0.0002635595693781007,0.764826846412858,0.6489761991828096,0.641112580018885,0.015727264350097553,0.41725540289400814,0.5184340602050878,0.9901960783342946,0.9999999999009902,0.9950980391669069
1052,0.001,0.5795966322932925,0.5794670283794403,0.0002592059572634753,0.7829647089817049,0.6409651496831108,0.6372788121887282,0.007372681234104961,0.436587504050204,0.5335444387922393,0.9901960783342946,0.9999999999009902,0.9950980391669069
1053,0.001,0.5789967051574162,0.5788684870515551,0.00025644455503684834,0.7783185061485867,0.6437519181008432,0.6363899257837557,0.014723951745705278,0.4505301979256111,0.5438371175390736,0.9901960783342946,0.9999999999009902,0.9950980391669069
1054,0.001,0.5790731768522944,0.5789754539728165,0.00019545235669024156,0.7779502950667372,0.6393160662230324,0.6341723028351279,0.010287521735710256,0.4527504747183217,0.5453593928277666,0.9901960783342946,0.9999999999009902,0.9950980391669069
1055,0.001,0.5773317632930619,0.5771931899445397,0.00027715299464554325,0.7758700586178328,0.6450221748913035,0.6361242567791658,0.017795831722883033,0.4351207825456163,0.5324672787910777,0.9901960783342946,0.9999999999009902,0.9950980391669069
1056,0.001,0.5798335266964776,0.579554228910378,0.0005585860204259266,0.7800961596547725,0.6478916459223804,0.6356285436480653,0.024526182635157715,0.44971061126967854,0.5431938633123872,0.9901960783342946,0.9901960783342946,0.9901960783828335
1057,0.001,0.57883591737066,0.5787270803536687,0.00021767647012893576,0.7853187919846468,0.6500518947255378,0.6379531107696832,0.024197584237245953,0.42820701344407164,0.5270942674012271,0.9901960783342946,0.9999999999009902,0.9950980391669069
1058,0.001,0.5788905652506011,0.5787662757294518,0.0002485823060851544,0.7724902188040224,0.6530581572476555,0.633302337398716,0.03951161975661913,0.45436205511137756,0.5464629594152026,0.970588235198962,0.9999999998989899,0.9852941175987601
1059,0.001,0.5775979288986751,0.5774848716599601,0.00022611535340339678,0.7775676924459979,0.6447937576209798,0.635212280586654,0.019162939747284148,0.4424744584705815,0.5379559573675675,0.9901960783342946,0.9999999999009902,0.9950980391669069
1060,0.001,0.5750995980841773,0.5749891059739249,0.00022098899431252254,0.7795668355572374,0.6478753919694938,0.637032349320019,0.0216861058976136,0.4415623241227473,0.5373215812308718,0.9901960783342946,0.9999999999009902,0.9950980391669069
1061,0.001,0.5791779054062707,0.5790094243628638,0.0003369602553513167,0.7880339995065129,0.6420493061636009,0.6378721431189892,0.008354373458845942,0.4406422868261913,0.5365368967492625,0.9901960783342946,0.9999999999009902,0.9950980391669069
1062,0.001,0.5813143498131207,0.5812163331678936,0.00019603397582354125,0.7676132335331104,0.6483656162140417,0.6380645457436057,0.0206021643882873,0.43589608190838974,0.5330975147276903,0.9901960783342946,0.9999999999009902,0.9950980391669069
1063,0.001,0.5754179347838674,0.5753260020698819,0.00018386526958888032,0.7801763621388872,0.6533011046110415,0.6448867192455366,0.016828752524566417,0.4148307192887468,0.5164865556297625,0.9901960783342946,0.9999999999009902,0.9950980391669069
1064,0.001,0.5795093753508159,0.5793707541057042,0.0002772442881645735,0.7709310458017252,0.640136812247482,0.635400724177267,0.00947215014557336,0.45378989109444573,0.5460000368186323,0.9901960783342946,0.9999999999009902,0.9950980391669069
1065,0.001,0.5774623570697648,0.5773264669946262,0.0002717854191100092,0.7734305072979331,0.6446447191285152,0.6365093483644373,0.016270685484450237,0.4480244410455227,0.5419596109447348,0.9803921567666283,0.9900990098029605,0.9852941175987601
1066,0.001,0.5791888354080064,0.5790759527257511,0.0002257558317069197,0.7744508944298972,0.6475884032015707,0.6392418414938683,0.016693105117655267,0.4337482399971336,0.5314412519334397,0.9901960783342946,0.9999999999009902,0.9950980391669069
1067,0.001,0.5746523514389992,0.5745382947581155,0.00022811805969727824,0.7829824152454934,0.6427358009067237,0.6391046555603251,0.007262268140181607,0.4233387106836882,0.5232638094549259,0.9901960783342946,0.9999999999009902,0.9950980391669069
1068,0.001,0.5770150050520897,0.5768772842628616,0.000275448978365083,0.7862654459277184,0.6439924298548231,0.6383340697662503,0.01131674550546735,0.43209859384664895,0.5300916946951464,0.9901960783342946,0.9999999999009902,0.9950980391669069
1069,0.001,0.5790105717522758,0.5788846473608699,0.0002518549439238476,0.7861478155132188,0.6352365274055332,0.6333862174959743,0.003700641148230609,0.45669247710429545,0.5481899886289101,0.9999999999019609,0.9999999999019609,0.9999999999509803
1070,0.001,0.5774857742445809,0.577383140368121,0.00020526884717193234,0.7777115675561703,0.6446272134780884,0.6400406272972331,0.009173184925434636,0.42019206387613955,0.5210324148131451,0.9901960783342946,0.9999999999009902,0.9950980391669069
1071,0.001,0.6001155663813863,0.5900724487645286,0.02008622756225772,0.7532361485296171,0.7313064091345843,0.6752380851437064,0.11213664320187972,0.38764981980482077,0.49517433994495547,0.9999999999019609,0.9532710279482924,0.9754901960306132
1072,0.001,0.6173547825642994,0.6059153612170901,0.022878840565681458,0.7021819764168544,0.6842857289548013,0.6592018136791155,0.050167818681574335,0.41025652160813336,0.5123420803030366,0.970588235198962,0.9999999998989899,0.9852941175987601
1073,0.001,0.6110875234007835,0.6020941542727607,0.017986730655788312,0.7156448203499463,0.6716215259888593,0.6429326545958426,0.057377770835278084,0.4399754687765577,0.5354555579445073,0.9803921567666283,0.9900990098029605,0.9852941175987601
1074,0.001,0.5928589243974004,0.5911448087011065,0.003428229508114912,0.7382227212058095,0.6442981321437686,0.6309625109036764,0.026671270894653657,0.4542006840616713,0.5463875073178213,0.9901960783342946,0.9901960783342946,0.9901960783828335
1075,0.001,0.5883078745433262,0.5874585413507053,0.0016986724617059476,0.745492613572402,0.6463396467414557,0.6337486797688054,0.025181937627220416,0.44976641948339663,0.5432581144773142,0.9901960783342946,0.9901960783342946,0.9901960783828335
1076,0.001,0.5837548928601402,0.5822280219623021,0.0030537380571331596,0.7671271952996752,0.6463484612165713,0.635738296251671,0.02122031550000732,0.4387572456323792,0.5352357458276764,0.9999999999019609,0.980769230674926,0.9901960783828335
1077,0.001,0.5936335463609014,0.5877438645277705,0.011779372051803096,0.7538685371419568,0.6679183928405538,0.644024567861183,0.047787648735239226,0.44004697552810623,0.5358494263194669,0.9999999999019609,0.980769230674926,0.9901960783828335
1078,0.001,0.5888350382447243,0.5873759112187794,0.0029182500360808,0.7451774073944085,0.653796036453808,0.6354515049971786,0.03668909312645886,0.4506689265851059,0.5439341218747802,0.9901960783342946,0.9901960783342946,0.9901960783828335
1079,0.001,0.5824583704982486,0.5821556874683925,0.0006053631662195715,0.7631194008308629,0.6440745668084014,0.6331172153061512,0.021914677000513264,0.4565216418909233,0.5480969858042647,0.9901960783342946,0.9901960783342946,0.9901960783828335
1080,0.001,0.5828451024634498,0.5826793781348637,0.0003314482091809623,0.7665142780521876,0.6482595631889269,0.6328848904254389,0.03074934477826544,0.45657856969776417,0.5481514620243575,0.9901960783342946,0.9901960783342946,0.9901960783828335
1081,0.001,0.5808879243476051,0.5806935397641999,0.0003887697881249811,0.7589552692886796,0.6429294026365467,0.6332457059738683,0.019367343490468522,0.4542438055042288,0.5465093737112781,0.9901960783342946,0.9901960783342946,0.9901960783828335
1082,0.001,0.579874978533813,0.5797021857329777,0.00034559126756253785,0.7802082133109939,0.646424319229874,0.6369831047806085,0.01888240939554046,0.4256682856691872,0.5251428803508175,0.9901960783342946,0.9901960783342946,0.9901960783828335
1083,0.001,0.583273925951549,0.5819137649876731,0.002720318804547008,0.765643891067822,0.6678721671010933,0.6367510007876976,0.06224236301347321,0.451395749234424,0.54413122803627,0.9607843136312957,0.9999999998979593,0.9803921568146866
1084,0.001,0.5824975350073406,0.5819469168782234,0.0011012461929047796,0.7649766750448057,0.6544150669200748,0.6419210924821741,0.024987967630081317,0.4133804947712129,0.5152212690636819,0.9901960783342946,0.9901960783342946,0.9901960783828335
1085,0.001,0.5793101425681796,0.5791941966329303,0.00023190803325893024,0.7774481028517587,0.6484656427420822,0.6376016104922575,0.021728074926809938,0.4299703029244059,0.5284321554936355,0.9901960783342946,0.9901960783342946,0.9901960783828335
1086,0.001,0.5784373145018306,0.5782820784619876,0.00031046734589576123,0.7825702110664884,0.6495897045322493,0.6369097969111275,0.02535984603067239,0.427845586730364,0.526874052701285,0.9901960783342946,0.9901960783342946,0.9901960783828335
1087,0.001,0.5773057543805667,0.5771583520940372,0.00029479806133687295,0.7818643543536284,0.6491132752568114,0.6354494737643822,0.027327543453258628,0.4419143615305266,0.5375734634893655,0.9803921567666283,0.9900990098029605,0.9852941175987601
1088,0.001,0.5798093814935003,0.5795572655541557,0.000504224993684537,0.7727285493213017,0.6621646273369882,0.6519345459984798,0.02046011223950807,0.3882028082032933,0.4943341788483526,0.9901960783342946,0.9901960783342946,0.9901960783828335
1089,0.001,0.5774687943714005,0.5773365518876484,0.00026449080568064734,0.7697501807286322,0.643712159465341,0.6380619839125988,0.011300332588600177,0.42859180375493056,0.5275171169526506,0.9901960783342946,0.9999999999009902,0.9950980391669069
1090,0.001,0.5801048917429787,0.5799848756619862,0.00024003596601167892,0.7824260200282595,0.6490207337865642,0.6400170378825244,0.018007428768803093,0.4244315732217552,0.5240076780821828,0.9901960783342946,0.9999999999009902,0.9950980391669069
1091,0.001,0.5745950490236282,0.5744592174887657,0.0002716597726768149,0.7931329556129716,0.6511074076680576,0.6362141627891391,0.029786509699096866,0.4399317709705555,0.5361069483275153,0.9803921567666283,0.9900990098029605,0.9852941175987601
1092,0.001,0.5764319321938923,0.5762809972677913,0.00030187086433995446,0.7910031955546054,0.6430346176904791,0.6357825275729684,0.014504123515650337,0.43336988310431734,0.5311106011547984,0.9901960783342946,0.9901960783342946,0.9901960783828335
1093,0.001,0.5741532849414008,0.5740387482302529,0.00022907629473983043,0.7896671339092344,0.6428603004006779,0.6358618853138942,0.013996861911579674,0.4381306571777124,0.5346630420145426,0.9901960783342946,0.9901960783342946,0.9901960783828335
1094,0.001,0.5748019154582705,0.5746840823973928,0.00023567494099552277,0.7892425550692455,0.6452283491106594,0.6366666198945513,0.01712347004635661,0.43701207931722985,0.5337629738789681,0.9901960783342946,0.9999999999009902,0.9950980391669069
1095,0.001,0.5772594426359449,0.5771485183920179,0.00022185003932203732,0.7914361946665084,0.646459453830532,0.6395390331745148,0.01384082025683978,0.426362443831819,0.5255583722204032,0.9901960783342946,0.9999999999009902,0.9950980391669069
1096,0.001,0.5764208010264805,0.5763273100767817,0.00018698031986527245,0.7886101687156818,0.6491450614788953,0.6395588540563396,0.019172379710510664,0.43315997635393716,0.5309636420601562,0.9803921567666283,0.9999999999000001,0.9901960783828335
1097,0.001,0.57729743208204,0.5771837585738727,0.00022735587975018592,0.7954523228236401,0.6460411753140244,0.6383202970027924,0.015441758265974475,0.4334294604126527,0.5311850856726741,0.9901960783342946,0.9999999999009902,0.9950980391669069
1098,0.001,0.5743147933057376,0.5742071004850524,0.00021538292120177566,0.7802106767658301,0.6467168074028165,0.6382582579173294,0.016917125340185912,0.43274296037749704,0.5306446918045367,0.9901960783342946,0.9901960783342946,0.9901960783828335
1099,0.001,0.575802138873509,0.5756701220359121,0.0002640434452457287,0.7722806170621723,0.6460909422706155,0.6361594357911278,0.019863012812885585,0.4403404850077825,0.5363323697077558,0.9901960783342946,0.9901960783342946,0.9901960783828335
1100,0.001,0.575702137180737,0.5755455153329032,0.0003132464090802906,0.7852422347775835,0.6476535288726583,0.6378864190157723,0.019534232934900357,0.4366634275960778,0.5336481834218106,0.9901960783342946,0.9999999999009902,0.9950980391669069
1101,0.001,0.580227829515934,0.5800865931170327,0.0002824842337888965,0.774882532995492,0.6466971793595482,0.6370388555760477,0.0193166738266454,0.4359559329416179,0.533108563307513,0.9901960783342946,0.9901960783342946,0.9901960783828335
1102,0.001,0.5777587198785373,0.5776557624340057,0.00020591175793275137,0.77513183634714,0.6458432703625923,0.6355268376715043,0.02063287263188292,0.45279826484563906,0.5454270977921859,0.9901960783342946,0.9901960783342946,0.9901960783828335
1103,0.001,0.5727433477129255,0.5726492170776639,0.00018825941671301344,0.7897346541303707,0.6455826356130487,0.6357716929678824,0.019621898091452962,0.44345596563024076,0.538674638955167,0.9901960783342946,0.9901960783342946,0.9901960783828335
1104,0.001,0.576711214014462,0.57660040472235,0.0002216177739943045,0.7894377016572253,0.6469632463127959,0.6382351915041605,0.01745612966809787,0.4294277412190784,0.5279907354701528,0.9901960783342946,0.9999999999009902,0.9950980391669069
1105,0.001,0.5781200581363269,0.5780196221811431,0.00020086034497320985,0.787547165715735,0.6553902649411968,0.6429373750499651,0.024905740703437842,0.4157774590523204,0.5172365387857435,0.9901960783342946,0.9901960783342946,0.9901960783828335
1106,0.001,0.5746638189469065,0.5745732092431614,0.0001812212806596238,0.7935043783365998,0.6484760437525955,0.6365088230254603,0.023934437875069825,0.4412605479802996,0.5370849878224395,0.9901960783342946,0.9999999999009902,0.9950980391669069
1107,0.001,0.5761556423136166,0.5760592435087476,0.0001928013085229655,0.7760052488573473,0.6470098951283623,0.6356165572708729,0.022786725677695928,0.4480121112787014,0.5420375060607363,0.9803921567666283,0.9900990098029605,0.9852941175987601
1108,0.001,0.5769481190613338,0.5768518703324454,0.00019249527122155996,0.7848578694327921,0.6443049112955729,0.6366216622146905,0.015366477106570029,0.4542980033791047,0.5463268773108902,0.9901960783342946,0.9999999999009902,0.9950980391669069
1109,0.001,0.5777582334620612,0.5776487386652401,0.0002189846930247898,0.7796220919095435,0.6489234157637054,0.635820842256733,0.026205162353375378,0.4553698634661728,0.5471646578827278,0.970588235198962,0.9999999998989899,0.9852941175987601
1110,0.001,0.574729673564434,0.5746190079620906,0.00022133209365295312,0.7882828527120879,0.6458520258174223,0.6345685387358946,0.022566992789506912,0.4548102092071855,0.5469270629377014,0.9901960783342946,0.9999999999009902,0.9950980391669069
1111,0.001,0.5800554252096585,0.5799573468310493,0.00019616121569145304,0.7806239726725254,0.6482797826037687,0.6411793477395001,0.014200888519339702,0.4298793781356938,0.5285170219183692,0.9901960783342946,0.9999999999009902,0.9950980391669069
1112,0.001,0.5742027397666659,0.5740958760891642,0.00021372506047815217,0.7947696770504323,0.6472498377164205,0.6408191931013968,0.012861322867227536,0.4217724021105996,0.5218797019741287,0.9901960783342946,0.9999999999009902,0.9950980391669069
1113,0.001,0.5771206681217466,0.5769978814891407,0.0002455659533942318,0.7802122265186596,0.6539936322791904,0.6418363510393629,0.024314529609446432,0.4299471938944974,0.5286044838460694,0.9803921567666283,0.9900990098029605,0.9852941175987601
1114,0.001,0.577933784042086,0.5778052083083561,0.00025714880848681787,0.7703334213933416,0.6435693899790446,0.6355961572890189,0.015946424401858273,0.44542512785997884,0.5401258206515357,0.9901960783342946,0.9999999999009902,0.9950980391669069
1115,0.001,0.5799952681575503,0.5798981860280037,0.00019417617061532968,0.7763923738049864,0.6459094601518968,0.6394086550263798,0.01300159334113785,0.42993431974084445,0.5283731170963604,0.9901960783342946,0.9999999999009902,0.9950980391669069
1116,0.001,0.5771278313228062,0.5769980070846421,0.00025965106150189446,0.7924940051020445,0.6468750384508395,0.6391641959255817,0.015421698682521488,0.43089249446714956,0.5292179208963046,0.9901960783342946,0.9999999999009902,0.9950980391669069
1117,0.001,0.5796499571629933,0.579538106918335,0.00022370667569962928,0.778517733822123,0.6538432713817147,0.6452092843897203,0.017267975006617753,0.4132031269620768,0.5153834335694222,0.9901960783342946,0.9999999999009902,0.9950980391669069
1118,0.001,0.5757674723863602,0.5756809945617404,0.0001729431117252846,0.7901258088398906,0.6500494275607315,0.6410480574065563,0.01800272387324595,0.41738543747485324,0.5184332583656284,0.9901960783342946,0.9999999999009902,0.9950980391669069
1119,0.001,0.5776082915919167,0.5774901211261749,0.00023633493232669674,0.7916324158388491,0.6464608358401879,0.6383131368487489,0.01629541315795744,0.43424205842695035,0.5317574606086596,0.9901960783342946,0.9999999999009902,0.9950980391669069
1120,0.001,0.5762139186263084,0.5761195293494633,0.00018877579324388144,0.7899074642714997,0.6474878367255715,0.6404712451439277,0.014033207962033795,0.4208095620493451,0.5214809622086297,0.9901960783342946,0.9999999999009902,0.9950980391669069
1121,0.001,0.5749566203781536,0.5748751152838979,0.00016301121779958651,0.7906470417027561,0.6478737411545772,0.6371311592120751,0.021485214578170403,0.43825597402041283,0.5348083266533663,0.9901960783342946,0.9999999999009902,0.9950980391669069
1122,0.001,0.5799981589828219,0.5798951461911201,0.00020602699870713486,0.7863397264021804,0.6476026294278163,0.6396086245190864,0.015987999445083095,0.4257585561052755,0.5253142630494907,0.9901960783342946,0.9999999999009902,0.9950980391669069
1123,0.001,0.5741901025176048,0.5740924062473434,0.00019538920137815045,0.7815031433378161,0.6570909479085136,0.6503120976335862,0.013557691382719022,0.40288646545184187,0.5066635107269514,0.9901960783342946,0.9999999999009902,0.9950980391669069
1124,0.001,0.5796977856329509,0.5795736504452569,0.00024827047569228204,0.7762141523263436,0.6452196491699592,0.635582818704493,0.019273648732433132,0.45046046718506105,0.5437161298178442,0.9901960783342946,0.9901960783342946,0.9901960783828335
1125,0.001,0.5743218170745032,0.5742127437676702,0.00021814646788698155,0.7863963143090801,0.6528938237358543,0.6459563917973462,0.01387484437402557,0.4070483604491175,0.5104197507498219,0.9901960783342946,0.9999999999009902,0.9950980391669069
1126,0.001,0.5779151703630175,0.5778009731854711,0.00022839943942796838,0.7856276930294112,0.6511898151799744,0.6381017840376088,0.026176080874660435,0.43855206699817684,0.5350825398305445,0.9803921567666283,0.9900990098029605,0.9852941175987601
1127,0.001,0.5759044747267451,0.5757922625967434,0.00022442575950013373,0.7825780159296754,0.6469714863627565,0.6405861582241806,0.012770644288656175,0.4267967374112163,0.5260355262120752,0.9901960783342946,0.9999999999009902,0.9950980391669069
1128,0.001,0.5800943034035819,0.5799003924642291,0.0003878208507168373,0.7693305435010143,0.6490316063750023,0.6380175644276189,0.022028101863814334,0.4463189938582747,0.5407481018875891,0.9803921567666283,0.9999999999000001,0.9901960783828335
1129,0.001,0.5780977181025914,0.5779834538698196,0.0002285276078899707,0.7803666497209755,0.6464133893742281,0.6388031267652324,0.015220555202925907,0.42517616884666315,0.5246936419063536,0.9901960783342946,0.9999999999009902,0.9950980391669069
1130,0.001,0.5729795492121151,0.572859314935548,0.00024047343088438668,0.7873266772890641,0.6507070473596162,0.6396321467324799,0.022149778126428526,0.4234693016216989,0.5235376302465286,0.9901960783342946,0.9901960783342946,0.9901960783828335
1131,0.001,0.575814986867564,0.5756901747414044,0.0002496161823728471,0.7909104651241238,0.6480896052192239,0.6407497233035517,0.014679754700730829,0.42255860272118406,0.522749923764502,0.9901960783342946,0.9999999999009902,0.9950980391669069
1132,0.001,0.5728996662156922,0.5728011078068188,0.00019711405236323896,0.7916779260846453,0.6454594176189572,0.6383369284517625,0.014244956092215051,0.43328815930499387,0.5310352809554331,0.9901960783342946,0.9999999999009902,0.9950980391669069
1133,0.001,0.577089439545359,0.5770010415996824,0.00017678787012950385,0.7888281361203158,0.6474432863441169,0.6405913397377613,0.01370387517061888,0.4276008683415285,0.5267485489578059,0.9901960783342946,0.9901960783342946,0.9901960783828335
1134,0.001,0.5792527975780624,0.5791319204228265,0.0002417468882153376,0.7791016722058981,0.6464098247827268,0.6360077145052891,0.020804200394480835,0.4512239944663587,0.5442857700439185,0.9901960783342946,0.9999999999009902,0.9950980391669069
1135,0.001,0.574051171541214,0.5739580946309226,0.00018616211244599462,0.784613203345075,0.6476297536317039,0.6374650831316032,0.020329345784643117,0.4455884912860838,0.5401799061181236,0.9901960783342946,0.9999999999009902,0.9950980391669069
1136,0.001,0.577708037836211,0.577612643795354,0.0001907785904872331,0.7891257341304898,0.6459859884252735,0.6387160700910232,0.014539825054360371,0.4358389809670651,0.5330643290884927,0.9901960783342946,0.9999999999009902,0.9950980391669069
1137,0.001,0.5719755621893066,0.5718884649021285,0.000174192758549907,0.7940100981012221,0.6429149374073627,0.6362970448007771,0.013235795658593084,0.4408005534327371,0.5366048776447814,0.9901960783342946,0.9999999999009902,0.9950980391669069
1138,0.001,0.5753033767853465,0.5752209052443504,0.0001649561620849584,0.7895377789483087,0.6505737070943794,0.6376326645121855,0.025882077275537978,0.44988728780738013,0.5433446855532258,0.9803921567666283,0.9999999999000001,0.9901960783828335
1139,0.001,0.5752028641956193,0.5750812185662133,0.00024328362581270215,0.7873952100815113,0.646838504894107,0.6360877652963003,0.021501506660498826,0.4518825485796383,0.5447381830224681,0.9803921567666283,0.9999999999000001,0.9901960783828335
1140,0.001,0.571840481034347,0.5717532230275018,0.0001745154968375573,0.7914712445815086,0.6522605179571638,0.638685385386149,0.02715023953978922,0.4387451877366094,0.5351730348899065,0.9803921567666283,0.9999999999000001,0.9901960783828335
1141,0.001,0.5744039895279067,0.5742951493178096,0.00021768258557131048,0.7829130243645407,0.6597105369848364,0.6484840874578438,0.022452915073646343,0.4007869760676609,0.5055248825785646,0.9901960783342946,0.9999999999009902,0.9950980391669069
1142,0.001,0.5733485828552928,0.5732458425419671,0.00020548590769716872,0.7873766423498386,0.6499011212704229,0.6407079591470606,0.018386318174866485,0.43132020067222804,0.5293849927768507,0.9901960783342946,0.9999999999009902,0.9950980391669069
1143,0.001,0.5778607481292316,0.5777311484728541,0.0002592010956245109,0.7743511324812328,0.6504815694163827,0.6411920803434709,0.01857900834989314,0.4277770451149382,0.5269683802157992,0.9901960783342946,0.9999999999009902,0.9950980391669069
1144,0.001,0.5753001911299569,0.5751107579895428,0.00037886335381439755,0.789002226534144,0.6463447195642135,0.6379855590708116,0.016718335148385343,0.4315126461455705,0.5296841803837334,0.9901960783342946,0.9999999999009902,0.9950980391669069
1145,0.001,0.5818879040224212,0.5817526440535273,0.00027051490152579,0.785098049917336,0.6513648284416572,0.6439971094037972,0.01473546403405421,0.4149165250495422,0.5168838868006626,0.9901960783342946,0.9999999999009902,0.9950980391669069
1146,0.001,0.5768264968480382,0.5767172404697963,0.00021851775064923068,0.7896224618686135,0.6521966393087425,0.6404598074800828,0.023473700325863035,0.4327580893111989,0.5307231857867776,0.9901960783342946,0.9901960783342946,0.9901960783828335
1147,0.001,0.5794472854052272,0.5793418394667762,0.00021089165264649118,0.778221721092688,0.6523118147663042,0.6415433486302694,0.021536974638116126,0.4311150629022531,0.529471514760568,0.9901960783342946,0.9999999999009902,0.9950980391669069
1148,0.001,0.5767481827310154,0.5766461331929479,0.00020409736472564482,0.7803746502542444,0.6611608319422778,0.647981955724604,0.02635773417412066,0.40915899496653774,0.512429127316089,0.9803921567666283,0.9900990098029605,0.9852941175987601
1149,0.001,0.575343767447131,0.5752358308860234,0.00021587030693938556,0.7924315011800394,0.647493474039377,0.6353424945298363,0.024301950728484227,0.4547804535570949,0.5467513988585962,0.9803921567666283,0.9999999999000001,0.9901960783828335
1150,0.001,0.5773671269416809,0.5772430705172675,0.00024812236915749963,0.7839241186327838,0.6490295354057761,0.6422413371357263,0.013576391043470186,0.42415254038386935,0.5241015852713631,0.9901960783342946,0.9999999999009902,0.9950980391669069
1151,0.001,0.5760897238339696,0.575973496905395,0.0002324604322763792,0.7724744003135708,0.6462238092048496,0.6368976387323118,0.01865230727137304,0.4471918721383372,0.5413966976015198,0.9901960783342946,0.9999999999009902,0.9950980391669069
1152,0.001,0.5733022977198873,0.5731777176260948,0.0002491552656595429,0.796166852770151,0.6439600160308913,0.6362473882880866,0.015425239050505208,0.45431010954269513,0.5464444203302435,0.9803921567666283,0.9900990098029605,0.9852941175987601
1153,0.001,0.5750299617648125,0.5749150876488004,0.00022974804232944734,0.7932681863636899,0.6462175939597335,0.6359977803978265,0.020439606744284723,0.4524336467444219,0.5450848500358414,0.9901960783342946,0.9999999999009902,0.9950980391669069
1154,0.001,0.5776587298938206,0.5774550661444664,0.0004073349386349686,0.7930031650957362,0.6427504566370272,0.6389153664018593,0.007670148641017138,0.44323042143542224,0.5384931468925742,0.9901960783342946,0.9999999999009902,0.9950980391669069
1155,0.001,0.5783180807318006,0.5762009982551847,0.00423416381662329,0.7835792925794278,0.7012336072968501,0.6585269897591834,0.08541325664184257,0.3970239313095156,0.5026655633180446,0.9607843136312957,0.9999999998979593,0.9803921568146866
1156,0.001,0.588975306068148,0.5850276350975037,0.007895345308497781,0.7622222826249915,0.6490848274791942,0.6379545967952878,0.02226044556386221,0.43928691884807997,0.5356032333036952,0.9901960783342946,0.9999999999009902,0.9950980391669069
1157,0.001,0.604713186621666,0.5897050776651928,0.03001622143347049,0.7386040612051329,0.6681260525011549,0.6429865126516304,0.0502790753528768,0.4386732999892638,0.5346257546959187,0.9901960783342946,0.9805825241766425,0.9852941175987601
1158,0.001,0.6184712392943246,0.6057113770927701,0.02551972448730209,0.7026938410065149,0.6782886981964111,0.6441750240092184,0.06822737038829456,0.44269556590660253,0.5376116725194264,0.9607843136312957,0.9999999998979593,0.9803921568146866
1159,0.001,0.5935321769544056,0.590761100607259,0.005542156778184497,0.737191725988598,0.6556582854074591,0.6480925667519662,0.015131450130366812,0.42195688472064696,0.5225077157434651,0.9901960783342946,0.9901960783342946,0.9901960783828335
1160,0.001,0.586423747241497,0.5853980066520827,0.002051482338304465,0.7549526798216634,0.6450801877414479,0.6427457180677676,0.004668912174654942,0.4210016042364824,0.5213784306986218,0.9999999999019609,0.9999999999019609,0.9999999999509803
1161,0.001,0.5856986844113895,0.5851918001260076,0.0010137659826016585,0.7631647737224313,0.6383042826372034,0.6352561922634349,0.006096215827354029,0.4385611249610693,0.5350572294396597,0.9901960783342946,0.9999999999009902,0.9950980391669069
1162,0.001,0.5835070013999939,0.5826945943491799,0.0016248278838507499,0.7676590344921058,0.656828547225279,0.6332429215019825,0.047171228971587965,0.4591131090806015,0.5498547345152189,0.9607843136312957,0.9999999998979593,0.9803921568146866
1163,0.001,0.5787414738110134,0.578386800629752,0.0007093410526327457,0.7703679816792268,0.637183392164754,0.6332846622841031,0.007797469001482515,0.4582351501429612,0.549295313862915,0.9901960783342946,0.9999999999009902,0.9950980391669069
1164,0.001,0.5793589289699282,0.5783309180821691,0.0020560234466496957,0.772266196549578,0.6363658840749779,0.6335907105137321,0.005550345369413787,0.45665463736668266,0.5480501397103222,0.9999999999019609,0.9999999999019609,0.9999999999509803
1165,0.001,0.5786668285727501,0.5783486078892436,0.0006364383429432305,0.7670856580463967,0.6470562827353384,0.6394978738298603,0.015116856880851235,0.4270907861682875,0.5262386391173545,0.9901960783342946,0.9999999999009902,0.9950980391669069
1166,0.001,0.5750894695520401,0.574937030673027,0.0003048795232254114,0.7904114241179924,0.6441205734131383,0.6333286791455512,0.021583796369240564,0.4575272531555139,0.548769852001325,0.9803921567666283,0.9999999999000001,0.9901960783828335
1167,0.001,0.5768560458506856,0.5767319702676365,0.0002481530708402196,0.7937962970487237,0.643893806957731,0.6362540026505789,0.015279590056332596,0.45519917263059395,0.5470054577442499,0.9901960783342946,0.9999999999009902,0.9950980391669069
1168,0.001,0.5745911598205566,0.574445345572063,0.00029163513292067885,0.7872913423329917,0.6442413119708791,0.6366750855071872,0.01513242239004695,0.4471841683424114,0.5414125360724581,0.9901960783342946,0.9999999999009902,0.9950980391669069
1169,0.001,0.5756961926817894,0.5755324055041585,0.00032756305180165716,0.7894947187810349,0.638552843355665,0.6328895577028686,0.011326609727214365,0.4598690114944396,0.5504417881334871,0.9901960783342946,0.9999999999009902,0.9950980391669069
1170,0.001,0.5742414955581937,0.5740967499358314,0.00028949594707228243,0.7883982007642472,0.6418223918653002,0.6351438293270036,0.013357140616897275,0.45584549490496523,0.5475874913764648,0.9901960783342946,0.9999999999009902,0.9950980391669069
1171,0.001,0.573057017156056,0.5729427710175514,0.00022849583261371924,0.7942834511060649,0.6452224365636414,0.6359222759218777,0.018600311212460783,0.4556496586111342,0.5474897346637879,0.9803921567666283,0.9999999999000001,0.9901960783828335
1172,0.001,0.5742406344839505,0.5741145695958819,0.00025212625795185365,0.7866435238698438,0.646738270334169,0.6391210217101901,0.015234509076667475,0.43023085974515834,0.5287927364915878,0.9901960783342946,0.9999999999009902,0.9950980391669069
1173,0.001,0.5737367836492402,0.5736188196710178,0.00023591984479155923,0.7856847978818237,0.6444541099024754,0.638098852891548,0.012710519427177953,0.4392115863054167,0.5355753295039889,0.9901960783342946,0.9999999999009902,0.9950980391669069
1174,0.001,0.5732073358127049,0.5731057045715195,0.0002032529749677841,0.7939637052680286,0.6436626636514476,0.6382067554137286,0.010911811983176306,0.4434525751919462,0.5386955317937722,0.9901960783342946,0.9999999999009902,0.9950980391669069
1175,0.001,0.5809549242258072,0.580337612756661,0.0012346267095771119,0.7752504625570315,0.6475622928610035,0.6400308024649527,0.01506296968014509,0.4348791865801414,0.5323118977900614,0.9901960783342946,0.9999999999009902,0.9950980391669069
1176,0.001,0.5766174995473453,0.5764743430273873,0.0002863096493196541,0.7918466005584391,0.6468968905654608,0.6393063717028674,0.01518104582404097,0.4366270033191378,0.5336457428136958,0.9901960783342946,0.9999999999009902,0.9950980391669069
1177,0.001,0.5685203756604876,0.568400152027607,0.0002404330550364518,0.8004676230796601,0.6480879099930034,0.6400202670518089,0.01613526420631245,0.4363620915853576,0.5334285663712531,0.9901960783342946,0.9999999999009902,0.9950980391669069
1178,0.001,0.5725383843694415,0.5724320986441204,0.00021256725852124094,0.7957198320689931,0.6460877230354384,0.6390093161779291,0.014156838518329988,0.4350563486161458,0.5324680653312525,0.9901960783342946,0.9999999999009902,0.9950980391669069
1179,0.001,0.5740636310407093,0.5739323837416512,0.00026248907930234315,0.7922165940450211,0.6448037004938313,0.6362299498389749,0.01714747084998617,0.44673586738405924,0.5410324733868356,0.9901960783342946,0.9999999999009902,0.9950980391669069
1180,0.001,0.5714340561202594,0.5713330677577427,0.0002019758111211039,0.8026876297130706,0.6464564917134303,0.6394518315792084,0.014009374020365523,0.44196678733556166,0.5375788328451317,0.9901960783342946,0.9999999999009902,0.9950980391669069
1181,0.001,0.5755694136023521,0.5754492229648999,0.0002403883411586451,0.7819379949646547,0.6513176583776287,0.6411787610428006,0.02027774812178869,0.42448034746637847,0.5242734576159552,0.9901960783342946,0.9999999999009902,0.9950980391669069
1182,0.001,0.5725936708705766,0.5724794694355556,0.00022840356346672967,0.7979762233153883,0.6475205976589054,0.6394836534472073,0.016073909834684694,0.4310255066297665,0.5293503554263242,0.9901960783342946,0.9999999999009902,0.9950980391669069
1183,0.001,0.5757016358630997,0.5755789428949356,0.00024538490937889686,0.7894830307015711,0.6534148308576322,0.645567442856583,0.0156947687980445,0.41685531678973686,0.5180938510046165,0.9901960783342946,0.9999999999009902,0.9950980391669069
1184,0.001,0.5723999206508908,0.5723023882934025,0.00019505251033738853,0.7956619769515896,0.654219958712073,0.6428943872451782,0.02265110364475963,0.4214586597452524,0.5220746261410041,0.9901960783342946,0.9999999999009902,0.9950980391669069
1185,0.001,0.5741210537297385,0.5740235096641949,0.0001950830129706966,0.7980817806523292,0.6542129802937601,0.6456216480217728,0.017182666306183033,0.4131945129584447,0.5153084388355808,0.9901960783342946,0.9999999999009902,0.9950980391669069
1186,0.001,0.5733709739787238,0.5732825866767338,0.00017677567744353188,0.7839142690881419,0.6504861782578861,0.643827827537761,0.013316726156820854,0.4154554338880783,0.5171405209885633,0.9901960783342946,0.9999999999009902,0.9950980391669069
1187,0.001,0.5758022314735821,0.5757195906979697,0.0001652848048771765,0.7818863655394346,0.647528630845687,0.6382254829593733,0.018606293809545392,0.4531899227142656,0.5455970677704078,0.9901960783342946,0.9999999999009902,0.9950980391669069
1188,0.001,0.5732121946556228,0.5731200884495463,0.00018420956075715367,0.7885298722349631,0.6510856420386071,0.6407356846566293,0.020699927218112292,0.4340107298871574,0.5316290833671287,0.9901960783342946,0.9999999999009902,0.9950980391669069
1189,0.001,0.5730082754577909,0.5729200158800397,0.00017652421800968504,0.7958497920033931,0.6475214946503732,0.6395513292621163,0.015940297705431778,0.4390724577731844,0.5354469104884545,0.9901960783342946,0.9999999999009902,0.9950980391669069
1190,0.001,0.5675456449389458,0.5674582485641751,0.00017478820856402827,0.802700945820398,0.6477629863748363,0.6402424597272686,0.015041082394400648,0.43698071466352717,0.5338879177818536,0.9901960783342946,0.9999999999009902,0.9950980391669069
1191,0.001,0.5744135220135961,0.5742862373590469,0.000254558033442923,0.789345623098691,0.6492538440461252,0.64259999406104,0.013307701604550375,0.4268694066301507,0.5261954557669629,0.9901960783342946,0.9999999999009902,0.9950980391669069
1192,0.001,0.5769875954304423,0.5768799771155629,0.00021523361751211008,0.7808235231950442,0.6452659263330347,0.6385601268095129,0.013411595760022892,0.4456246699583177,0.5401957699978104,0.9901960783342946,0.9999999999009902,0.9950980391669069
1193,0.001,0.5743807075279099,0.5742013369287763,0.0003587385537165184,0.7839451961584402,0.6487227275091059,0.6383087179240059,0.0208280207132738,0.43822007397890755,0.5347942426168621,0.9901960783342946,0.9999999999009902,0.9950980391669069
1194,0.001,0.5710460288184029,0.5709334143570491,0.0002252319805588091,0.7974193018576278,0.6464340511490317,0.636890313204597,0.019087485083397113,0.4456965509213529,0.540279040350447,0.9901960783342946,0.9999999999009902,0.9950980391669069
1195,0.001,0.5742888173886708,0.5741709694266319,0.00023568486761048137,0.7925586031073183,0.6463289073869294,0.6382155354116478,0.016226739942224,0.4444721942458501,0.5394315731783771,0.9901960783342946,0.9999999999009902,0.9950980391669069
1196,0.001,0.5723697617650032,0.5722636176007134,0.00021229668449710256,0.8010552746461487,0.644231412340613,0.6376931188153285,0.013076580905665955,0.4487421134588304,0.542505237585545,0.9901960783342946,0.9999999999009902,0.9950980391669069
1197,0.001,0.5763877917613301,0.5763129272631237,0.00014973090973009157,0.7875052184807585,0.6497382883932076,0.640117859139162,0.019240841488627827,0.42973383538178794,0.5283947724545166,0.9901960783342946,0.9999999999009902,0.9950980391669069
1198,0.001,0.5692829723869052,0.5691917389631271,0.00018247406179788022,0.7997502520496277,0.6508531038667641,0.6421334591566348,0.017439271250337948,0.4291555892209777,0.5279791076212073,0.9901960783342946,0.9999999999009902,0.9950980391669069
1199,0.001,0.5707277027623994,0.5706468288387571,0.00016175142400243203,0.8033246008563198,0.6513498250175925,0.6421780340811786,0.018343578932770326,0.4292548175679845,0.5280859970232509,0.9901960783342946,0.9999999999009902,0.9950980391669069
1200,0.001,0.5736956830535617,0.5736059652907508,0.00017943805284760726,0.7875973236051881,0.6479082090013167,0.6388069531496834,0.01820248716017779,0.441283050805108,0.5369810835679485,0.9901960783342946,0.9999999999009902,0.9950980391669069
1201,0.001,0.5723203388707978,0.5722114997250694,0.0002176758763588233,0.7830817787036557,0.6553605526101356,0.6434459236322665,0.02382924242456462,0.42555893406573564,0.5252992495817163,0.9901960783342946,0.9999999999009902,0.9950980391669069
1202,0.001,0.5695944971271923,0.5695294333355767,0.00013012364122135165,0.7975731962376642,0.650330978865717,0.6394304083842858,0.021801165104204535,0.43315920195838215,0.5310389779737361,0.9901960783342946,0.9999999999009902,0.9950980391669069
1203,0.001,0.5726121185081345,0.5725295841693878,0.00016506220734819571,0.8009635773420672,0.6510508802591586,0.6396210117667329,0.022859743814550193,0.4364719111522836,0.5334657305211408,0.9901960783342946,0.9999999999009902,0.9950980391669069
1204,0.001,0.5739246106573513,0.5738293581775257,0.00019049431596483503,0.7888233159747889,0.6486426568498799,0.6392985079802719,0.018688273652657576,0.4361442063755351,0.5332303469384394,0.9901960783342946,0.9999999999009902,0.9950980391669069
1205,0.001,0.5724424421787262,0.5723173703466143,0.0002501486590387815,0.7804232522213086,0.6512614506132463,0.6439031204756569,0.01471668084645096,0.4310116782856802,0.5294111537709772,0.9901960783342946,0.9999999999009902,0.9950980391669069
1206,0.001,0.5751171527164323,0.575017508651529,0.00019928447493709558,0.7856893713814753,0.6552747114031923,0.6449761577680999,0.020597103891857697,0.4216965327666361,0.522118500353948,0.9901960783342946,0.9999999999009902,0.9950980391669069
1207,0.001,0.5691196269222668,0.5690379909106663,0.00016326942789289336,0.8005009352470437,0.65004148144348,0.6398742456062168,0.020334451395433908,0.43243351108480726,0.5304338071215006,0.9901960783342946,0.9999999999009902,0.9950980391669069
1208,0.001,0.5767868033477238,0.5766894593834877,0.00019468967132395067,0.7901887496943037,0.6536627236534568,0.6427208588403814,0.021883772193070722,0.4199933407674397,0.5209865769705747,0.9901960783342946,0.9999999999009902,0.9950980391669069
1209,0.001,0.5717091177191053,0.5715911154236112,0.0002360079459841862,0.8001936382329413,0.6539495265951344,0.6412216401567646,0.025455735085130323,0.4327149459684523,0.5306427736998504,0.9901960783342946,0.9999999999009902,0.9950980391669069
1210,0.001,0.5756641158035823,0.5755511745810509,0.00022587659480320456,0.7850156000827921,0.6468041907338535,0.6362857029718512,0.02103700045057956,0.4483279788432752,0.542101947180642,0.9901960783342946,0.9999999999009902,0.9950980391669069
1211,0.001,0.5699960568121502,0.5699134064572198,0.00016530262759520805,0.7943484275232758,0.6484376361557082,0.6398446817024082,0.017185894334140944,0.4374801915518529,0.5342351781317214,0.9901960783342946,0.9999999999009902,0.9950980391669069
1212,0.001,0.5676055497356823,0.5675346308520862,0.0001418499053085855,0.8020718459366151,0.652033694818908,0.6425148663567561,0.019037666762539863,0.4257333171502084,0.5252932006632992,0.9901960783342946,0.9999999999009902,0.9950980391669069
1213,0.001,0.5720521083899907,0.5719758410538945,0.00015252600548722382,0.8023031346299986,0.6478351471470851,0.6407967350062203,0.014076804422645592,0.4348915246740407,0.5322521537499556,0.9901960783342946,0.9999999999009902,0.9950980391669069
1214,0.001,0.5692098183291299,0.5691240717257772,0.00017150279641750136,0.8025374812257269,0.6514098544915518,0.6413487885512558,0.020122121763872167,0.4313777427679558,0.5296427086788352,0.9901960783342946,0.9999999999009902,0.9950980391669069
1215,0.001,0.5741984727127212,0.5740954971739224,0.0002059385096799815,0.798101125232501,0.6516135662209754,0.6416352537332797,0.019956604002372307,0.42985580371991117,0.5284809255603149,0.9901960783342946,0.9999999999009902,0.9950980391669069
1216,0.001,0.5718134599072593,0.5717301091977528,0.00016669600076316522,0.7946815438943736,0.6489162789840325,0.6402174316200555,0.0173977000511014,0.4380668937224673,0.5346885280523932,0.9901960783342946,0.9999999999009902,0.9950980391669069
1217,0.001,0.5728540963360241,0.5727826921003205,0.00014280794987696157,0.8048030980525882,0.648752319462159,0.6406394260771134,0.016225776224232772,0.43557602133220613,0.5328301031438428,0.9901960783342946,0.9999999999009902,0.9950980391669069
1218,0.001,0.5737003843699183,0.5736106857657433,0.0001794004117203128,0.7926888967803569,0.6559174177693385,0.64449136280546,0.02285207985151632,0.41904893253191117,0.5201676064057007,0.9901960783342946,0.9999999999009902,0.9950980391669069
1219,0.001,0.5728751069733075,0.5727829347763743,0.00018434407632282403,0.7945718591725806,0.6553140107323142,0.6437272686584323,0.023173485316482244,0.41687008567525946,0.5182918703852938,0.9901960783342946,0.9999999999009902,0.9950980391669069
1220,0.001,0.5727874104465757,0.5726825573614666,0.00020970284042830047,0.7819632343763127,0.6496599281535429,0.6413886184785881,0.016542668655222536,0.4330763883710557,0.5309992444201281,0.9901960783342946,0.9999999999009902,0.9950980391669069
1221,0.001,0.5706544880356107,0.5705463875617299,0.00021620307364043714,0.8009607680678867,0.6526626354339076,0.6423303537509021,0.02066452153867074,0.4272843481273564,0.5264448985222242,0.9901960783342946,0.9999999999009902,0.9950980391669069
1222,0.001,0.5743748758520398,0.574288869542735,0.00017201023079646153,0.7993885923009082,0.6478327021879309,0.6401018412674174,0.01546172576719055,0.43338812878437993,0.5311858622537106,0.9901960783342946,0.9999999999009902,0.9950980391669069
1223,0.001,0.5742127554757255,0.5741232090762683,0.00017908825754732658,0.7953711526849988,0.6498126486937205,0.6375295408800536,0.024566227725396555,0.44833038276491627,0.5422080893194563,0.9803921567666283,0.9999999999000001,0.9901960783828335
1224,0.001,0.5715068791593824,0.5714247641818864,0.00016422181865241976,0.7967274548540307,0.6489230347614662,0.6387711091368806,0.020303815183248006,0.4400506615332016,0.5361586095225085,0.9901960783342946,0.9999999999009902,0.9950980391669069
1225,0.001,0.5722152420452663,0.5721442550420761,0.0001419590954745737,0.804393611996715,0.6501823055977914,0.6411654025900597,0.01803379286738003,0.4283178985842451,0.5272792671116125,0.9901960783342946,0.9999999999009902,0.9950980391669069
1226,0.001,0.5712040896926608,0.5711206527692931,0.0001668761766008434,0.8055018911267109,0.6496856347018597,0.6394994755585989,0.020372315483423425,0.43767349398288746,0.5344326338964681,0.9901960783342946,0.9999999999009902,0.9950980391669069
1227,0.001,0.5719142194305148,0.5718164135302816,0.00019561431145120878,0.7960313380929399,0.6542359146417356,0.6432060646075829,0.02205972033826744,0.4283160555802058,0.5273328206042852,0.9803921567666283,0.9999999999000001,0.9901960783828335
1228,0.001,0.5763800420931408,0.5762297660112381,0.0003005542520051157,0.7845347689820924,0.6507415222186669,0.642421725918265,0.016639559547982963,0.4277533398465924,0.5269212167769464,0.9901960783342946,0.9999999999009902,0.9950980391669069
1229,0.001,0.5739702550428254,0.5738601556846074,0.00022019983654380276,0.7958439109191217,0.6514978852926516,0.6402166146858066,0.02256251858802987,0.43225971156492043,0.5302715183788103,0.9901960783342946,0.9999999999009902,0.9950980391669069
1230,0.001,0.5726619149957385,0.5725744292140007,0.00017496917384310758,0.7978270213858777,0.64871219384904,0.6404475739189223,0.01652924133939486,0.4403527533008294,0.5363792636867244,0.9901960783342946,0.9999999999009902,0.9950980391669069
1231,0.001,0.5726841645581382,0.5725980667131287,0.00017219628820644824,0.8000492734596291,0.6421425564616334,0.635420022057552,0.013445098683530209,0.45357923259815563,0.5459238039458123,0.9803921567666283,0.9999999999000001,0.9901960783828335
1232,0.001,0.5721155277320317,0.5720417818852833,0.00014749093471826718,0.8031728160359586,0.6482266199355032,0.6398607521664863,0.01673173049793524,0.43401997883497373,0.5316447699635466,0.9901960783342946,0.9999999999009902,0.9950980391669069
1233,0.001,0.5681234044688088,0.5680228642054966,0.0002010795803601338,0.8065306691061273,0.6540199074090696,0.6455927169790455,0.016854383097048484,0.4163917498999542,0.5179665510210155,0.9901960783342946,0.9999999999009902,0.9950980391669069
1234,0.001,0.5713903584650585,0.5712870295558657,0.00020666519659633714,0.8024795520801035,0.6452063222726186,0.6372657050104702,0.015881265257941743,0.44325222236321254,0.5385144862590946,0.9803921567666283,0.9999999999000001,0.9901960783828335
1235,0.001,0.5696690167699542,0.5695588205541883,0.00022039184360827285,0.8086868158227604,0.652976462654039,0.6403011738085279,0.025350530357921824,0.4386048538827477,0.5350682235997992,0.9803921567666283,0.9999999999000001,0.9901960783828335
1236,0.001,0.570003017783165,0.5699183791875839,0.0001692783657095528,0.8033297673565162,0.653102680164225,0.6446098363866993,0.016985670042534668,0.42093826776613696,0.5216723285888362,0.9901960783342946,0.9999999999009902,0.9950980391669069
1237,0.001,0.5688168587429183,0.568734980055264,0.00016375782264991097,0.8066696448093155,0.6522040700211245,0.6444184154856438,0.015571312577116723,0.4213001736925361,0.5217516945159659,0.9901960783342946,0.9999999999009902,0.9950980391669069
1238,0.001,0.5704444391386849,0.5703587063721248,0.00017145730816992,0.8043621215940135,0.6571906360925412,0.6490980941875308,0.016185062663520083,0.4086644534391153,0.5115827622998768,0.9901960783342946,0.9999999999009902,0.9950980391669069
1239,0.001,0.5690594975437436,0.5689490480082375,0.00022088914257827646,0.8018161921417334,0.6483830447290458,0.6391622990954156,0.01844152621924877,0.44048044439732115,0.5364843644165257,0.9901960783342946,0.9999999999009902,0.9950980391669069
1240,0.001,0.5693998688033649,0.5693169204252106,0.00016590088671364356,0.8046423526631529,0.6472463806470236,0.6402210067300236,0.014050776358036435,0.43152274628770043,0.5297129369537229,0.9901960783342946,0.9999999999009902,0.9950980391669069
1241,0.001,0.5678871295281819,0.5678200647234917,0.0001341294121500271,0.8106452788449611,0.6506635032448114,0.641021879864674,0.019283231128664577,0.44070116346824406,0.5366186744939231,0.9803921567666283,0.9999999999000001,0.9901960783828335
1242,0.001,0.5724779601608004,0.572358963744981,0.0002379873907817195,0.8022241056247665,0.6459662575347751,0.6408886792613011,0.010155132369083516,0.43949440520907396,0.5357317043212027,0.9901960783342946,0.9999999999009902,0.9950980391669069
1243,0.001,0.569491945207119,0.5693949120385307,0.00019406204903914061,0.7973894871052837,0.6515912793430627,0.6432831719809887,0.01661617677731841,0.42557002821024326,0.5251931752561528,0.9901960783342946,0.9999999999009902,0.9950980391669069
1244,0.001,0.5715579837560654,0.5714552987899099,0.00020538200572316003,0.8048817240990177,0.6546942696851843,0.643103103427326,0.023182347599490016,0.43028150478588423,0.5287762318905368,0.9803921567666283,0.9999999999000001,0.9901960783828335
1245,0.001,0.5739937818476132,0.5738824478217533,0.00022266502842934903,0.7853681220134129,0.651587471073749,0.6391380867537331,0.024898735057635634,0.44336652796382464,0.5385642932736382,0.9901960783342946,0.9999999999009902,0.9950980391669069
1246,0.001,0.5775722094944545,0.5774531992418426,0.00023803137836304295,0.7812558656931046,0.6542802306951261,0.6445985664339626,0.019363372897108395,0.4316394153846823,0.5297945472456367,0.9901960783342946,0.9999999999009902,0.9950980391669069
1247,0.001,0.5706796890922955,0.5705827676824161,0.00019384513403305652,0.7960940832555343,0.6508705434845943,0.6418172436601975,0.018106635349492233,0.4292008522617348,0.5280237264089367,0.9901960783342946,0.9999999999009902,0.9950980391669069
1248,0.001,0.5726071319409779,0.5725167085017476,0.00018085025710336464,0.7831461608151826,0.6561694478287416,0.644544337310043,0.023250181903587838,0.4213692971057122,0.5217344078768468,0.9803921567666283,0.9999999999000001,0.9901960783828335
1249,0.001,0.5714062580040523,0.5713132971099445,0.00018592210926726693,0.8030110818805755,0.6591264430214377,0.6486835859569848,0.02088574069899087,0.40728567431010704,0.5106646480778464,0.9901960783342946,0.9999999999009902,0.9950980391669069
1250,0.001,0.5727791637182236,0.5726435301559312,0.0002712739354007811,0.794577408538918,0.644232932843414,0.6406410429991928,0.007183810586438459,0.4324877725736133,0.530445549085982,0.9901960783342946,0.9999999999009902,0.9950980391669069
1251,0.001,0.5693484853420939,0.5692599916032383,0.00017698793115934159,0.7969669569526887,0.6512798141030705,0.6457651438666325,0.011029349658273015,0.4147657795953914,0.5168065308560673,0.9901960783342946,0.9999999999009902,0.9950980391669069
1252,0.001,0.5724381250994546,0.5723328377519336,0.00021057602784172298,0.7931873323725751,0.6537670539874657,0.645827001800724,0.015880085363545838,0.4108659808703295,0.5136579375275251,0.9901960783342946,0.9999999999009902,0.9950980391669069
1253,0.001,0.5756529580269542,0.5755114321197782,0.0002830594359173639,0.784726339553489,0.649183494203231,0.6385033896156386,0.021360197250603462,0.4507580868601759,0.5437893957280997,0.9901960783342946,0.9999999999009902,0.9950980391669069
1254,0.001,0.5716835196529116,0.571591602904456,0.0001838292189079636,0.7871579232775511,0.6524026165990269,0.6436796749339384,0.017445868794240205,0.4246796536801753,0.5245669640758723,0.9901960783342946,0.9999999999009902,0.9950980391669069
1255,0.001,0.571626603603363,0.5715350285172462,0.00018315964760924025,0.8007283457124802,0.6547858551436779,0.6453786585845199,0.018814370328304814,0.4157552098576596,0.5174985839897115,0.9901960783342946,0.9999999999009902,0.9950980391669069
1256,0.001,0.5702810149107661,0.5701862084014075,0.000189607542129774,0.8067883783589956,0.6521100577186135,0.6431738699183744,0.01787231564887014,0.4275168721150151,0.5267030685359008,0.9901960783342946,0.9999999999009902,0.9950980391669069
1257,0.001,0.5696586530123439,0.5695587268897465,0.00019985560863590633,0.8064125084903606,0.652104991908167,0.6435306230012108,0.017148702569744167,0.4232621548435677,0.5233163374258734,0.9901960783342946,0.9999999999009902,0.9950980391669069
1258,0.001,0.573787839284965,0.57368446460792,0.00020675573692382647,0.8050324846045794,0.6545339717584497,0.6453601723792506,0.018347642841000184,0.41669860983720836,0.5181924593272268,0.9901960783342946,0.9999999999009902,0.9950980391669069
1259,0.001,0.5707973358886582,0.5707115232944489,0.00017162717280630853,0.8013017386982692,0.6478148768929874,0.6406143284311482,0.01440109272359633,0.44416756486605463,0.5391193704731446,0.9901960783342946,0.9999999999009902,0.9950980391669069
1260,0.001,0.5708240568637848,0.5707071902496474,0.00023373418948072607,0.7912041348484927,0.6464972466814751,0.638393410280639,0.01620772179654416,0.4489996727118837,0.5425490401574921,0.9901960783342946,0.9999999999009902,0.9950980391669069
1261,0.001,0.5697820633649826,0.56966896461589,0.0002261937608117088,0.7971231387383371,0.6476742864823809,0.6419463455677032,0.011455898282720763,0.44106655956625007,0.536767772818994,0.9901960783342946,0.9999999999009902,0.9950980391669069
1262,0.001,0.5727087663752692,0.57261225687606,0.00019301145526437073,0.8037258819195737,0.6603640598409316,0.6520294085437176,0.01666929269684296,0.412709557093068,0.5149976358186239,0.9901960783342946,0.9999999999009902,0.9950980391669069
1263,0.001,0.5718244409986905,0.5717170855828694,0.00021470977234067895,0.8065975440020836,0.6507396148700341,0.6429285377848382,0.015622151358162655,0.43012657630908585,0.528733081248061,0.9901960783342946,0.9999999999009902,0.9950980391669069
1264,0.001,0.5708271201167788,0.570739528962544,0.00017518313520018376,0.8106803311527793,0.6532284734295863,0.6455507757616978,0.015355407972546184,0.42014558952633296,0.5208736577228779,0.9901960783342946,0.9999999999009902,0.9950980391669069
1265,0.001,0.5700960883072445,0.5700097637517112,0.0001726558558792541,0.8051751816457802,0.6470170506075317,0.6404698251509199,0.01309442700014687,0.4359306329483581,0.5331207046383358,0.9901960783342946,0.9999999999009902,0.9950980391669069
1266,0.001,0.5709149560758046,0.5708368154508727,0.00015627712959290614,0.8045924417017353,0.6518298095347834,0.6448730136833939,0.013913615752815032,0.42397289454579107,0.523969546049126,0.9901960783342946,0.9999999999009902,0.9950980391669069
1267,0.001,0.5676423300589833,0.567535974085331,0.0002127072323544001,0.8068662988663593,0.6530092937104842,0.6458884080251058,0.014241743065855083,0.42100318391694413,0.5216441313732446,0.9901960783342946,0.9999999999009902,0.9950980391669069
1268,0.001,0.5705916562250682,0.5705002056700843,0.00018289919950932796,0.7957518872342614,0.6504050440648023,0.6408758052423889,0.019058442437181286,0.4447460551970756,0.5394903518904272,0.9803921567666283,0.9999999999000001,0.9901960783828335
1269,0.001,0.569930979183742,0.569757023027965,0.0003479100766656172,0.8008750664714215,0.6554561058680216,0.6467873021668079,0.017337618432208605,0.4122638823616708,0.5147485791357138,0.9901960783342946,0.9999999999009902,0.9950980391669069
1270,0.001,0.568932019174099,0.5688411380563464,0.00018177552023449346,0.8067846663888226,0.649754430733475,0.6425641260895074,0.014380569076713394,0.42481640446567787,0.52463968861112,0.9901960783342946,0.9999999999009902,0.9950980391669069
1271,0.001,0.5727251800043243,0.5726015408124242,0.00024727713350460235,0.7943820950093469,0.650505055399502,0.6386048986631281,0.02380030355690157,0.4496379667827197,0.5429483414664429,0.9803921567666283,0.9999999999000001,0.9901960783828335
1272,0.001,0.5684962453586715,0.5684013196400234,0.00018985690063085973,0.8043617786624325,0.6466025301054412,0.6393368179891624,0.014531381163453939,0.4468052920993193,0.5409324963690746,0.9901960783342946,0.9999999999009902,0.9950980391669069
1273,0.001,0.5683543628879956,0.5682485880596297,0.0002115523381819782,0.8081006075165844,0.647949639488669,0.6398661621645385,0.01616692207023209,0.4507793119146614,0.5438091008043193,0.9901960783342946,0.9999999999009902,0.9950980391669069
1274,0.001,0.5726799603019442,0.5725880148155349,0.0001838932478546797,0.7857217416162763,0.6437294734459297,0.6376869240227867,0.01208511341874506,0.4540810127810218,0.546174619284515,0.9901960783342946,0.9999999999009902,0.9950980391669069
1275,0.001,0.570137198482241,0.5700409508177212,0.0001924960858689571,0.8032805307018124,0.644484130190868,0.6397304546599295,0.00950735538978787,0.4460164363958228,0.5403436829363362,0.9901960783342946,0.9999999999009902,0.9950980391669069
1276,0.001,0.5696951715009553,0.5696048715284893,0.0001805937902515455,0.8093261296064806,0.6460923698602938,0.6385800569665199,0.015024658292531967,0.45092158150559336,0.5439239689918897,0.9901960783342946,0.9999999999009902,0.9950980391669069
1277,0.001,0.5679686771971839,0.5678836575576237,0.000170037473773326,0.8067125145137635,0.6493323123922535,0.6391980683102327,0.020268507959211573,0.45058707661444497,0.5436799833606158,0.9901960783342946,0.9999999999009902,0.9950980391669069
1278,0.001,0.5748461421046939,0.5747587169919696,0.0001748491219716795,0.797664668714706,0.6536636884305992,0.6446003989846099,0.01812660296027567,0.4316737297884868,0.5298577949938701,0.9901960783342946,0.9999999999009902,0.9950980391669069
1279,0.001,0.5694132330162185,0.5693161083119256,0.00019425104463672533,0.8006656356854742,0.6477328877823025,0.6397668479704389,0.015932031085385996,0.4505854854365661,0.5436640325296923,0.9901960783342946,0.9999999999009902,0.9950980391669069
1280,0.001,0.5732888909322875,0.5731332727840969,0.00031123914647780893,0.7913037904944952,0.6556976799871407,0.652930792055878,0.005533801190847275,0.40024915414094964,0.5052900604963306,0.9901960783342946,0.9999999999009902,0.9950980391669069
1281,0.001,0.5723439710480827,0.5721611763749804,0.00036559061300067697,0.795834098017817,0.6506913415357178,0.6446026540270039,0.012177355277041594,0.4152823621093871,0.5172327071938657,0.9901960783342946,0.9999999999009902,0.9950980391669069
1282,0.001,0.5708316255893026,0.5707098735230309,0.00024350527655769838,0.7956213140464643,0.6560755699288612,0.6464037527056301,0.019343653693795204,0.4116928552654607,0.514344419344948,0.9901960783342946,0.9999999999009902,0.9950980391669069
1283,0.001,0.5683370690260615,0.5682152594838824,0.00024361270854050026,0.8014862746839457,0.6489375946568507,0.6409304288088107,0.016014324829858893,0.4277255367294211,0.526856735829974,0.9901960783342946,0.9999999999009902,0.9950980391669069
1284,0.001,0.5698341801762581,0.5697287980999265,0.00021077048677398125,0.8062849335387082,0.6539752909950182,0.6463346200830796,0.015281341632134189,0.4140565560634628,0.5161253359078357,0.9901960783342946,0.9999999999009902,0.9950980391669069
1285,0.001,0.5779556844915662,0.576743561242308,0.002424254687087211,0.7661149657448035,0.6767823427331214,0.6412275550412196,0.07110954748093397,0.4461700877287638,0.5403763437171069,0.9999999999019609,0.9532710279482924,0.9754901960306132
1286,0.001,0.5912036108119147,0.5877334294574601,0.006940372666836733,0.7571708765857073,0.6564459859156141,0.6411213968314377,0.030649166362469688,0.44175912420854563,0.5372135328094002,0.970588235198962,0.9999999998989899,0.9852941175987601
1287,0.001,0.5829060428908893,0.5802464549030576,0.0053191852101528115,0.7776305736186196,0.6700214527401269,0.6505441689023784,0.03895458088749472,0.40942909545875705,0.5125295634232342,0.9901960783342946,0.9999999999009902,0.9950980391669069
1288,0.001,0.580184562930039,0.5798163307564599,0.0007364600756513287,0.7812662030481796,0.6579390460369634,0.6432605391623927,0.029357033535180724,0.41933433502829565,0.52033471082983,0.9803921567666283,0.9999999999000001,0.9901960783828335
1289,0.001,0.5704491436481476,0.5703200197645596,0.0002582489126195599,0.7997200023865697,0.6489629003347135,0.6410558410719329,0.01581411943862251,0.4283530315722956,0.5274203374180407,0.9901960783342946,0.9999999999009902,0.9950980391669069
1290,0.001,0.5732656749231475,0.5728140899113247,0.0009031579050185558,0.7981443407331924,0.6454857768965703,0.6437726231182322,0.003426329397103366,0.41955296940922593,0.5205108503333231,0.9999999999019609,0.9999999999019609,0.9999999999509803
1291,0.001,0.5722640029021672,0.5721345022320747,0.00025900408374062475,0.8010325759107341,0.6512608300237095,0.6468349058254093,0.00885189138352871,0.4141694431419028,0.5164493392824988,0.9901960783342946,0.9999999999009902,0.9950980391669069
1292,0.001,0.5702641095433917,0.5701874058161464,0.00015339934322712776,0.8015114427944302,0.6514109501651689,0.6433793382317412,0.01606325013563037,0.43359540199509505,0.5313560108107119,0.9803921567666283,0.9999999999000001,0.9901960783828335
1293,0.001,0.5709451511502266,0.5708434006997517,0.00020349655421471522,0.7945066806530401,0.645679958895141,0.636943120582431,0.0174736656047696,0.4488888750015403,0.5424392167396493,0.9901960783342946,0.9999999999009902,0.9950980391669069
1294,0.001,0.5729286234293666,0.5727119499019214,0.00043335430538198646,0.8001525529834419,0.6502404540192848,0.6467664709278181,0.006947953345290586,0.40934426828811,0.5126384430692791,0.9901960783342946,0.9999999999009902,0.9950980391669069
1295,0.001,0.5687322861381939,0.568652908716883,0.00015875641214993915,0.8052762833162151,0.6436580606535369,0.6401981407520818,0.0069197969164188,0.42977664702988677,0.5285015430518886,0.9901960783342946,0.9999999999009902,0.9950980391669069
1296,0.001,0.5675439430134637,0.5674619653395244,0.00016394823251175694,0.8061168402124433,0.6432899569763857,0.6406591201529783,0.0052617069187701915,0.43539494976895793,0.5326782960837766,0.9901960783342946,0.9999999999009902,0.9950980391669069
1297,0.001,0.569319201367242,0.5692291440708297,0.00018011143414956417,0.8132986406674262,0.6431094986550948,0.6399277635649139,0.00636346306761398,0.4321102321994684,0.5302644679420876,0.9901960783342946,0.9999999999009902,0.9950980391669069
1298,0.001,0.5673012169344085,0.5672220907041005,0.00015824760053614488,0.8107835843111999,0.6463732152592903,0.6403712384841022,0.012003960197462755,0.43807227553566397,0.5346765539308714,0.9901960783342946,0.9999999999009902,0.9950980391669069
1299,0.001,0.5674201047846249,0.5673455925924438,0.00014902132755066435,0.8140963878742877,0.6460787905197517,0.6413422057441637,0.009473164282812207,0.42846791862195,0.5274512148204589,0.9901960783342946,0.9999999999009902,0.9950980391669069
1300,0.001,0.5703025524105344,0.5702150080885205,0.00017509659405082596,0.8109518859730134,0.6481818954149882,0.6426678405088537,0.01102809677375298,0.43063063181679295,0.529046242210108,0.9901960783342946,0.9999999999009902,0.9950980391669069
1301,0.001,0.5643042145030839,0.5642301099640983,0.00014821899146357152,0.8110067372824884,0.6480138220039069,0.6416983359000262,0.012630977101770103,0.42947990106909295,0.5282829155163901,0.9901960783342946,0.9999999999009902,0.9950980391669069
1302,0.001,0.5711599439382553,0.571068097438131,0.00018369313550335522,0.7975693281590012,0.6538319868199965,0.6464862729988846,0.014691374301179951,0.4117707316500951,0.5144127162463219,0.9901960783342946,0.9999999999009902,0.9950980391669069
1303,0.001,0.5706356178436961,0.5705524970378194,0.0001662444289779939,0.7963309532057178,0.6526765531184626,0.6417800299092835,0.021793059201217164,0.4327420306445632,0.5307243056559644,0.9803921567666283,0.9999999999000001,0.9901960783828335
1304,0.001,0.5660096066338676,0.565925902553967,0.00016740485794538733,0.8026666607275893,0.6490583069184247,0.6451781544030881,0.007760329281582552,0.4156117806754898,0.5175014806480922,0.9901960783342946,0.9999999999009902,0.9950980391669069
1305,0.001,0.5699887296983174,0.5699121228286198,0.0001532084578294806,0.801920643415496,0.6521179600089204,0.6487069784426222,0.006821977412875961,0.40455619733242043,0.5083190017570179,0.9901960783342946,0.9999999999009902,0.9950980391669069
1306,0.001,0.5681908343519483,0.5680897693548884,0.00020213270896160144,0.811017603781508,0.6477568541087356,0.6435965656065473,0.008320585532369567,0.4278918620295892,0.5270338505177888,0.9901960783342946,0.9999999999009902,0.9950980391669069
1307,0.001,0.5680786137069974,0.5679917601602418,0.000173715926913636,0.8125815049306803,0.6520892294014201,0.6445560338450413,0.015066411729682894,0.420590628599332,0.521327982486281,0.9901960783342946,0.9999999999009902,0.9950980391669069
1308,0.001,0.568629900259631,0.5685266224401337,0.00020656454541624823,0.8077578019562033,0.6443377844258851,0.6407800001256606,0.0071155969418731395,0.43595988804195895,0.5331082461420266,0.9901960783342946,0.9999999999009902,0.9950980391669069
1309,0.001,0.565112686582974,0.5650144911238125,0.00019639489099582924,0.810790479012561,0.6442400404051238,0.6399481962708866,0.008583706894925996,0.4404558753394376,0.53643333793385,0.9901960783342946,0.9999999999009902,0.9950980391669069
1310,0.001,0.5703597058142934,0.5702600596206528,0.0001992922884060785,0.7978807439184771,0.6449778605909908,0.6392673283231025,0.011421104856565887,0.4487925625681775,0.5423519634091233,0.9901960783342946,0.9999999999009902,0.9950980391669069
1311,0.001,0.5659094165478434,0.5657802873424121,0.000258256260817039,0.8062503183565397,0.6482358393715877,0.6435113736227447,0.009448910789454685,0.42325418099052864,0.5234537510391415,0.9901960783342946,0.9999999999009902,0.9950980391669069
1312,0.001,0.569793412727969,0.5696586210812841,0.0002695903123302352,0.81193841041145,0.6517331617719987,0.6433344185352325,0.016797465801823373,0.4265294400827083,0.5259859341494468,0.9901960783342946,0.9999999999009902,0.9950980391669069
1313,0.001,0.5662776306271553,0.5661851614713669,0.00018494465491260468,0.8137016966510064,0.6526235225153905,0.645730923203861,0.013785183338411883,0.41827167213853267,0.5195573740443368,0.9901960783342946,0.9999999999009902,0.9950980391669069
1314,0.001,0.5672239097101348,0.5671285092830658,0.00019079107590057123,0.8170108207572924,0.6476612032628527,0.6427271295996273,0.009868162419354799,0.427564176357223,0.5267305931159797,0.9901960783342946,0.9999999999009902,0.9950980391669069
1315,0.001,0.5670053426708493,0.5669305473566055,0.00014958399593264664,0.8107249008154483,0.6480159350470001,0.6406590237337,0.014713821759191798,0.4414655251593612,0.537180859432434,0.9803921567666283,0.9999999999000001,0.9901960783828335
1316,0.001,0.5668164544871875,0.5667378253170422,0.00015725615841282497,0.7970942610214244,0.6554522327348298,0.6469837298580244,0.016936981913578862,0.4128297762459647,0.5152637324953486,0.9901960783342946,0.9999999999009902,0.9950980391669069
1317,0.001,0.5689097153288978,0.5688263773918152,0.0001666776554754636,0.8108734071224941,0.6435143252213796,0.6393788188111549,0.008271011432596282,0.4445553742744912,0.5391838335264871,0.9901960783342946,0.9999999999009902,0.9950980391669069
1318,0.001,0.5680118447967938,0.5679357158286231,0.0001522656730880304,0.80738091134355,0.6463183427558226,0.6409141520659128,0.010808389232146973,0.4361261442769219,0.5332296048540016,0.9901960783342946,0.9999999999009902,0.9950980391669069
1319,0.001,0.5685205864054816,0.568430228957108,0.00018071416850164366,0.8074000230246129,0.6487968458848841,0.6434185849685295,0.010756512336871204,0.4246497822947629,0.524598869910592,0.9901960783342946,0.9999999999009902,0.9950980391669069
1320,0.001,0.5698386345590863,0.569752784711974,0.00017169881799158508,0.8077348889535622,0.6562638142529655,0.6486031027401195,0.015321401769624036,0.4092674562116161,0.5124380395484254,0.9901960783342946,0.9999999999009902,0.9950980391669069
1321,0.001,0.5680494968380246,0.5679431057402066,0.000212786081907065,0.809949333040943,0.6493902247326047,0.6395881994097841,0.019604075499171137,0.44220331012187114,0.5376569465373687,0.9901960783342946,0.9999999999009902,0.9950980391669069
1322,0.001,0.5685050732323101,0.5684363916516304,0.000137362213146324,0.8137409953093483,0.6531516202524597,0.6456362400569168,0.01503078511678705,0.4206073741728633,0.521393264279416,0.9901960783342946,0.9999999999009902,0.9950980391669069
1323,0.001,0.5673823122467313,0.5673030774508204,0.00015847959522423998,0.8095291941508348,0.6498005191485087,0.6417972538985458,0.016006521077132692,0.4308393358211437,0.5292918931222973,0.9901960783342946,0.9999999999009902,0.9950980391669069
1324,0.001,0.5689755145992551,0.5688898744327682,0.00017128712248190174,0.8063270733861688,0.6487812131058937,0.6433023290306914,0.010957760992003423,0.426501481246025,0.5259727790732283,0.9901960783342946,0.9999999999009902,0.9950980391669069
1325,0.001,0.5688483991793224,0.568745596068246,0.00020560506553530495,0.8003862403825895,0.6494019662632662,0.6443861430766535,0.01003163956178754,0.42038540240678923,0.5212116357514501,0.9901960783342946,0.9999999999009902,0.9950980391669069
1326,0.001,0.5672790684870311,0.5671704752104623,0.0002171882788388757,0.8120472949616573,0.6502833383924821,0.6434927436650968,0.013581208446446587,0.4266250602270073,0.5260256092754223,0.9901960783342946,0.9999999999009902,0.9950980391669069
1327,0.001,0.568533504647868,0.5684544954981122,0.0001580151282334035,0.8174813608540484,0.6533961845379249,0.64119165317685,0.02440908237123022,0.43449562325568514,0.5319898515624529,0.9803921567666283,0.9999999999000001,0.9901960783828335
1328,0.001,0.5648856226887021,0.5647995610322271,0.00017212336998844485,0.815699602212347,0.6523015534176546,0.6441490878077114,0.016304925741518244,0.42323426553347654,0.523345614487364,0.9803921567666283,0.9999999999000001,0.9901960783828335
1329,0.001,0.5666264636175973,0.5665598543626922,0.00013320722921759755,0.8139949980253317,0.650997706488067,0.643100592435575,0.01579422143963622,0.4295466381524706,0.5282478261455366,0.9901960783342946,0.9999999999009902,0.9950980391669069
1330,0.001,0.5692295889769282,0.5691572704485485,0.00014463755282382147,0.8122008056952618,0.6522001092340431,0.6441851603049858,0.016029929194380257,0.42826293177723984,0.5273109504565698,0.9901960783342946,0.9999999999009902,0.9950980391669069
1331,0.001,0.5704954330410276,0.5703974547130721,0.00019594782458755487,0.8120613762634897,0.6495016427601085,0.6417347227825838,0.015533851806585695,0.436170950269071,0.533229197007676,0.9901960783342946,0.9999999999009902,0.9950980391669069
1332,0.001,0.5688590982130596,0.5687831799898829,0.00015183999429219902,0.8094570086364846,0.6494270230040831,0.6447168150368858,0.009420398403616512,0.42533331313980427,0.5250700967256324,0.9901960783342946,0.9999999999009902,0.9950980391669069
1333,0.001,0.5687960375632558,0.5687152381454196,0.00016159822929954056,0.8171192571289948,0.6529107537924075,0.6439484474705715,0.017924631014466286,0.4263084190258995,0.525837625742923,0.9901960783342946,0.9999999999009902,0.9950980391669069
1334,0.001,0.5676092345799718,0.5675197818449566,0.00017889626074715385,0.8157008400639681,0.6515177505857804,0.6451519044006572,0.012731687750156019,0.4265994589122556,0.5260515898256529,0.9901960783342946,0.9999999999009902,0.9950980391669069
1335,0.001,0.5654155569417136,0.5653388244765145,0.00015345196126353194,0.814069171277744,0.6479431209610957,0.6432977786251143,0.009290709251574441,0.4280806695197086,0.527169579967325,0.9901960783342946,0.9999999999009902,0.9950980391669069
1336,0.001,0.5664747804403305,0.5663820079394749,0.00018553987242090182,0.8091886736911361,0.6524205792183969,0.6464670458260704,0.011907064885485406,0.4183636703603808,0.5196019593507737,0.9901960783342946,0.9999999999009902,0.9950980391669069
1337,0.001,0.5651619689805167,0.5650760467563357,0.00017184596760801339,0.8149230673106012,0.6465595066547394,0.6408449019871506,0.011429193667044826,0.4395002544959055,0.535697691808241,0.9901960783342946,0.9999999999009902,0.9950980391669069
1338,0.001,0.5680398004395621,0.5679529798882348,0.0001736470816727628,0.805979181879896,0.6521912193765828,0.6445380227238524,0.015306414251087927,0.42150830538582745,0.5221306614879477,0.9901960783342946,0.9999999999009902,0.9950980391669069
1339,0.001,0.5699784968580518,0.5698903575539589,0.0001762798684857054,0.8142127842828627,0.6563154663525376,0.6491666529692856,0.01429762746043065,0.40716512953502954,0.5107136845246003,0.9901960783342946,0.9999999999009902,0.9950980391669069
1340,0.001,0.5693037573780332,0.5692244693636894,0.0001585735348531411,0.8134003353458061,0.6466549594028324,0.6411900140491187,0.010929863224280816,0.4426333885823863,0.5380066301073769,0.9901960783342946,0.9999999999009902,0.9950980391669069
1341,0.001,0.5678758919239044,0.5677845999598503,0.0001825872226878086,0.8055058891824041,0.6481722727710125,0.6421431338085848,0.0120582947617068,0.43903080205475736,0.5353075957040785,0.9803921567666283,0.9999999999000001,0.9901960783828335
1342,0.001,0.5680772555725915,0.5679890055741582,0.00017650374619344284,0.8081732432527143,0.648247613626368,0.6429702885010663,0.010554657920318492,0.4318748792550742,0.5300309863035737,0.9901960783342946,0.9999999999009902,0.9950980391669069
1343,0.001,0.5693149247339794,0.5692422507064683,0.00014534834709983052,0.8146367394471544,0.6604176853217331,0.648482100051992,0.023871150999969126,0.4179947074225477,0.5192996988404189,0.9803921567666283,0.9999999999000001,0.9901960783828335
1344,0.001,0.5676794690745217,0.5675938171999795,0.0001712990078236284,0.8189899302113922,0.6518602084879782,0.6457069089599684,0.012306612770200944,0.4246520066828049,0.5245677005153111,0.9901960783342946,0.9999999999009902,0.9950980391669069
1345,0.001,0.5704207569360733,0.5703434709991727,0.00015456952769454801,0.7959165794576446,0.6546968151541317,0.6453955062464172,0.01860259948115723,0.4245283707809133,0.5244718605831371,0.9803921567666283,0.9999999999000001,0.9901960783828335
1346,0.001,0.5671385952404567,0.5670424508196967,0.00019229828272468045,0.8116804727314585,0.6555546270866021,0.6480322632135129,0.01504473383629731,0.41580652813430097,0.5177033479281031,0.9901960783342946,0.9999999999009902,0.9950980391669069
1347,0.001,0.56831408398492,0.5681999400258064,0.0002283020333249754,0.8138072820909299,0.6554223573675343,0.6482486011935216,0.014347496095533464,0.41461912605368206,0.5165600104936636,0.9901960783342946,0.9999999999009902,0.9950980391669069
1348,0.001,0.5702361496431487,0.5701353975704738,0.00020150458489557162,0.813475655540277,0.6553684268511978,0.6466103757128996,0.017516156293305697,0.4212884140256375,0.5220095757289492,0.9901960783342946,0.9999999999009902,0.9950980391669069
1349,0.001,0.5672015483890261,0.5671013221144676,0.00020044813520923656,0.8136123041448098,0.6507910209543565,0.645701483184216,0.010179051088497919,0.420329218088566,0.5212555200093972,0.9901960783342946,0.9999999999009902,0.9950980391669069
1350,0.001,0.5683240677629199,0.5682061708399228,0.00023579562178253712,0.801558280083933,0.6535844826230816,0.6508768311902589,0.005415283956144955,0.4055159144741712,0.5094572782159922,0.9901960783342946,0.9999999999009902,0.9950980391669069
1351,0.001,0.5701723343559674,0.5700824771608625,0.00017972468958760146,0.8013277099851688,0.6493595803485197,0.6459770342882942,0.006765139252677852,0.41515244190595946,0.5171655053837065,0.9901960783342946,0.9999999999009902,0.9950980391669069
1352,0.001,0.5677010321191379,0.5675953435046333,0.0002113652028908421,0.8152585669685635,0.652205594030081,0.6457440566782858,0.01292307645666833,0.4257189316943763,0.5253899806050919,0.9901960783342946,0.9999999999009902,0.9950980391669069
1353,0.001,0.5674179409231458,0.5673318143401828,0.00017224126479829595,0.8173791523510351,0.6525249469513986,0.6433575001417422,0.018334854686377095,0.4292207260449139,0.5280743899212746,0.9803921567666283,0.9999999999000001,0.9901960783828335
1354,0.001,0.567243041736739,0.5669562923056739,0.0005735080177536085,0.8173399492534653,0.6509916922625374,0.6469548420578826,0.008073718615752809,0.42225047917156855,0.522746181791928,0.9901960783342946,0.9999999999009902,0.9950980391669069
1355,0.001,0.571894751063415,0.5717899682266372,0.00020955909531039651,0.8079298516666726,0.6455809070783503,0.6400325496991476,0.011096730773501536,0.4457175487479288,0.5401559911248499,0.9901960783342946,0.9999999999009902,0.9950980391669069
1356,0.001,0.5714328959584236,0.571340197963374,0.0001853963972929965,0.8080164200316761,0.6546188587067174,0.6451768676439921,0.01888395955457407,0.4213955031687737,0.5220753922767314,0.9901960783342946,0.9999999999009902,0.9950980391669069
1357,0.001,0.5653434480939593,0.5652503647974559,0.00018617785164159223,0.808945286019127,0.6513021009809831,0.644802112789715,0.012999997748171581,0.42403950631443127,0.5240989445049,0.9901960783342946,0.9999999999009902,0.9950980391669069
1358,0.001,0.5654760045664651,0.5653858685067722,0.0001802756436778249,0.8142112996352319,0.6493426082180995,0.6455719915090823,0.0075412445208605594,0.4270486495108284,0.5263914241205537,0.9901960783342946,0.9999999999009902,0.9950980391669069
1359,0.001,0.5674453069056783,0.5673634303467614,0.00016374889401049586,0.8168720138257056,0.6565167687687219,0.6466409353648915,0.019751653221308018,0.42182405251112837,0.5223722029866465,0.9901960783342946,0.9999999999009902,0.9950980391669069
1360,0.001,0.5646003325070653,0.5645096727779934,0.00018132666848811953,0.8163611738844477,0.6497547147320766,0.6454202369147656,0.008668962610410709,0.4210741594297519,0.5218436655077513,0.9901960783342946,0.9999999999009902,0.9950980391669069
1361,0.001,0.5650103688240051,0.564932889172009,0.0001549743818551568,0.8183707328272959,0.6484880231174768,0.639827627177332,0.01732077613911208,0.44183646181667907,0.5373697477544092,0.9901960783342946,0.9999999999009902,0.9950980391669069
1362,0.001,0.5682851374149323,0.5681856242673737,0.00019903265482363558,0.809202289783072,0.654882577120089,0.6446304964084252,0.02050412009817128,0.43511265604418137,0.5323472598824466,0.9803921567666283,0.9999999999000001,0.9901960783828335
1363,0.001,0.5673201786620277,0.5672340850744929,0.00017219269284396432,0.8116683975936236,0.6548508534244463,0.6400276691305871,0.029646379672283053,0.43658430501445356,0.5335593559750859,0.9803921567666283,0.9999999999000001,0.9901960783828335
1364,0.001,0.5677962547966412,0.5676712202174323,0.00025007057554051116,0.8181572243745121,0.6524602835084877,0.6438979120815501,0.01712474265300176,0.4233177773523095,0.5235189243234851,0.9901960783342946,0.9999999999009902,0.9950980391669069
1365,0.001,0.5675496565444129,0.5674638450145721,0.0001716226254627275,0.8183243645532168,0.6520861994986441,0.6478565008032555,0.008459383731379229,0.4134177872388171,0.5157841035423025,0.9901960783342946,0.9999999999009902,0.9950980391669069
1366,0.001,0.5662981814571789,0.5662193511213575,0.00015766366024243844,0.817880803971828,0.6588292583531025,0.6495905886678135,0.01847737936266497,0.4077727091836559,0.5112628439053994,0.9901960783342946,0.9999999999009902,0.9950980391669069
1367,0.001,0.5669079465525491,0.5668085930602891,0.0001987092668319487,0.8160773951231283,0.6555654745475918,0.6460319798366696,0.019067002058613534,0.41837880183415577,0.519732275844399,0.9901960783342946,0.9999999999009902,0.9950980391669069
1368,0.001,0.5664731700505529,0.5663788435714585,0.00018865159108827356,0.8108524868665054,0.6552663831149831,0.648530314950382,0.013472140310149566,0.4107952980219954,0.5137569056280094,0.9901960783342946,0.9999999999009902,0.9950980391669069
1369,0.001,0.5690347105264664,0.56895164506776,0.00016613604306517767,0.8134181406239366,0.6573042396236869,0.6506760833310146,0.013256274282420967,0.40979554271696267,0.5129586835718775,0.9901960783342946,0.9999999999009902,0.9950980391669069
1370,0.001,0.5674402639269829,0.5673512773854392,0.000177971796282301,0.818739902796202,0.651182717552372,0.6417222876174777,0.01892083225881352,0.4305454481149545,0.5290522260716269,0.9901960783342946,0.9999999999009902,0.9950980391669069
1371,0.001,0.5667983485119683,0.5667143559881619,0.000167981236830071,0.8044165419594075,0.6509080161066616,0.642585976451051,0.016644114226687188,0.4284194476371872,0.5274449728050238,0.9901960783342946,0.9999999999009902,0.9950980391669069
1372,0.001,0.5671032007251467,0.5670135095715523,0.00017938198081018136,0.8146063677143517,0.6438924430632124,0.6397800445556641,0.008224799608190855,0.44462818111218083,0.5394244798867271,0.9901960783342946,0.9999999999009902,0.9950980391669069
1373,0.001,0.5661078883068902,0.5660118237137794,0.00019214441616506,0.8170640440803812,0.6525598156685922,0.6466210835120257,0.011877487221842302,0.415463511026992,0.5173986302270961,0.9901960783342946,0.9999999999009902,0.9950980391669069
1374,0.001,0.566400228866509,0.5663135690348489,0.00017331945517591002,0.8191943676328711,0.6562084012171802,0.6483443811828015,0.015728051792465003,0.4138960691823846,0.5160678377647153,0.9901960783342946,0.9999999999009902,0.9950980391669069
1375,0.001,0.5667650997638702,0.566688882453101,0.00015244109038446498,0.8210459390037971,0.6498506636011834,0.6431250163153106,0.013451311043372341,0.425774074985151,0.52543004447562,0.9901960783342946,0.9999999999009902,0.9950980391669069
1376,0.001,0.5670392396194595,0.5669289114219802,0.0002206343807691675,0.8153625510322998,0.6548432964904636,0.6483829155856488,0.012920791287815162,0.4107740237088051,0.5135991095378415,0.9901960783342946,0.9999999999009902,0.9950980391669069
1377,0.001,0.5674310784254756,0.5673314460686275,0.0001992593779505114,0.8093889067002668,0.6489361810917947,0.6434662546597275,0.01093982897844969,0.4433142887257354,0.5381448103570436,0.9901960783342946,0.9999999999009902,0.9950980391669069
1378,0.001,0.5699883816497666,0.5697561151215008,0.00046453202620406434,0.8010914806292029,0.6635429689697191,0.6529444017831016,0.021197131277956797,0.40711461010916977,0.5106591638242258,0.970588235198962,0.9999999998989899,0.9852941175987601
1379,0.001,0.568181614790644,0.5680843368172646,0.0001945542539293196,0.8017272948710167,0.6546536514572069,0.6474664094401341,0.014374522967081443,0.41271143926159504,0.5151573726780824,0.9901960783342946,0.9999999999009902,0.9950980391669069
1380,0.001,0.5667318595307214,0.5666447984320777,0.00017412975103070494,0.8114524084816989,0.6602897018778557,0.6485060143704507,0.023567387176787153,0.40315169634683556,0.5074368157938483,0.9803921567666283,0.9999999999000001,0.9901960783828335
1381,0.001,0.5641061780708176,0.5640174778444427,0.00017740680855890138,0.8163877596756829,0.6584493599685968,0.6497502186719109,0.01739828584387022,0.39830773358267363,0.5032435151516845,0.9901960783342946,0.9999999999009902,0.9950980391669069
1382,0.001,0.5642033645084926,0.5641317271760532,0.00014327710752175854,0.815462531195556,0.6620144803150028,0.6531691568739274,0.017690669471288428,0.3963175132133008,0.5015704362550608,0.9901960783342946,0.9999999999009902,0.9950980391669069
1383,0.001,0.5684990574206624,0.5684051854269845,0.00018774144960583987,0.8138680790428975,0.665479475961012,0.6535099616237715,0.023939061517297636,0.39528769763092425,0.5008963284564761,0.9901960783342946,0.9999999999009902,0.9950980391669069
1384,0.001,0.5683954688055175,0.5683044674141067,0.0001819965712326978,0.8056934384867717,0.6600597313806122,0.6537827814326567,0.012553938408838767,0.3913129634158793,0.49779443809574714,0.9901960783342946,0.9999999999009902,0.9950980391669069
1385,0.001,0.5646866708993912,0.5646181585533279,0.0001370187180457703,0.819021148143065,0.6529102097539341,0.6470313387758592,0.011757730305487034,0.40608858522962626,0.5098555401002148,0.9901960783342946,0.9999999999009902,0.9950980391669069
1386,0.001,0.565326669386455,0.5652345940470695,0.0001841430751353203,0.8201040579500287,0.6514615463275536,0.6463075286033106,0.010308027906598998,0.4141301501772542,0.5164623074099609,0.9901960783342946,0.9999999999009902,0.9950980391669069
1387,0.001,0.5657430291175842,0.5656744614243507,0.00013713897806155728,0.817150679543466,0.6537671673531625,0.6451284406231899,0.01727741538528718,0.42003417302556484,0.5210503956997925,0.9901960783342946,0.9999999999009902,0.9950980391669069
1388,0.001,0.5633969509175846,0.5633149881448064,0.00016392329039912771,0.8201618938996135,0.6653928014577604,0.6582384641264,0.014308688395163593,0.3905017647064861,0.497161213052873,0.9901960783342946,0.9999999999009902,0.9950980391669069
1389,0.001,0.5683614271027702,0.568284198641777,0.0001544437597788471,0.8202635273114243,0.6521919059987161,0.6443429916512733,0.015697833114102774,0.4258273034799967,0.5254858439331048,0.9803921567666283,0.9999999999000001,0.9901960783828335
1390,0.001,0.5608608265008245,0.5607562576021466,0.0002091365126294217,0.8229800501943894,0.6557707354134205,0.6458902055141973,0.0197610298135117,0.4229044348951529,0.5232264508327721,0.9803921567666283,0.9999999999000001,0.9901960783828335
1391,0.001,0.5651728979178837,0.5650768397109849,0.00019211887489031402,0.8185693554592202,0.6536175065180835,0.645711645191791,0.015811741607738475,0.4200774238368827,0.5209509530453089,0.9901960783342946,0.9999999999009902,0.9950980391669069
1392,0.001,0.5663837769201824,0.5662992798856327,0.00016898928619671745,0.8175556952591098,0.6537066078653523,0.6450918947949129,0.017229436513255623,0.4220214495023758,0.5225059096583187,0.9901960783342946,0.9999999999009902,0.9950980391669069
1393,0.001,0.5659196653536388,0.5658268300550324,0.00018566691336932957,0.8237968159736225,0.6508895532757628,0.6458572938161737,0.010064543937059009,0.42208118012809454,0.5224970049697286,0.9901960783342946,0.9999999999009902,0.9950980391669069
1394,0.001,0.5647417370762143,0.5646550910813468,0.00017329236834484618,0.8169466400159612,0.6517600200924218,0.64654012521108,0.010439757586402051,0.4188489853191374,0.5200964277641787,0.9901960783342946,0.9999999999009902,0.9950980391669069
1395,0.001,0.5644467600754329,0.5643687418528965,0.00015603098537602427,0.8201963296939011,0.6506795240383522,0.6436768688407599,0.014005274676224765,0.433718334707801,0.531399314626066,0.9901960783342946,0.9999999999009902,0.9950980391669069
1396,0.001,0.5659477274332728,0.5658580565026828,0.00017935424895248225,0.8217094997124985,0.6515138932302886,0.6438287782902811,0.015370238828016263,0.43763483288641664,0.5342567988929104,0.9901960783342946,0.9999999999009902,0.9950980391669069
1397,0.001,0.5655334325773376,0.5654369028551238,0.00019305572225545933,0.8224186588021365,0.6554619570573171,0.6476624631414226,0.015598937686459691,0.4184134420102751,0.5197095929073166,0.9901960783342946,0.9999999999009902,0.9950980391669069
1398,0.001,0.5655767066138131,0.5655083837253707,0.00013664159970565897,0.8247110608194026,0.6545927337571686,0.6466357439172035,0.015913935816463304,0.4236046505834025,0.523735097849662,0.9901960783342946,0.9999999999009902,0.9950980391669069
1399,0.001,0.5666396224073001,0.566555418074131,0.00016840457543107083,0.8184325257314816,0.6563347969569412,0.6477793373313605,0.017110931120958982,0.42075022397646744,0.5215760271543028,0.9901960783342946,0.9999999999009902,0.9950980391669069
1400,0.001,0.5630930662155151,0.563018690262522,0.00014875401679351592,0.8247856275608625,0.6536651247856664,0.6476025365146936,0.012125204408577844,0.4168470154927042,0.5185706368535424,0.9901960783342946,0.9999999999009902,0.9950980391669069
1401,0.001,0.5664578175970486,0.5663761060152736,0.0001634261136911976,0.8224106062582648,0.6554567451570549,0.6469776075260312,0.016958266642748143,0.4181396994187867,0.5195501479254583,0.9803921567666283,0.9999999999000001,0.9901960783828335
1402,0.001,0.5687620086329324,0.5686790613191468,0.0001659021731289353,0.8115598947710728,0.6509064126248453,0.6440024557066899,0.013807925158271603,0.42905137760085804,0.5279331117718823,0.9803921567666283,0.9999999999000001,0.9901960783828335
1403,0.001,0.5656533262559346,0.5655519696218627,0.00020271560190719486,0.8112625164682655,0.6499186263364904,0.6405071768106199,0.018822909789342507,0.4397934134598437,0.5359017037900066,0.9803921567666283,0.9999999999000001,0.9901960783828335
1404,0.001,0.5673029433403697,0.5672132383499827,0.00017941323559560779,0.8086962471319852,0.6584619488201889,0.6414663230671602,0.03399127842310597,0.44636262303021723,0.5404986113618342,0.970588235198962,0.9999999998989899,0.9852941175987601
1405,0.001,0.5672360137104988,0.567086572093623,0.00029888763089859694,0.8218451300358236,0.6582034873027428,0.6485302115187925,0.019346525490868325,0.414024144677003,0.5163785180603755,0.9803921567666283,0.9999999999000001,0.9901960783828335
1406,0.001,0.5635117909737996,0.5633852833083698,0.0002530197721820774,0.8187014151724802,0.6538982893906388,0.6487386758420982,0.010319224430942069,0.4111325977448581,0.5139521398786432,0.9901960783342946,0.9999999999009902,0.9950980391669069
1407,0.001,0.5672039027724948,0.5671084278396198,0.0001909468256988995,0.8057504230995514,0.6599849176173117,0.6489358778093376,0.022098037122073127,0.4022704418442024,0.5068113718643723,0.9901960783342946,0.9901960783342946,0.9901960783828335
1408,0.001,0.5650596906031881,0.5649789316313607,0.0001615171870850775,0.813763607867448,0.656892447494993,0.6484710632586012,0.016842788751876236,0.4080813061298456,0.5115771018886457,0.9901960783342946,0.9999999999009902,0.9950980391669069
1409,0.001,0.5673513965947288,0.5672545422400747,0.00019371457983652363,0.8173332327950215,0.6559549260373209,0.6473137338956197,0.01728238108768767,0.40979271428596975,0.5128560665765146,0.9901960783342946,0.9999999999009902,0.9950980391669069
1410,0.001,0.5668363496661186,0.5667513970817838,0.00016990457775786387,0.816684815148324,0.6542533010828728,0.6465592045410007,0.015388220585152214,0.41610648756798035,0.5179643552489561,0.9901960783342946,0.9999999999009902,0.9950980391669069
1411,0.001,0.5653829031756946,0.5652890694992883,0.00018766721495921956,0.8242599009295157,0.6531029857841193,0.6461054203557033,0.013995140425714791,0.4192233147931271,0.5204005893860104,0.9901960783342946,0.9999999999009902,0.9950980391669069
1412,0.001,0.5618432856031826,0.5617406240531376,0.00020532986673060805,0.8243737315195564,0.6544799021646088,0.6464970310529073,0.015965721296036944,0.4202743195350634,0.5212299039142528,0.9901960783342946,0.9999999999009902,0.9950980391669069
1413,0.001,0.5625290253332683,0.5624263829418591,0.00020528255130817082,0.8232030913015077,0.6550874680865044,0.6475216384027519,0.01513164289587853,0.41774922102309064,0.5193044820966644,0.9901960783342946,0.9999999999009902,0.9950980391669069
1414,0.001,0.5680463675941739,0.5679370537400246,0.00021863546732804804,0.808212418573066,0.6556097263214635,0.6491039482986226,0.013011589792429232,0.4107190346763515,0.5138095639781494,0.9901960783342946,0.9999999999009902,0.9950980391669069
1415,0.001,0.5648846040878978,0.5647947064467839,0.00017980407002531656,0.8181550230160032,0.6601579522385317,0.650946835676829,0.01842220629766291,0.408956560460141,0.512388577388362,0.9901960783342946,0.9999999999009902,0.9950980391669069
1416,0.001,0.5623065552541188,0.5622257835098675,0.00016153304100693537,0.8250019990155061,0.6555857009747449,0.6442006335538977,0.022770120634459982,0.4269876509793636,0.5263620109117396,0.9803921567666283,0.9999999999000001,0.9901960783828335
1417,0.001,0.5621774728809085,0.5620826397623334,0.0001896471051493011,0.8200386776908709,0.654226085134581,0.6459880868593851,0.016476049580994773,0.4250922262162382,0.5249288845934836,0.9901960783342946,0.9999999999009902,0.9950980391669069
1418,0.001,0.5657920699034419,0.5657087851847921,0.00016656653964933606,0.8184363750607953,0.6530655885443968,0.6446046747413336,0.016921830783579863,0.4263145403504093,0.5258393615363253,0.9901960783342946,0.9999999999009902,0.9950980391669069
1419,0.001,0.5639259144663811,0.5638352962476867,0.00018124033834153255,0.8202582693759669,0.6520155492950889,0.6434107136492636,0.017209709037606623,0.4417533978238699,0.5372258222349665,0.9901960783342946,0.9999999999009902,0.9950980391669069
1420,0.001,0.5662843478577477,0.566182581441743,0.0002035293330534062,0.8162929242006974,0.6585788890427234,0.6535883206947177,0.009981109441130185,0.39788533364884004,0.5033181192420496,0.9901960783342946,0.9999999999009902,0.9950980391669069
1421,0.001,0.5673776928867612,0.5672415228826659,0.0002723377847360098,0.8084669800198754,0.6453316299354329,0.6406052591753941,0.009452736160407463,0.44550219641169053,0.5398878744530933,0.9901960783342946,0.9999999999009902,0.9950980391669069
1422,0.001,0.5710602477192879,0.5709299445152283,0.0002606050350420576,0.8110715900085653,0.658745315729403,0.65019965931481,0.01709127717414031,0.4002704022075644,0.5051131592772286,0.9901960783342946,0.9999999999009902,0.9950980391669069
1423,0.001,0.568089426628181,0.5679706856608391,0.00023749008674453113,0.8176412723162167,0.6555911992110458,0.6470759043506548,0.01703056700381578,0.41041581388136167,0.5134552961442593,0.9901960783342946,0.9999999999009902,0.9950980391669069
1424,0.001,0.5656451817069735,0.5655588294778552,0.00017270261456100604,0.8219595035757796,0.6501026644426233,0.6455966877002343,0.009011913949221956,0.41895969366273883,0.5201675793697758,0.9901960783342946,0.9999999999009902,0.9950980391669069
1425,0.001,0.5655907371214458,0.5655022997941289,0.00017688045097332048,0.8238656281676134,0.6502737502257029,0.6449143956689274,0.010718723284263237,0.41617876012868416,0.5179672972833557,0.9901960783342946,0.9999999999009902,0.9950980391669069
1426,0.001,0.568476004259927,0.5683883162481445,0.00017537282565172063,0.8139262189110471,0.652809659055635,0.6473122706600264,0.010994781803924079,0.4118227699013087,0.5144287211011593,0.9901960783342946,0.9999999999009902,0.9950980391669069
1427,0.001,0.5671861927424159,0.5670702159404755,0.0002319582667301542,0.8178048072449409,0.6567361950874329,0.6484912365090614,0.01648991522105301,0.4122258773479038,0.5147465223716683,0.9901960783342946,0.9999999999009902,0.9950980391669069
1428,0.001,0.5665014120084899,0.5664018467068672,0.00019913634956278007,0.8199104711758665,0.6595577229471767,0.6486050936521268,0.02190525402479312,0.4135585002834391,0.515843561152475,0.9901960783342946,0.9999999999009902,0.9950980391669069
1429,0.001,0.5638832183820861,0.5637939742633274,0.00017847994721315836,0.8162989341247248,0.6712047416789859,0.6546825135455412,0.03304442232383378,0.3943739763498937,0.5006332068322684,0.9901960783342946,0.9805825241766425,0.9852941175987601
1430,0.001,0.5624583310314587,0.5623759999871254,0.0001646558017195535,0.8270778313296138,0.6545869971022886,0.6476143651148852,0.013945254880715819,0.41969736983257433,0.5207326272009934,0.9901960783342946,0.9999999999009902,0.9950980391669069
1431,0.001,0.5694131989564214,0.5693024269172123,0.00022154991022814232,0.8111798412733899,0.6570189904932883,0.6495102661497453,0.015017439592994895,0.41685743245124174,0.5185949843584603,0.9901960783342946,0.9999999999009902,0.9950980391669069
1432,0.001,0.5632339588233403,0.5631551668047905,0.00015759956334347538,0.8262557622079497,0.6508313914140066,0.6435475933785532,0.014567591688212226,0.4345299011199269,0.53201485212904,0.9901960783342946,0.9999999999009902,0.9950980391669069
1433,0.001,0.5615791465554919,0.561502398124763,0.0001534988918397825,0.8299991718074258,0.6585649918107426,0.6489548905223024,0.01922021714933947,0.4171718252466671,0.5187421720366667,0.9901960783342946,0.9999999999009902,0.9950980391669069
1434,0.001,0.5649650905813489,0.5648704969457218,0.00018919978226352084,0.8182409346421038,0.6594864299484328,0.6520055064968034,0.01496187416727052,0.4019788938978727,0.5067253623752598,0.9901960783342946,0.9999999999009902,0.9950980391669069
1435,0.001,0.5651588269642421,0.5648327342101506,0.0006521775792082606,0.8146511710047485,0.654544873564851,0.6500574899654762,0.008974781533812775,0.41087935084046867,0.5138471600083622,0.9901960783342946,0.9999999999009902,0.9950980391669069
1436,0.001,0.5619923153093883,0.5619113551718848,0.00016191831465610967,0.8226895747487555,0.6528377918636098,0.6438845933652392,0.017906366281357465,0.4345947450596872,0.5320530958489161,0.9901960783342946,0.9999999999009902,0.9950980391669069
1437,0.001,0.5604144962770599,0.5603253788181713,0.00017823348688190372,0.8191749552146806,0.6501789537130618,0.6455541516051573,0.009249614661230761,0.42022922732067214,0.5211213123877405,0.9901960783342946,0.9999999999009902,0.9950980391669069
1438,0.001,0.566138642174857,0.5660390279122761,0.00019923119543818757,0.8250178117439058,0.6535656142468546,0.6471293083592957,0.01287257689617428,0.42028268564965404,0.5212401032285451,0.9901960783342946,0.9999999999009902,0.9950980391669069
1439,0.001,0.5651545034987586,0.5650450885295868,0.00021884357894513023,0.8175928323600894,0.6559512808042414,0.642882715253269,0.02613716656524761,0.4437675281267286,0.5387161130516867,0.9803921567666283,0.9999999999000001,0.9901960783828335
1440,0.001,0.5639378864850316,0.5637833869882992,0.0003090063268505868,0.8240407898280406,0.6504582306917976,0.646597696869981,0.007721097080730924,0.4203153929041255,0.5212691943834022,0.9901960783342946,0.9999999999009902,0.9950980391669069
1441,0.001,0.5644615718296596,0.5643696540168354,0.00018383633245580962,0.8246953936374253,0.6568979790397719,0.6488997877812853,0.015996334526468727,0.4190026960905497,0.520224208823467,0.9803921567666283,0.9999999999000001,0.9901960783828335
1442,0.001,0.5620437541178295,0.5619357771107129,0.00021595640906265805,0.8190856099542397,0.6554836917157266,0.6460877990021425,0.018791734423561423,0.42607070113279427,0.525600267386719,0.9901960783342946,0.9999999999009902,0.9950980391669069
1443,0.001,0.5632518093500819,0.5631632432341576,0.00017713446374857864,0.8166309397572145,0.657244308906443,0.6528106735033148,0.008867280302094478,0.4020532793250115,0.5064628178786564,0.9901960783342946,0.9999999999009902,0.9950980391669069
1444,0.001,0.5638068658964974,0.5636790820530483,0.0002555729663851837,0.8081029895592678,0.649687725539301,0.6430941002041686,0.013187258823902584,0.4303770669313778,0.5289342949048479,0.9901960783342946,0.9999999999009902,0.9950980391669069
1445,0.001,0.5644005132572991,0.5643036663532257,0.00019368362388507064,0.8191697730447307,0.6534073861206279,0.6462585178076052,0.014297776143340504,0.41850840347904245,0.5197651830178567,0.9901960783342946,0.9999999999009902,0.9950980391669069
1446,0.001,0.5662410386971065,0.5661237154688153,0.0002346497905299267,0.814587479702687,0.6528207986962562,0.6460795490180745,0.013482515061018514,0.4136390761071461,0.5159340798839143,0.9901960783342946,0.9999999999009902,0.9950980391669069
1447,0.001,0.5599557235836983,0.5598776319197246,0.00015617765555881697,0.8265894179704836,0.6584723667771208,0.6487951898107341,0.01935436037898648,0.4142580860570579,0.5163416790310373,0.9901960783342946,0.9999999999009902,0.9950980391669069
1448,0.001,0.5625366525990623,0.5624683148094586,0.00013666917376602733,0.8232456565865679,0.6577286755337435,0.6470323076435164,0.02139273015599625,0.42153397723934943,0.5221536777939343,0.9901960783342946,0.9999999999009902,0.9950980391669069
1449,0.001,0.566456024135862,0.566366800240108,0.00017843752747077296,0.8287817107178291,0.6534383285279367,0.6464681292281431,0.013940407693678257,0.4238602986310308,0.5239775511708594,0.9901960783342946,0.9999999999009902,0.9950980391669069
1450,0.001,0.5636548378637859,0.5635537505149841,0.0002021675671650363,0.8230414492481638,0.6584488135926864,0.6496835111402998,0.017530604393458833,0.4091782545537499,0.512406355409986,0.9901960783342946,0.9999999999009902,0.9950980391669069
1451,0.001,0.5635087458150727,0.5634272811668259,0.00016292696363962023,0.8262265673086049,0.6564117605779686,0.6491541470967087,0.014515194512319331,0.4126938481276126,0.5152455673386571,0.9901960783342946,0.9999999999009902,0.9950980391669069
1452,0.001,0.5631761114512172,0.5630967170000076,0.000158786964675528,0.8218149398255934,0.6549746166257298,0.648034113294938,0.013880973736591199,0.420606197183868,0.5214680546503451,0.9901960783342946,0.9999999999009902,0.9950980391669069
1453,0.001,0.5630731454917363,0.5630126084600177,0.0001210768398647945,0.8239731484210091,0.6521773829179651,0.6456215258906869,0.013111719971193987,0.4238531419482904,0.5239481800057952,0.9901960783342946,0.9999999999009902,0.9950980391669069
1454,0.001,0.5664183039750371,0.5663459141339574,0.0001447751340362759,0.8141362923009916,0.6600102963400822,0.6542477970029793,0.011525031854855079,0.3994030225767402,0.5047470704161815,0.9901960783342946,0.9999999999009902,0.9950980391669069
1455,0.001,0.5647367270929473,0.5646639689803123,0.00014551629932871686,0.8268081646750737,0.6559391313908147,0.6472971164712719,0.01728401605185925,0.4219037986604262,0.5224744331129325,0.9901960783342946,0.9999999999009902,0.9950980391669069
1456,0.001,0.5636185247983251,0.5635174246770995,0.00020220765678199574,0.8277802541475757,0.6547021900906282,0.6481132127490699,0.013177965749420371,0.41485330736381454,0.5169628730654168,0.9901960783342946,0.9999999999009902,0.9950980391669069
1457,0.001,0.5628557939614568,0.5627739972301892,0.00016359235217221015,0.8300741864008442,0.652766648460837,0.6474108695983887,0.010711554766577832,0.42228598348556157,0.5228050861936276,0.9901960783342946,0.9999999999009902,0.9950980391669069
1458,0.001,0.5618689890418734,0.5617955805999892,0.00014681251936313596,0.8146227679608892,0.6534822939657697,0.64449114892997,0.01798229660911887,0.43157950286054175,0.5298150993400156,0.9803921567666283,0.9999999999000001,0.9901960783828335
1459,0.001,0.5631798388702529,0.5630626178213528,0.00023444930775440298,0.8206061659930738,0.6598280861097223,0.6506755381238227,0.01830511074513197,0.40970835774049197,0.5128507784656717,0.9901960783342946,0.9999999999009902,0.9950980391669069
1460,0.001,0.562380313873291,0.5622944363525936,0.0001717584998134823,0.8296092482572125,0.6541886727015177,0.6473492120995241,0.013678952686342538,0.41740732776583744,0.5189112121866114,0.9901960783342946,0.9999999999009902,0.9950980391669069
1461,0.001,0.5655364372900554,0.5654600507446698,0.00015277572128979955,0.8233033027803981,0.6532853859312394,0.6477962042771134,0.010978344535710765,0.41522730640438327,0.51732210274845,0.9901960783342946,0.9999999999009902,0.9950980391669069
1462,0.001,0.5626605812992368,0.5625771795000348,0.00016679424022316067,0.821212839485077,0.6547082370402766,0.6467332442601522,0.015950002871892032,0.42625706157577875,0.5258084753780402,0.9901960783342946,0.9999999999009902,0.9950980391669069
1463,0.001,0.5601243674755096,0.5600266307592392,0.00019547957812652124,0.8184240216625928,0.6658009354974709,0.6589724637714087,0.013656935818931636,0.38947085317753594,0.4964170599386448,0.9901960783342946,0.9999999999009902,0.9950980391669069
1464,0.001,0.5662372782826424,0.5661529057792255,0.0001687380607628646,0.8231660518916695,0.6622335192035226,0.6540139364261254,0.01643913084020217,0.39671393986511966,0.5024032626968381,0.9901960783342946,0.9999999999009902,0.9950980391669069
1465,0.001,0.5588546310152326,0.5587667237435069,0.00017581228114847493,0.8261512618855661,0.6586870913412056,0.6522509847201553,0.012872200678376591,0.40314625111892144,0.5075405383706553,0.9901960783342946,0.9999999999009902,0.9950980391669069
1466,0.001,0.5632391518780163,0.5631578106965337,0.0001626879519400453,0.8240981637053484,0.656989282837101,0.6494894010179183,0.014999799393847877,0.41050475631940564,0.513437972685947,0.9901960783342946,0.9999999999009902,0.9950980391669069
1467,0.001,0.5063222540276391,0.5051505714654922,0.0023433585561828557,0.8004136998919565,0.6773455096226112,0.5517878286978778,0.25111536020595654,0.7055236733307807,0.8112398111421883,0.9313725489282969,0.9999999998947369,0.9656862744624664
1468,0.001,0.16497214218335493,0.14869441943509237,0.0325554461757877,0.6747683653906645,0.244294334860409,0.19761640067194022,0.09335587217527277,0.41094007212883527,0.5132933411097731,0.9901960783342946,0.961904761813152,0.9754901960306132
1469,0.001,0.14292572731418268,0.13483252110225813,0.016186412623418227,0.6742433547973814,0.23382632726547764,0.2282102435242896,0.011232164414489971,0.6287155608548634,0.7454116130235765,0.9901960783342946,0.9999999999009902,0.9950980391669069
1470,0.001,0.12245290965906211,0.1183172238192388,0.008271372606811513,0.7021459135862287,0.18754453036715002,0.16965437402912215,0.035780308549018466,0.7140558037185502,0.8192780541884089,0.9803921567666283,0.9999999999000001,0.9901960783828335
1471,0.001,0.11625166955803122,0.11351995595863887,0.0054634252384338266,0.720600238176128,0.15568965089087392,0.15029660393210018,0.010786099573962536,0.737135936117519,0.8373404111288374,0.9999999999019609,0.9902912620397776,0.9950980391669069
1472,0.001,0.10973921231925488,0.10789661215884346,0.003685200250142121,0.7237588728892069,0.19743937129775682,0.18628510715914706,0.022308527628945952,0.6851604124149901,0.7956999085859292,0.9901960783342946,0.9999999999009902,0.9950980391669069
1473,0.001,0.11120901895420891,0.10929830984345504,0.003821418507868657,0.7256236364710752,0.16303728287126504,0.15828697354185814,0.009500621217668202,0.7185615989506138,0.8226313802048335,0.9901960783342946,0.9999999999009902,0.9950980391669069
1474,0.001,0.09791683751557555,0.09674531460872718,0.002343045416637324,0.7409365415767988,0.18289806416221693,0.15599773736561046,0.05380065490802129,0.7369787217511199,0.8372197049197493,0.970588235198962,0.9999999998989899,0.9852941175987601
1475,0.001,0.09066243842244148,0.08971736447087356,0.0018901481499986922,0.7602623448372933,0.15870664528041495,0.15550406657013238,0.006405151786976585,0.725619597237829,0.8283038661712173,0.9901960783342946,0.9999999999009902,0.9950980391669069
1476,0.001,0.08787603383617741,0.08758266962000302,0.000586728450798546,0.7676749500539953,0.16201287440444326,0.15218104509746327,0.019663655619118727,0.7396962955355341,0.8392713991650231,0.9803921567666283,0.9999999999000001,0.9901960783828335
1477,0.001,0.09595786939774241,0.09451548994651862,0.0028847587896702214,0.7466554253641787,0.16288294467855902,0.1567988050918953,0.0121682807803154,0.7242954132262862,0.8273829982950235,0.9901960783342946,0.9999999999009902,0.9950980391669069
1478,0.001,0.09421772749296256,0.09221191225307328,0.004011631266621407,0.759350554011652,0.15528434038381367,0.15211375963454152,0.006341155029504615,0.7226829092681427,0.8260366042315576,0.9901960783342946,0.9999999999009902,0.9950980391669069
1479,0.001,0.09340983602617468,0.09279763725187097,0.0012243975309372348,0.7595302860760366,0.1730902566410163,0.16528341232561597,0.015613680221505609,0.7314061140074805,0.8329015003450919,0.9803921567666283,0.9999999999000001,0.9901960783828335
1480,0.001,0.08808539541704315,0.08751434886029788,0.0011420930433294935,0.7629561485903544,0.16222362216635078,0.15295778594765008,0.01853166308765318,0.7372887728269323,0.8373842256000162,0.9803921567666283,0.9999999999000001,0.9901960783828335
1481,0.001,0.08917288056441716,0.08855424741549152,0.001237265614950697,0.7602519096145377,0.16398863328219043,0.15989454645736545,0.008188164436860997,0.7162204359399924,0.8207466798598615,0.9901960783342946,0.9999999999009902,0.9950980391669069
1482,0.001,0.08708818655993257,0.08660617657005787,0.0009640194735506416,0.7646911319747502,0.1625084471067085,0.15483353126282787,0.015349830674263192,0.732975639204033,0.8341058306927739,0.9901960783342946,0.9999999999009902,0.9950980391669069
1483,0.001,0.08318628716681685,0.08284003154507705,0.000692511119788313,0.7745836273958818,0.17267033198446619,0.1612525558939167,0.022835547451441195,0.7138160836323422,0.8189833707396561,0.9803921567666283,0.9999999999000001,0.9901960783828335
1484,0.001,0.08627643715590239,0.08487982475864035,0.002793225534852744,0.7786874441222309,0.1578179845659464,0.15509749043221568,0.005440983953246591,0.7229748017455901,0.8262202439363985,0.9901960783342946,0.9999999999009902,0.9950980391669069
1485,0.001,0.0787097927449005,0.0782567315867969,0.000906122285804096,0.7879944219018211,0.16202066013333843,0.1555978597379198,0.012845607620536112,0.733514562041494,0.8345727889821964,0.9803921567666283,0.9999999999000001,0.9901960783828335
1486,0.001,0.08033734480185169,0.08019367632056985,0.0002873382623615076,0.7796283867002671,0.15847404699261283,0.15532097278856763,0.006306140576306658,0.7243176596862306,0.8273027043196465,0.9901960783342946,0.9999999999009902,0.9950980391669069
1487,0.001,0.07696952684117216,0.07681431195565633,0.0003104300314069925,0.7929764906453192,0.15734940299800798,0.15369848059672936,0.007301853234678799,0.7298966810278561,0.8317496005051607,0.9901960783342946,0.9999999999009902,0.9950980391669069
1488,0.001,0.07708862849644252,0.0768098287018282,0.0005576008292596921,0.7985968990631876,0.15871386150555575,0.1542761384272108,0.008875438094358234,0.7328123486413528,0.8340572278513534,0.9901960783342946,0.9999999999009902,0.9950980391669069
1489,0.001,0.07387673229511295,0.07375201103942734,0.0002494429331168898,0.8046209179939391,0.15537493321679385,0.15323143788412505,0.004286997230248708,0.7282249318550675,0.8304207294815651,0.9901960783342946,0.9999999999009902,0.9950980391669069
1490,0.001,0.07665994710155896,0.07653372335646834,0.00025244754760933574,0.7919434246425877,0.15843296008111507,0.15165055849972894,0.013564807869603528,0.7371843757070586,0.8374069373514211,0.9901960783342946,0.9999999999009902,0.9950980391669069
1491,0.001,0.07683176573898111,0.07670661394617387,0.0002503042656566582,0.798768010690754,0.15806143773792714,0.15279669679847419,0.010529489146874231,0.7409228932463418,0.8402263835150854,0.9901960783342946,0.9999999999009902,0.9950980391669069
1492,0.001,0.07378723871495042,0.07358771828668458,0.0003990398950658606,0.8067770093012862,0.17203568042639425,0.15911569723895952,0.025839976240497303,0.7324228664179188,0.8336559449115374,0.970588235198962,0.9999999998989899,0.9852941175987601
1493,0.001,0.07584866681801421,0.07558369623231036,0.0005299403133644123,0.7968069119421134,0.15677329613918475,0.15560181351268992,0.002342964024922135,0.7319059832485396,0.8332626685084241,0.9999999999019609,0.9999999999019609,0.9999999999509803
1494,0.001,0.07363108252840382,0.07348607733313527,0.00029001151285358773,0.8002995784525261,0.15754137621900322,0.15590354800224304,0.0032756576433266493,0.7272198447628824,0.829621967425818,0.9999999999019609,0.9999999999019609,0.9999999999509803
1495,0.001,0.0735461161072765,0.0733058951529009,0.0004804420410177305,0.8053306789909092,0.1562408037556737,0.1555202340378481,0.0014411480549503775,0.7255386274943825,0.8282271086767958,0.9999999999019609,0.9999999999019609,0.9999999999509803
1496,0.001,0.07108497007616929,0.07095488227371659,0.0002601757667954579,0.8096461462647292,0.15891573387289457,0.15693145230704664,0.003968571194027569,0.7242095402628489,0.8271993199495524,0.9999999999019609,0.9999999999019609,0.9999999999509803
1497,0.001,0.07142693176865578,0.07133929617702961,0.00017527068861714464,0.8083831309475852,0.15595306118256322,0.1542572869974024,0.0033915478247674366,0.7346922720110521,0.8354572537684846,0.9999999999019609,0.9999999999019609,0.9999999999509803
1498,0.001,0.07535868949655976,0.07522873846547944,0.00025990125323005486,0.7993051647086917,0.1792012569220627,0.16270186562164157,0.032998786641138735,0.7220949576261537,0.8254549504012358,0.9803921567666283,0.9999999999000001,0.9901960783828335
1499,0.001,0.07310329457478863,0.07294918370566197,0.0003082223276058877,0.8023647910165478,0.16109268007544325,0.1555357499449861,0.011113857939455877,0.7284218315702999,0.8305088184751409,0.9901960783342946,0.9999999999009902,0.9950980391669069
1500,0.001,0.06978703609534673,0.0696814124073301,0.00021124694025534803,0.8106797254018752,0.15918618160318218,0.1550594544878193,0.008253444648146922,0.7331729900445877,0.834277017171761,0.9901960783342946,0.9999999999009902,0.9950980391669069
1501,0.001,0.06951898442847389,0.06939682085067034,0.00024432814461761154,0.812057776011354,0.1594500335791678,0.15471415601524652,0.009471766426976697,0.7343506380396269,0.8351205168805779,0.9901960783342946,0.9999999999009902,0.9950980391669069
1502,0.001,0.07099923065730504,0.07083727499204022,0.0003239115030737594,0.812124531743608,0.15709617991438685,0.1544273016499538,0.005337767266467505,0.7297552780820888,0.8315752948452659,0.9901960783342946,0.9999999999009902,0.9950980391669069
1503,0.001,0.06969590924148049,0.06958180107176304,0.00022821569382358575,0.8107787120859452,0.16219684472033644,0.1574333672430001,0.009526959903465183,0.7196454435152365,0.8235943262336392,0.9901960783342946,0.9999999999009902,0.9950980391669069
1504,0.001,0.06845158405069794,0.06835964335394758,0.00018388089249908392,0.8182096098769576,0.15734913598234748,0.15418929855028787,0.006319681241852688,0.732911453729216,0.8340155185852354,0.9901960783342946,0.9999999999009902,0.9950980391669069
1505,0.001,0.07125047261693648,0.07113305106759071,0.00023484305399636338,0.8032828846971087,0.1578390798074942,0.1545834132269317,0.006511328052546756,0.7335954491125584,0.8345926785867228,0.9901960783342946,0.9999999999009902,0.9950980391669069
1506,0.001,0.0670183404747929,0.06692921529923167,0.0001782497789203522,0.8159575557097679,0.16667761803403788,0.15893215934435526,0.015490912173774239,0.7177547619091896,0.8219637565112089,0.9901960783342946,0.9999999999009902,0.9950980391669069
1507,0.001,0.06831070128828287,0.06818760159824576,0.00024619990186433176,0.8177765188529601,0.16206492993560637,0.1548571972286,0.014415461159146884,0.7342099874894921,0.8350490514219691,0.9901960783342946,0.9999999999009902,0.9950980391669069
1508,0.001,0.06793127727827855,0.06783095348094191,0.00020064770615135785,0.8168439684124786,0.1626716245550151,0.1570466908754087,0.011249867715306726,0.7330616743689484,0.8342018880055149,0.9901960783342946,0.9999999999009902,0.9950980391669069
1509,0.001,0.06976828258484602,0.06967109375234161,0.00019437839650241325,0.808197886679604,0.16149119011984736,0.15763097300248988,0.007720427918613103,0.7250674261574237,0.8279519670376997,0.9901960783342946,0.9999999999009902,0.9950980391669069
1510,0.001,0.06764808922473874,0.06756802608392068,0.0001601266672618554,0.8143826085381667,0.1641703960942287,0.15840987773502574,0.011521038779641921,0.7278193895476401,0.8300938677943818,0.9901960783342946,0.9999999999009902,0.9950980391669069
1511,0.001,0.0675186055845448,0.06743226745831114,0.00017267646489926847,0.8137954665234887,0.16373471272926704,0.1601033391905766,0.007262752820536786,0.732171128399941,0.8334689691960072,0.9901960783342946,0.9999999999009902,0.9950980391669069
1512,0.001,0.07078069408557244,0.07069374527782202,0.00017389866843586788,0.8024375012673604,0.1649406026391422,0.16153213089587642,0.006816935976601991,0.7252771211266908,0.8281547152467275,0.9901960783342946,0.9999999999009902,0.9950980391669069
1513,0.001,0.06880553785179343,0.06872087544096368,0.0001693254798738053,0.8114758115132681,0.16805522932725794,0.1628005042964337,0.010509444003486457,0.7241276666345271,0.8271171037280278,0.9901960783342946,0.9999999999009902,0.9950980391669069
1514,0.001,0.06720255834183522,0.06707960939300912,0.0002458981785561524,0.8212361241177007,0.16119088086427427,0.15598401719448612,0.010413726773478236,0.7312581743917236,0.8327942900631399,0.9901960783342946,0.9999999999009902,0.9950980391669069
1515,0.001,0.06720315851271152,0.0671109597065619,0.0001843971598905877,0.82006726742151,0.16342160894590266,0.1603586229623533,0.006125972864181534,0.7268020355962573,0.8292918806492818,0.9901960783342946,0.9999999999009902,0.9950980391669069
1516,0.001,0.06637125688471965,0.06628982044224228,0.0001628728108958707,0.8229891094252394,0.1628361490427279,0.16072880053052715,0.0042147029935400565,0.7260786815438034,0.8287037080705789,0.9999999999019609,0.9999999999019609,0.9999999999509803
1517,0.001,0.07304393194083657,0.07279208422239337,0.0005036950147509092,0.8064420093574507,0.16885331879351653,0.1577463243521896,0.022213993749270838,0.7320357139779811,0.8333784945845446,0.9803921567666283,0.9999999999000001,0.9901960783828335
1518,0.001,0.0691335459372827,0.06903071541871343,0.00020566095905191366,0.8135171508032109,0.16743200111622905,0.16117950280507407,0.01250499178765013,0.7288065447486517,0.830890506389246,0.9901960783342946,0.9999999999009902,0.9950980391669069
1519,0.001,0.0716730235144496,0.0711802172341517,0.0009856119374619862,0.8101432363454381,0.16259763696614435,0.16202740400445229,0.0011404587421566248,0.7336789066752689,0.8346310386665929,0.9999999999019609,0.9999999999019609,0.9999999999509803
1520,0.001,0.07219094077923469,0.07202718779444695,0.00032750487558327483,0.8111658964474051,0.15952003937141568,0.15791361589057773,0.003212841975219621,0.7409270900374798,0.8401747907199922,0.9999999999019609,0.9999999999019609,0.9999999999509803
1521,0.001,0.07087329695267337,0.070767887601895,0.00021081849146347459,0.8079596136432097,0.15834427990165412,0.15669686011239595,0.0032948352916933156,0.7383139011478693,0.8382087304063921,0.9999999999019609,0.9999999999019609,0.9999999999509803
1522,0.001,0.07101968489587307,0.07082423833864075,0.0003908927831486965,0.8053658531382275,0.15853306855641158,0.15687233384917765,0.0033214667277848896,0.7313721485310005,0.8328392178585505,0.9999999999019609,0.9999999999019609,0.9999999999509803
1523,0.001,0.0680395754586373,0.0679300231859088,0.0002191031367796573,0.8162165006275858,0.16897161684784234,0.16371602638095034,0.010511176466631392,0.7292449076343666,0.8311918422812067,0.9901960783342946,0.9999999999009902,0.9950980391669069
1524,0.001,0.07331484729158026,0.07318680028298072,0.00025609328856392367,0.7958494662719074,0.16673168715308695,0.16412275036176047,0.005217875417906279,0.7211338762668411,0.8247366849302605,0.9901960783342946,0.9999999999009902,0.9950980391669069
1525,0.001,0.06782980635762215,0.06771843122052294,0.00022275056211843288,0.8132998854214021,0.16405969390682146,0.1605996027881024,0.006920176544500624,0.7321295888034062,0.8334315762521757,0.9901960783342946,0.9999999999009902,0.9950980391669069
1526,0.001,0.06978627773267883,0.06968318551246609,0.00020618399165479268,0.8106538301839602,0.15887794015454312,0.1551145221672806,0.007526840393741925,0.7343027930733935,0.8352033838426065,0.9901960783342946,0.9999999999009902,0.9950980391669069
1527,0.001,0.06988768399293933,0.06979478137301547,0.00018580619520694848,0.8067309238772646,0.1658406251785802,0.15905554855571075,0.013570149422294515,0.7363965649356596,0.8367676265699862,0.9901960783342946,0.9999999999009902,0.9950980391669069
1528,0.001,0.06780529461268868,0.06771017065537828,0.00019024812692285714,0.8127142557154263,0.16255373931398578,0.15824134969243817,0.008624789658842572,0.7375970759016457,0.8376962811814482,0.9901960783342946,0.9999999999009902,0.9950980391669069
1529,0.001,0.0665511850799833,0.0664581757571016,0.00018601785320372853,0.8200144744824438,0.16150889735595853,0.1575264504142836,0.007964893577474296,0.7329503691661663,0.8341502513440175,0.9901960783342946,0.9999999999009902,0.9950980391669069
1530,0.001,0.06771853965307985,0.0675895649141499,0.000257949238792727,0.8164240982272609,0.17777112975497456,0.16175306135532902,0.03203614123220391,0.7262558769016084,0.8288491866678221,0.9803921567666283,0.9999999999000001,0.9901960783828335
1531,0.001,0.07155660859176091,0.07139015131230865,0.00033291492426152606,0.8080753561665591,0.16855520652789696,0.1596352831990111,0.017839851944396894,0.7400876055494029,0.8395875882227097,0.9803921567666283,0.9999999999000001,0.9901960783828335
1532,0.001,0.06702523452362844,0.06695722841790744,0.00013601173382734748,0.8220834563404774,0.1654142018626718,0.1588522038039039,0.013123992401376074,0.7321139046625226,0.8334698573749989,0.9803921567666283,0.9999999999000001,0.9901960783828335
1533,0.001,0.06521286469485078,0.06512415661875691,0.0001774151465464716,0.8263997369849785,0.1626276034934848,0.1581545495519451,0.008946102112531662,0.7367083024435198,0.8369970793674436,0.9901960783342946,0.9999999999009902,0.9950980391669069
1534,0.001,0.06658002494701318,0.06645733663546187,0.00024537706927471196,0.82653029946135,0.16277833721216986,0.15796170164557063,0.009633268914459384,0.7363887397062936,0.8367534669018576,0.9803921567666283,0.9999999999000001,0.9901960783828335
1535,0.001,0.06903993484697171,0.06888599853430476,0.00030787257095913186,0.8168438371893989,0.15999064799032958,0.15591114175085927,0.008159017436863744,0.7330460020977171,0.8341755525382792,0.9901960783342946,0.9999999999009902,0.9950980391669069
1536,0.001,0.06790673972240516,0.06780048579509769,0.0002125068064872591,0.8162790167595935,0.16116955615214856,0.1567438653871125,0.008851377211292,0.7336570495357551,0.8345984328693106,0.9901960783342946,0.9999999999009902,0.9950980391669069
1537,0.001,0.06664862643395152,0.06655161934239524,0.00019401428926357767,0.8204187943444856,0.1545905578224098,0.15310017618478514,0.0029807607186775583,0.7342498513373827,0.8351608875887916,0.9999999999019609,0.9999999999019609,0.9999999999509803
1538,0.001,0.0670339415914246,0.06694346413548503,0.0001809546796981262,0.8209284309041359,0.16460062066713968,0.16224349713792988,0.004714246640694053,0.7282618641277153,0.8304716788147136,0.9999999999019609,0.9999999999019609,0.9999999999509803
1539,0.001,0.06852096811469112,0.06844041123986244,0.00016111433147411196,0.810081171760816,0.16384353152677125,0.16132271231389514,0.005041635471998769,0.7241965198305625,0.8272275428900805,0.9999999999019609,0.9999999999019609,0.9999999999509803
1540,0.001,0.07109433465770312,0.07078260529254164,0.0006234609057043729,0.8169450152072082,0.15840553039429234,0.15773045198590147,0.001350145335035289,0.7260911628926343,0.8287699578587256,0.9999999999019609,0.9999999999019609,0.9999999999509803
1541,0.001,0.06940257921814919,0.06921388967228788,0.00037737987570705755,0.8127338890016109,0.17634040543663443,0.15952031226719127,0.033640186338886324,0.7306548302830498,0.8323065744068632,0.9607843136312957,0.9999999998979593,0.9803921568146866
1542,0.001,0.066920863996659,0.06680070568940469,0.00024031596824767933,0.8186354532923518,0.16014163382351398,0.15623001549758164,0.007823242933726778,0.7271446668841866,0.8296305168524223,0.9901960783342946,0.9999999999009902,0.9950980391669069
1543,0.001,0.0667661125106471,0.06667478981294803,0.0001826462420077795,0.8210974118723054,0.16258935067875713,0.15696284116483203,0.011253020726144314,0.7263374478495898,0.8289007179331488,0.9901960783342946,0.9999999999009902,0.9950980391669069
1544,0.001,0.06845089327543974,0.06832371612212487,0.00025435399012556966,0.808004691314131,0.16264935042343887,0.1588305135567983,0.007637679818835037,0.7295731942664683,0.8315006607033414,0.9901960783342946,0.9999999999009902,0.9950980391669069
1545,0.001,0.06673893824751888,0.06661658068852765,0.000244715673293935,0.8179096350936801,0.16277644213508158,0.15905854105949402,0.007435793550137211,0.734323885020252,0.8351837058219522,0.9901960783342946,0.9999999999009902,0.9950980391669069
1546,0.001,0.06630964963031667,0.06621276267937251,0.0001937736713963594,0.8202245508752928,0.16070750238848666,0.15873223893782673,0.0039505321468573575,0.7330692068163863,0.8342234575011821,0.9999999999019609,0.9999999999019609,0.9999999999509803
1547,0.001,0.06440687059823956,0.06432364521814245,0.00016645046759679514,0.8269651195770628,0.1608809259007959,0.15867196637041428,0.0044179229184473845,0.7312746892490862,0.8328270604896558,0.9999999999019609,0.9999999999019609,0.9999999999509803
1548,0.001,0.06489919565085854,0.06483506996716772,0.00012825086326172044,0.8225663261793373,0.1621291047217799,0.15923198064168295,0.005794249995447257,0.7345467372738586,0.8353806385539514,0.9999999999019609,0.9999999999019609,0.9999999999509803
1549,0.001,0.06618588364550046,0.0661243185667055,0.00012313116076256847,0.822102413109128,0.16599218372036428,0.16262534260749817,0.006733684572299906,0.7188674488593224,0.8229627725246967,0.9901960783342946,0.9999999999009902,0.9950980391669069
1550,0.001,0.06592992121087653,0.0658272464892694,0.00020534908578286246,0.8226287444490614,0.16157336124018126,0.15907148520151773,0.005003745987207866,0.7289602284991971,0.8309980537550885,0.9999999999019609,0.9999999999019609,0.9999999999509803
1551,0.001,0.06371258718094655,0.06363469255822045,0.00015578987274368825,0.8239577257630665,0.16423063827495948,0.16188754696472019,0.004686178803882178,0.7203047561432688,0.8241272501006313,0.9999999999019609,0.9999999999019609,0.9999999999509803
1552,0.001,0.06635729316622019,0.06628453891192164,0.00014550844116456574,0.8190007203865276,0.1633835563472673,0.1608860410896002,0.004995034541934729,0.7169477038452117,0.8213355383194602,0.9999999999019609,0.9999999999019609,0.9999999999509803
1553,0.001,0.064484738212611,0.06441076419183187,0.0001479491228175383,0.8273191918704057,0.16521891893125049,0.1642095230373682,0.002018799448349312,0.720540010916685,0.824317636244866,0.9999999999019609,0.9999999999019609,0.9999999999509803
1554,0.001,0.06652712795351233,0.06644466200045177,0.00016493150386460393,0.822444476863515,0.16007541061616412,0.15712694911395803,0.005896924958363467,0.7333756063156133,0.8344586034587947,0.9901960783342946,0.9999999999009902,0.9950980391669069
1555,0.001,0.06352489787553038,0.06346184773636716,0.0001261010571137636,0.8303163030224266,0.16178667779062308,0.15884116584179447,0.0058910232174265035,0.7296967398612673,0.8315811357633104,0.9901960783342946,0.9999999999009902,0.9950980391669069
1556,0.001,0.06524454469659499,0.06515289683427129,0.00018329639494498094,0.8254711776633897,0.16003522043134652,0.15690761570836984,0.0062552179009014485,0.739177820776397,0.8389214189767054,0.9999999999019609,0.9999999999019609,0.9999999999509803
1557,0.001,0.06568577739277057,0.06561960612556764,0.00013234146367072493,0.8249688978862075,0.15942207533939212,0.15762035753212722,0.0036034343088520507,0.7338035884709172,0.8347962799380104,0.9999999999019609,0.9999999999019609,0.9999999999509803
1558,0.001,0.06297036805855376,0.0628764886142952,0.00018775914915230324,0.8316822253765562,0.16409953475436745,0.15589914251776302,0.0164007915037812,0.7368112056336941,0.8370709728297373,0.9901960783342946,0.9999999999009902,0.9950980391669069
1559,0.001,0.06912012464765992,0.06903140073908227,0.00017744859646232465,0.8080849835077627,0.16265232422772577,0.15698884515201345,0.011326956772701997,0.7395007187239535,0.8391686703495155,0.9901960783342946,0.9999999999009902,0.9950980391669069
1560,0.001,0.06548445871365922,0.06538289053631681,0.0002031358594000007,0.8241069745067923,0.16601903765809303,0.1607440634101045,0.010549950495581417,0.729951105328146,0.8317560474509552,0.9901960783342946,0.9999999999009902,0.9950980391669069
1561,0.001,0.06556817250592369,0.06548128170626503,0.00017378159697857752,0.824769369585816,0.1640637388416365,0.16026417648091035,0.007599126839754628,0.7268048165258454,0.8292718387836328,0.9901960783342946,0.9999999999009902,0.9950980391669069
1562,0.001,0.06568602618894406,0.0656176076403686,0.0001368364032064814,0.813883485962322,0.1669663958543656,0.16155233277994044,0.010828138529962185,0.7266594829871746,0.8291713647852706,0.9901960783342946,0.9999999999009902,0.9950980391669069
1563,0.001,0.06443575623312167,0.06436319396431957,0.0001451246311522222,0.82560103739475,0.16335450828659767,0.1579678315742343,0.010773347708962712,0.723662513323288,0.8267943007166801,0.9901960783342946,0.9999999999009902,0.9950980391669069
1564,0.001,0.06651477648743562,0.06641792133450508,0.00019371008407428496,0.8149258365190022,0.16465340642368093,0.15983559162008995,0.009635632455933327,0.7425447543807655,0.8414774148103404,0.9901960783342946,0.9999999999009902,0.9950980391669069
1565,0.001,0.06846971756645612,0.06832508875855378,0.00028925739427774843,0.8151321229662766,0.17282165507512057,0.15461908894426682,0.03640513927858396,0.7455232793345128,0.8436203609217531,0.970588235198962,0.9999999998989899,0.9852941175987601
1566,0.001,0.0664263835975102,0.06632125191390514,0.00021026249903245895,0.8210056874765685,0.16027956908824398,0.15829415531719432,0.003970826172507277,0.7302763537117443,0.8320559491034469,0.9999999999019609,0.9999999999019609,0.9999999999509803
1567,0.001,0.06606772861310414,0.06597883640123266,0.0001777836900406068,0.8249437912409414,0.1625683614436318,0.1579540582264171,0.009228610223633986,0.7323840219636661,0.8336895014566433,0.9901960783342946,0.9999999999009902,0.9950980391669069
1568,0.001,0.06568308547139168,0.0655482006924493,0.0002697697062623255,0.818809660408786,0.16681009151187598,0.16094125894939199,0.0117376723153261,0.7273575415228366,0.8297382657912296,0.9901960783342946,0.9999999999009902,0.9950980391669069
1569,0.001,0.06632350451712098,0.06623615736940078,0.00017469398634213057,0.8217004542136467,0.16028927062072007,0.15844552248131996,0.0036874939915815404,0.7265289617466909,0.8290867036725035,0.9999999999019609,0.9999999999019609,0.9999999999509803
1570,0.001,0.06537968040044818,0.06529279705137014,0.0001737664091316609,0.8201045225746977,0.16421538459904053,0.16052237854284399,0.007386022270200592,0.7182277410186497,0.8224868043346842,0.9901960783342946,0.9999999999009902,0.9950980391669069
1571,0.001,0.0645307766805802,0.06446454088602747,0.00013247211830145846,0.8239793255124723,0.15939770156846328,0.15682923618484945,0.005136922905769418,0.7312592636362467,0.8328029352378955,0.9901960783342946,0.9999999999009902,0.9950980391669069
1572,0.001,0.06991950329393148,0.0698142381651061,0.0002105300228062593,0.8122861111621643,0.17205594680911185,0.15902093520351485,0.02607003259518202,0.7349959548339599,0.8356539200102165,0.9803921567666283,0.9999999999000001,0.9901960783828335
1573,0.001,0.07018295981522117,0.06996335288775819,0.0004392135493357533,0.8109230158984991,0.16590913282889946,0.16268171340811485,0.006454837474259822,0.7228321073841331,0.8261661773792859,0.9901960783342946,0.9999999999009902,0.9950980391669069
1574,0.001,0.06683609035930463,0.06673116436494249,0.00020985196689642699,0.8137909815307377,0.16350650210298745,0.15910141608294318,0.008810175496025705,0.723376332623671,0.8265236467776068,0.9901960783342946,0.9999999999009902,0.9950980391669069
1575,0.001,0.06657161377370358,0.06646469421684742,0.00021384014390995226,0.8208349623964661,0.15905393338670917,0.15674404478540607,0.004619787456285136,0.7294568026431583,0.8313551251220576,0.9999999999019609,0.9999999999019609,0.9999999999509803
1576,0.001,0.06452766779278006,0.06440865487924644,0.00023802645565800567,0.826826313546662,0.16447728580119564,0.15753338968052583,0.01388779662403406,0.7288363185020085,0.8308716335980098,0.9803921567666283,0.9999999999000001,0.9901960783828335
1577,0.001,0.0678390386913504,0.06772497283028704,0.0002281320994370617,0.8193516196054024,0.16325036538582222,0.15891357262929282,0.008673588489638824,0.7320756446151117,0.8334819228113063,0.9803921567666283,0.9999999999000001,0.9901960783828335
1578,0.001,0.06807437379445348,0.06798158905335835,0.00018556921129077506,0.8165722293814298,0.16437208637887357,0.15618213894320468,0.016379890452120818,0.7333690116804706,0.8343800902679044,0.9803921567666283,0.9999999999000001,0.9901960783828335
1579,0.001,0.07431182291890893,0.07391948040042605,0.0007846856390512715,0.8016804446897765,0.17902874800504423,0.15702334630723094,0.04401080167907126,0.751355677783937,0.8475939871522635,0.970588235198962,0.9999999998989899,0.9852941175987601
1580,0.001,0.07597759725259882,0.07569406753672021,0.000567059796594549,0.7862226170219889,0.15772857312478272,0.1522537481551077,0.01094964205050001,0.7464957225440421,0.8443484417146727,0.9901960783342946,0.9999999999009902,0.9950980391669069
1581,0.001,0.07463637952293668,0.07360130827873945,0.0020701417618381257,0.7923130365118347,0.17234320328205677,0.15380598107973734,0.03707443622360919,0.7397880593949985,0.839348040925642,0.970588235198962,0.9999999998989899,0.9852941175987601
1582,0.001,0.07243417402995485,0.0722591242353831,0.00035009994358655864,0.8047381925160043,0.15772769731633804,0.1561794257631489,0.003096539746312534,0.7365979972625345,0.8369736542902414,0.9999999999019609,0.9999999999019609,0.9999999999509803
1583,0.001,0.0692267721252782,0.06911375213946615,0.0002260395898961828,0.8085635315588701,0.1534444417749696,0.15162917211943983,0.003630529413474541,0.7359565173372866,0.8364648665578964,0.9999999999019609,0.9999999999019609,0.9999999999509803
1584,0.001,0.06821420110229935,0.06811989404793296,0.00018861462246734715,0.8141966514925592,0.15589305985828533,0.1537353110079672,0.00431550982609099,0.7352132753687498,0.8358361592942638,0.9999999999019609,0.9999999999019609,0.9999999999509803
1585,0.001,0.0656848197270717,0.06558506483478206,0.0001995092729235434,0.8189177511900868,0.1737515101044932,0.15595355045561696,0.03559591286980054,0.7397559896421089,0.8392873842794293,0.970588235198962,0.9999999998989899,0.9852941175987601
1586,0.001,0.06660706935716527,0.06639617894377027,0.000421781316617853,0.8189402022716125,0.1526251040106895,0.15129200851216035,0.0026661940284219443,0.7391657611285859,0.8389179086247701,0.9999999999019609,0.9999999999019609,0.9999999999509803
1587,0.001,0.06476655775415045,0.06466617222343173,0.00020077042063348927,0.8237617555635318,0.1612826641101171,0.15397066228529988,0.014624003658765088,0.7395959516489838,0.839207658000248,0.9803921567666283,0.9999999999000001,0.9901960783828335
1588,0.001,0.06591331705983196,0.06579566440944161,0.00023530495673185214,0.8226575056790911,0.15626165950123003,0.1534651704863006,0.005592971401033448,0.7357841076227426,0.8363171725365993,0.9999999999019609,0.9999999999019609,0.9999999999509803
1589,0.001,0.06466240409229483,0.06458839082292148,0.0001480250440571191,0.8226374290431467,0.15675436086295283,0.1541215444312376,0.005265643080586896,0.7373533628833214,0.8374941637701037,0.9999999999019609,0.9999999999019609,0.9999999999509803
1590,0.001,0.06410854229969638,0.06402648227023226,0.00016411876601653473,0.8277799092613732,0.15787572216461687,0.1547425202294892,0.0062664134939219435,0.7305591091414717,0.8322013379287057,0.9901960783342946,0.9999999999009902,0.9950980391669069
1591,0.001,0.06505970124687467,0.0649674880717482,0.0001844264269103795,0.8227433085012025,0.1586963464232052,0.1565013235690547,0.004390045032635623,0.7355912133257817,0.8361520328193376,0.9999999999019609,0.9999999999019609,0.9999999999509803
1592,0.001,0.06389920147401947,0.06380711655531611,0.00018416986975872924,0.8284623927838428,0.15683364045495787,0.15354807119743497,0.006571142313381036,0.7358452305926863,0.8363357039406885,0.9999999999019609,0.9999999999019609,0.9999999999509803
1593,0.001,0.0634112311527133,0.06331806709723813,0.00018632766672713581,0.8282647911143827,0.1565750426813668,0.15407050474017275,0.0050090844286423105,0.7279839320465057,0.830207363779702,0.9901960783342946,0.9999999999009902,0.9950980391669069
1594,0.001,0.06601985637098551,0.0659416074465428,0.00015649724238236168,0.8230571424321899,0.15757587975731083,0.15482817677890554,0.005495411855186902,0.7348623132061078,0.8356340671637155,0.9901960783342946,0.9999999999009902,0.9950980391669069
1595,0.001,0.06498489874814238,0.0649151759488242,0.00013944539425990245,0.8275523921201972,0.15894702924232856,0.1566239753190209,0.004646101646928811,0.7331143271800761,0.8342297842070076,0.9901960783342946,0.9999999999009902,0.9950980391669069
1596,0.001,0.06459270710391658,0.06450696063360997,0.00017149353906071546,0.8224016053866542,0.15815540067121095,0.15457655051175287,0.007157700811969299,0.7369494985926446,0.8371846547297089,0.9901960783342946,0.9999999999009902,0.9950980391669069
1597,0.001,0.06629547343722411,0.06621728012604373,0.00015638646982552018,0.8127336796508129,0.1615757165001888,0.1589036794269786,0.0053440706471127334,0.7275407942650145,0.8298512067249959,0.9901960783342946,0.9999999999009902,0.9950980391669069
1598,0.001,0.0632489098768149,0.06317948110933815,0.00013885672680251964,0.8291286727753142,0.15954303916762858,0.1566973468836616,0.005691378240418785,0.7364921292465044,0.8368599755549004,0.9901960783342946,0.9999999999009902,0.9950980391669069
1599,0.001,0.06226787556494985,0.062203445338777134,0.00012886026343039703,0.8351025400943007,0.16035800587897206,0.15789062836590936,0.0049347666950494634,0.7358769042713855,0.8363651244611996,0.9901960783342946,0.9999999999009902,0.9950980391669069
1600,0.001,0.06459980418107339,0.0645329032891563,0.00013380176980198094,0.8305414935970256,0.15881511802766837,0.15686484411651014,0.003900542143074905,0.738013708843669,0.8380406410858751,0.9999999999019609,0.9999999999019609,0.9999999999509803
1601,0.001,0.06222350855490991,0.06215099830712591,0.00014502124304272002,0.8323345928339625,0.16099322484988793,0.15841806869880826,0.0051503064403054764,0.73387975078459,0.8348490433338966,0.9901960783342946,0.9999999999009902,0.9950980391669069
1602,0.001,0.06224747294826167,0.06216783369226115,0.00015927866999326007,0.8346412235920406,0.16312524208835527,0.16087777591219135,0.004494926508735208,0.7254162799435805,0.8281285023629695,0.9901960783342946,0.9999999999009902,0.9950980391669069
1603,0.001,0.06380421442112752,0.06374114379286766,0.00012614126210662237,0.819836715161907,0.16165893101224713,0.159339706103007,0.004638442760516031,0.7318098900459352,0.8332147147623581,0.9901960783342946,0.9999999999009902,0.9950980391669069
1604,0.001,0.06465064800743546,0.06452538991080863,0.00025051551970786283,0.8267690845510864,0.17379573192082198,0.16152534064124613,0.02454078010301672,0.7386873798350138,0.8385073571143697,0.970588235198962,0.9999999998989899,0.9852941175987601
1605,0.001,0.06633716954716615,0.06620642183614629,0.0002614951871302245,0.822766267891347,0.1663093835699792,0.16044767756088107,0.011723413771274043,0.7255668645121907,0.8283217716119002,0.9901960783342946,0.9999999999009902,0.9950980391669069
1606,0.001,0.06417391808437449,0.06407459213265351,0.00019865121638369082,0.824647432309053,0.16396617655660592,0.15981875389230019,0.008294851373077608,0.7266623355067884,0.8291246970028837,0.9901960783342946,0.9999999999009902,0.9950980391669069
1607,0.001,0.06305207338716302,0.06297773894454751,0.00014866888055361675,0.8313729878534517,0.16446547239434486,0.16116569614877888,0.006599549414115209,0.7241743812600386,0.8271670012091815,0.9901960783342946,0.9999999999009902,0.9950980391669069
1608,0.001,0.06236486389700856,0.06228382353271757,0.00016208178346589972,0.8303112486105035,0.16373635448661505,0.15995070630428837,0.007571297834682114,0.7302446762848767,0.8319655375211351,0.9901960783342946,0.9999999999009902,0.9950980391669069
1609,0.001,0.06423823961189815,0.06414632006947484,0.00018383923322419702,0.8280435165375962,0.16277219384324318,0.15913941229090972,0.007265563396846547,0.4170602860672497,0.5187709630458114,0.9901960783342946,0.9999999999009902,0.9950980391669069
1610,0.001,0.06474615327481713,0.06467954867652484,0.00013320914721199579,0.8241882011801619,0.16205560284502366,0.15976514302048028,0.004580920977591008,0.41396390042451503,0.5162893600663987,0.9901960783342946,0.9999999999009902,0.9950980391669069
1611,0.001,0.06471474628363337,0.0645628399880869,0.00030381326346936736,0.8246009229336384,0.16539518973406622,0.15977201041053324,0.011246364262393293,0.7345415841058449,0.8353647023368946,0.9901960783342946,0.9999999999009902,0.9950980391669069
1612,0.001,0.06499724515846797,0.06491730149303164,0.00015988804157781748,0.8263656903296085,0.1602624800859713,0.1579875899296181,0.004549779171379758,0.7314450848596742,0.832961236443699,0.9999999999019609,0.9999999999019609,0.9999999999509803
1613,0.001,0.06200597967420306,0.06191571189888886,0.00018053526647625922,0.8247879106600798,0.16383378879696714,0.1597641279884413,0.00813931949874934,0.7329948642167396,0.8341837604176877,0.9901960783342946,0.9999999999009902,0.9950980391669069
1614,0.001,0.06307119077869824,0.06301082018762827,0.00012074129491728465,0.8302682896226897,0.16376011920910255,0.1603229168583365,0.006874417612219558,0.7295003568972739,0.8314240663265358,0.9901960783342946,0.9999999999009902,0.9950980391669069
1615,0.001,0.0619835906795093,0.061912192297833304,0.00014279684130867411,0.8322221187620533,0.1648601679240956,0.16051127630121567,0.008697777164771277,0.7243030174883273,0.8273107351660034,0.9901960783342946,0.9999999999009902,0.9950980391669069
1616,0.001,0.06347360169248921,0.06339190328227622,0.00016339679340100183,0.8258510393869262,0.1755192758990269,0.16569428584154913,0.019649977220551056,0.7192164954573484,0.823204600041953,0.9901960783342946,0.9999999999009902,0.9950980391669069
1617,0.001,0.06376279571226665,0.0636426480486989,0.000240295740305945,0.8293438872473012,0.16577809873749227,0.160739425350638,0.01007736036006142,0.7286822284430612,0.8308036819902657,0.9901960783342946,0.9999999999009902,0.9950980391669069
1618,0.001,0.06381177423255784,0.06373042041169745,0.00016270832059360276,0.8260129836975646,0.16423963214836867,0.1591582385932698,0.01016278322968705,0.7314395026465693,0.8329680056061577,0.9901960783342946,0.9999999999009902,0.9950980391669069
1619,0.001,0.06261653200324092,0.06254779161619288,0.00013747998270576187,0.8262107141848374,0.16113730797580644,0.15718197764134875,0.007910666348156976,0.7339485245237103,0.8349178166272301,0.9901960783342946,0.9999999999009902,0.9950980391669069
1620,0.001,0.06252427146370922,0.06246456424040454,0.00011941476220402234,0.8333118651379615,0.1618725856145223,0.1582203115902695,0.007304545437150142,0.7342517047982235,0.8351259766142132,0.9901960783342946,0.9999999999009902,0.9950980391669069
1621,0.001,0.0644618169005428,0.06439303447093282,0.0001375648010122989,0.8288510053516701,0.1649288611084807,0.1610981915511337,0.00766133986340434,0.7294628675917525,0.8314358871384177,0.9901960783342946,0.9999999999009902,0.9950980391669069
1622,0.001,0.06287647477750267,0.0628140362511788,0.00012487765018574595,0.8313730158298606,0.16123431862569323,0.1582314763583389,0.006005685429508779,0.7385182003891667,0.8384268137578991,0.9901960783342946,0.9999999999009902,0.9950980391669069
1623,0.001,0.06270535755902529,0.06264574253665549,0.00011923020818877765,0.8294956160538093,0.16107405517615525,0.15849630154815375,0.005155514177008003,0.7298070034168199,0.8317184955697644,0.9901960783342946,0.9999999999009902,0.9950980391669069
1624,0.001,0.06405758352151938,0.06399179023823567,0.0001315865713747501,0.830133625663139,0.16191722540294423,0.15793387737928652,0.00796669123548211,0.731544401904779,0.8330408400221019,0.9901960783342946,0.9999999999009902,0.9950980391669069
1625,0.001,0.06593035587242671,0.06574790578867708,0.00036490058326827627,0.8218210564154714,0.16488004022953556,0.1631609189744089,0.003438247760356057,0.7329259377863221,0.8341468401207163,0.9999999999019609,0.9999999999019609,0.9999999999509803
1626,0.001,0.06533531911138978,0.06519723031669855,0.0002761779030281884,0.8217068129833199,0.16044079322440952,0.15681058811206444,0.007260413566494689,0.7348206553172323,0.8355818623330511,0.9901960783342946,0.9999999999009902,0.9950980391669069
1627,0.001,0.06348220604871001,0.06340699203844581,0.00015042813733348988,0.8274403832978062,0.16041145079276142,0.1569027585141799,0.007017391761217047,0.7386952728763481,0.8385710008903038,0.9901960783342946,0.9999999999009902,0.9950980391669069
1628,0.001,0.06309690925159625,0.06301118819309133,0.00017144085839910467,0.8276406914684775,0.16007108577326232,0.15599985099306293,0.008142468254721048,0.7342474980972378,0.8351715083351305,0.9901960783342946,0.9999999999009902,0.9950980391669069
1629,0.001,0.06373992628817048,0.06366496200540236,0.00014992865505649076,0.8295444186306646,0.16254587617574953,0.15842977750535106,0.008232188173661045,0.7257190796279397,0.8284702876951597,0.9901960783342946,0.9999999999009902,0.9950980391669069
1630,0.001,0.061891044223947186,0.06182538731289761,0.00013131357679542686,0.8288672551355539,0.16334551923415241,0.15994100594053082,0.006809036201779165,0.7282600819498805,0.8304576359865026,0.9901960783342946,0.9999999999009902,0.9950980391669069
1631,0.001,0.062080474969531806,0.06201310442494495,0.00013474126392663623,0.831813615174141,0.1667628989500158,0.15985816717147827,0.013809455969535252,0.7326218182371782,0.8338900019236352,0.9901960783342946,0.9999999999009902,0.9950980391669069
1632,0.001,0.06321119370737247,0.06313969687159572,0.00014299393959455692,0.8288793189309924,0.1628219748244566,0.1579026901254467,0.009838573488534666,0.41766271484396883,0.51921288033574,0.9901960783342946,0.9999999999009902,0.9950980391669069
1633,0.001,0.06173874570855072,0.06166526089821543,0.00014696819354347617,0.8285974004692122,0.1660984707813637,0.16060150779929816,0.010993919709660844,0.7251701067536911,0.8280751622084201,0.9901960783342946,0.9999999999009902,0.9950980391669069
1634,0.001,0.0618929455855063,0.06182127326194729,0.000143343862094168,0.8336146463282116,0.1631055334035088,0.15961331830305212,0.00698443278031168,0.7265416527887615,0.8291277578593803,0.9901960783342946,0.9999999999009902,0.9950980391669069
1635,0.001,0.06061973848513195,0.06053428578057459,0.00017090582215522382,0.8350193408526482,0.16104054509424695,0.15766585866610208,0.006749359333851174,0.7365098146569731,0.8368970381261068,0.9901960783342946,0.9999999999009902,0.9950980391669069
1636,0.001,0.06328331692410367,0.06318879486726862,0.0001890440211614727,0.8268354187069774,0.16296986329789256,0.15923673265120564,0.007466258974198033,0.7241069518352952,0.8271960700160497,0.9901960783342946,0.9999999999009902,0.9950980391669069
1637,0.001,0.06160370193954025,0.06153980642557144,0.00012778956521028055,0.8335288627156621,0.16151914584870433,0.15799781037311927,0.0070426709648660005,0.7294235349766253,0.8314091643864254,0.9901960783342946,0.9999999999009902,0.9950980391669069
1638,0.001,0.061200467603547234,0.061118443097387044,0.00016404934012825834,0.8363586343512587,0.16447029920185313,0.16046885357183568,0.008002890620891955,0.7270846151280367,0.8295565686029885,0.9901960783342946,0.9999999999009902,0.9950980391669069
1639,0.001,0.06184071595115321,0.061764344040836604,0.0001527430428853092,0.8319354152059921,0.1955440963673241,0.16807113383330552,0.05494592712699052,0.7297360955800092,0.8315020049933213,0.9607843136312957,0.9999999998979593,0.9803921568146866
1640,0.001,0.06394747884145804,0.06384711552943502,0.0002007267321459949,0.827626725705556,0.16516041521932565,0.1621982490315157,0.005924332740844465,0.72454637789745,0.8275639997933674,0.9901960783342946,0.9999999999009902,0.9950980391669069
1641,0.001,0.062475274849150865,0.0623968384627785,0.00015687254134328605,0.8317066816902109,0.164338736557493,0.16156266016118667,0.005552158307503252,0.7243592679534077,0.8273747238930715,0.9901960783342946,0.9999999999009902,0.9950980391669069
1642,0.001,0.06848088665200132,0.06764132156968117,0.00167912998689904,0.820057210200078,0.15888988679530575,0.15728253652067745,0.0032146858307076434,0.7388976517970106,0.8386212639719619,0.9999999999019609,0.9999999999019609,0.9999999999509803
1643,0.001,0.06851284857839346,0.06818335623081241,0.0006589845081959668,0.8178036086715291,0.16749321011935964,0.16126126752180212,0.012463888463874659,0.7241461044847795,0.8273161658913508,0.9901960783342946,0.9999999999009902,0.9950980391669069
1644,0.001,0.06637170950749091,0.06626994322453227,0.00020353405670903157,0.8171658687923061,0.16647981662376254,0.16141714009584165,0.010125358552471096,0.7271879522528432,0.8296477421831192,0.9901960783342946,0.9999999999009902,0.9950980391669069
1645,0.001,0.06393686628767423,0.06384687245424304,0.00017998731215941786,0.8279839849867232,0.17993169613912993,0.16485057069974787,0.030162251408339714,0.7247502253128772,0.8277484836444478,0.9901960783342946,0.9999999999009902,0.9950980391669069
1646,0.001,0.06387639910514865,0.06378914030002696,0.0001745165066365319,0.8226778850152413,0.1670640461585101,0.15887712322029413,0.016373847793860762,0.7305774852433855,0.8323171252864063,0.9901960783342946,0.9999999999009902,0.9950980391669069
1647,0.001,0.06130299012043646,0.06123891579253333,0.0001281483521649664,0.8358305062578694,0.16764444229649564,0.16087728212861455,0.013534323367125848,0.7292214006742074,0.831251119236716,0.9901960783342946,0.9999999999009902,0.9950980391669069
1648,0.001,0.06186591301645551,0.061780008620449474,0.0001718082146128706,0.8300734874918806,0.1660940804902245,0.15983055911812127,0.012527040507206145,0.7267813474542595,0.829371941983793,0.9901960783342946,0.9999999999009902,0.9950980391669069
1649,0.001,0.06258781374033008,0.0625027943668621,0.00017003887582437268,0.830889669537245,0.1657386708493326,0.15931923190752664,0.012838874395717592,0.7344326079574363,0.8353066720718993,0.9901960783342946,0.9999999999009902,0.9950980391669069
1650,0.001,0.06218278780579567,0.06211177658821855,0.0001420226760404018,0.8328763762665651,0.1737899935128642,0.1615674723597134,0.024445035038333313,0.730267832566978,0.8320465401343288,0.9803921567666283,0.9999999999000001,0.9901960783828335
1651,0.001,0.06263251509517431,0.062488136147814136,0.00028875800860207946,0.829707594082911,0.1659734658166474,0.15840765658546896,0.015131625712063968,0.7366182018667305,0.8369920906276216,0.9901960783342946,0.9999999999009902,0.9950980391669069
1652,0.001,0.06273471723709788,0.0626281521150044,0.0002131288892996963,0.8302103052540346,0.1721219081504672,0.1611162371495191,0.022011343143222964,0.7333329607121419,0.8344417709071058,0.9803921567666283,0.9999999999000001,0.9901960783828335
1653,0.001,0.06276119926146098,0.06268527252333504,0.00015185367010417394,0.8326142972111403,0.16308993568607405,0.15790940733516917,0.010361063599988235,0.7325802450250736,0.833869480114569,0.9901960783342946,0.9999999999009902,0.9950980391669069
1654,0.001,0.06344542758805412,0.06337805664432901,0.00013474171633528646,0.8322532262013469,0.16136954637134776,0.15823311548607022,0.00627286485670244,0.7348394794082447,0.835599630744612,0.9901960783342946,0.9999999999009902,0.9950980391669069
1655,0.001,0.061906032264232635,0.06184627102421863,0.00011952224174040436,0.8325024520503652,0.16556417065508225,0.16208726868909948,0.006953804525455423,0.7219605515449585,0.8255117394050899,0.9901960783342946,0.9999999999009902,0.9950980391669069
1656,0.001,0.060583487153053284,0.06051726971885988,0.00013243539017691676,0.8368031582607006,0.16349591577754302,0.16067783154693305,0.005636164069394855,0.7311090432082071,0.8327352179636907,0.9901960783342946,0.9999999999009902,0.9950980391669069
1657,0.001,0.06263323008481946,0.06256137043237686,0.00014371861120058123,0.8303318801495093,0.16148709608059303,0.1580812107114231,0.006811771267915473,0.4168601795576274,0.5185862936993126,0.9901960783342946,0.9999999999009902,0.9950980391669069
1658,0.001,0.06183015475315707,0.06176927073725632,0.00012176910175704896,0.8316652595990394,0.1608937616441764,0.1573102357340794,0.0071670418039110366,0.7347225193922858,0.8355097529153831,0.9901960783342946,0.9999999999009902,0.9950980391669069
1659,0.001,0.06255117444587606,0.06248413265815803,0.00013408315187137174,0.8251537433539858,0.16321026168617547,0.16038614044002458,0.005648240867052593,0.725686158230196,0.8284362957445706,0.9901960783342946,0.9999999999009902,0.9950980391669069
1660,0.001,0.06259141303598881,0.062479336080806594,0.00022415361659763481,0.8314380802044992,0.16854589476304896,0.16004842052272722,0.016994939258723866,0.7320329936140302,0.8334535464408267,0.9901960783342946,0.9999999999009902,0.9950980391669069
1661,0.001,0.06257556072835412,0.06250645446458034,0.00013821217752203147,0.8281341229796484,0.16385268054756463,0.1583752807448892,0.010954810552956426,0.7367266122408654,0.8370575822469104,0.9901960783342946,0.9999999999009902,0.9950980391669069
1662,0.001,0.061403145880571434,0.06132878576006208,0.00014871885858675732,0.832999113405159,0.16695376178797552,0.16161935411247552,0.010668810055244202,0.7303430491141564,0.8320842536882532,0.9901960783342946,0.9999999999009902,0.9950980391669069
1663,0.001,0.06105356104671955,0.06096473602311952,0.00017765000822172233,0.8373713727017922,0.16197089354197183,0.1588873331453286,0.006167121158511031,0.7348587800266381,0.8356362009473316,0.9901960783342946,0.9999999999009902,0.9950980391669069
1664,0.001,0.06028019796524729,0.06021523329296282,0.00012992943733739333,0.8398852284645683,0.16383232556137384,0.15966763800265743,0.008329362133700474,0.7316388832659044,0.8331059684683061,0.9901960783342946,0.9999999999009902,0.9950980391669069
1665,0.001,0.061263463859047206,0.061167659504073005,0.00019160911155527823,0.8327686944249041,0.1623693745510251,0.15852391427638485,0.007690914833516467,0.7321441035428911,0.8335242258787047,0.9901960783342946,0.9999999999009902,0.9950980391669069
1666,0.001,0.0611316907618727,0.061055936318423064,0.00015150793218968568,0.8398746011116043,0.16455803197972915,0.15988719346476535,0.009341676938621438,0.7302631587652993,0.8320675458037696,0.9901960783342946,0.9999999999009902,0.9950980391669069
1667,0.001,0.060187753955168385,0.06011826345430953,0.00013898073328683886,0.839275713030388,0.16137288481581444,0.15792012389968424,0.006905519878309147,0.4227739658613835,0.5231679458250196,0.9901960783342946,0.9999999999009902,0.9950980391669069
1668,0.001,0.061634768332753866,0.061565659674150605,0.00013821789668457183,0.8346905128215141,0.16109830608554915,0.15770388467639102,0.006788846050553462,0.7359992491341569,0.8364924234421772,0.9901960783342946,0.9999999999009902,0.9950980391669069
1669,0.001,0.05856399291328022,0.058504446409642696,0.0001190932932461562,0.8422913207411614,0.1621055287473342,0.15797498588468514,0.008261081908701682,0.42029246422906397,0.5212346486992961,0.9901960783342946,0.9999999999009902,0.9950980391669069
1670,0.001,0.06153575849852392,0.06147119815328291,0.00012912094215218012,0.8332368377113106,0.16370434620801141,0.15907048302538254,0.009267719626864967,0.7327442087121193,0.8339926825269868,0.9901960783342946,0.9999999999009902,0.9950980391669069
1671,0.001,0.059787619060703685,0.05969957395323685,0.00017608981241729843,0.8389225046100057,0.16124598711144691,0.15759887648563758,0.007294221288141082,0.7371395237278955,0.8373821941293451,0.9901960783342946,0.9999999999009902,0.9950980391669069
1672,0.001,0.06142544214214597,0.061338488278644424,0.0001739073845133784,0.8346798625471162,0.16424245635668436,0.16018852416206808,0.008107863275297717,0.41172764899226116,0.5145454427684071,0.9901960783342946,0.9999999999009902,0.9950980391669069
1673,0.001,0.06011105382016727,0.060039616589035304,0.00014287417759208308,0.8385974758264736,0.16515222893041723,0.16053532852846034,0.009233804173110163,0.7285021282853414,0.830658435070737,0.9901960783342946,0.9999999999009902,0.9950980391669069
1674,0.001,0.05931687328432288,0.059258569431092055,0.00011660840846161591,0.8405833599537609,0.16456435474694944,0.16022336366129855,0.008681978491664516,0.7302254900561045,0.8319921190216217,0.9901960783342946,0.9999999999009902,0.9950980391669069
1675,0.001,0.05933972567852054,0.059286494074123244,0.00010646264562248169,0.8396620090218159,0.1648975973035775,0.15924323540107876,0.011308731803414868,0.7315285133246897,0.8330188297567155,0.9901960783342946,0.9999999999009902,0.9950980391669069
1676,0.001,0.060681525484791825,0.0605893697855728,0.00018431268602268704,0.8363489611095589,0.17137315752459506,0.16261249488475277,0.017521334465081785,0.7301603917612829,0.8319198391422038,0.9901960783342946,0.9999999999009902,0.9950980391669069
1677,0.001,0.06194542135511126,0.06173518446407148,0.0004204724108214058,0.8344462010881235,0.16381419172473982,0.1607975930559869,0.006033201829767695,0.7276603470690372,0.8300201803395209,0.9901960783342946,0.9999999999009902,0.9950980391669069
1678,0.001,0.06149930546858481,0.06142862566879818,0.00014136004756437615,0.8367650729784859,0.1620891684410619,0.15893796495362825,0.006302399871249993,0.4200040498233433,0.5210319293956479,0.9901960783342946,0.9999999999009902,0.9950980391669069
1679,0.001,0.06554648626063551,0.06546345113643579,0.0001660707825327076,0.8235382938899865,0.17079382901098214,0.16486569654707814,0.011856262590370927,0.720528044027794,0.8242857345103815,0.9901960783342946,0.9999999999009902,0.9950980391669069
1680,0.001,0.06229570760790791,0.06222575304231474,0.00013990999078877003,0.8282129476084595,0.1673005141463934,0.16188902831545063,0.010822963152153819,0.7246060001617137,0.8275602714433871,0.9901960783342946,0.9999999999009902,0.9950980391669069
1681,0.001,0.061368982174566815,0.0612998724515949,0.00013822055474780167,0.8339477953211857,0.1665520358319376,0.16035621423347324,0.012391647351357867,0.7261882289608929,0.8288459968726625,0.9901960783342946,0.9999999999009902,0.9950980391669069
1682,0.001,0.06280787980982236,0.06265539808997087,0.0003049637611444008,0.8322422760253703,0.1681272194666021,0.15869534190963297,0.018863754684799443,0.7354031451182725,0.8360497926322954,0.9901960783342946,0.9999999999009902,0.9950980391669069
1683,0.001,0.06100772613925593,0.060919897098626406,0.00017565753842063714,0.8357044508192288,0.16841821518598818,0.16320276961607091,0.010430894764688085,0.7300656667528425,0.831896314741344,0.9901960783342946,0.9999999999009902,0.9950980391669069
1684,0.001,0.05968606990895101,0.05962487642786333,0.00012238640192663297,0.8345772977679254,0.1644559712970958,0.15967998668259265,0.009551981564465106,0.7341981007730415,0.8350950154083776,0.9901960783342946,0.9999999999009902,0.9950980391669069
1685,0.001,0.06139676326087543,0.06132910520370517,0.00013531652153428046,0.8358268542115471,0.16635929836946375,0.16033297251252568,0.012052650362545369,0.7293663565310444,0.8313203954705081,0.9901960783342946,0.9999999999009902,0.9950980391669069
1686,0.001,0.05965213504220758,0.05957410471247775,0.0001560594713997229,0.8384679021564703,0.16808986897562064,0.1634771070059608,0.00922552166579693,0.7333475578606643,0.8344448735865225,0.9901960783342946,0.9999999999009902,0.9950980391669069
1687,0.001,0.06094056594052485,0.060879734477826526,0.0001216628844693852,0.8387339627191596,0.16700826848254485,0.16053082720906126,0.012954874895513058,0.7321321638980205,0.8334582617798733,0.9901960783342946,0.9999999999009902,0.9950980391669069
1688,0.001,0.05822790879756212,0.05816396498786552,0.0001278872901561304,0.8410926141479411,0.16508401725806443,0.1599467554513146,0.010274525384838674,0.7345204442099307,0.835342707511947,0.9901960783342946,0.9999999999009902,0.9950980391669069
1689,0.001,0.060810205925788195,0.06074276885816029,0.00013487323381663633,0.8353106116302573,0.16557776635768368,0.15994124202167287,0.011273048142446023,0.7321438425538461,0.8334685150449314,0.9901960783342946,0.9999999999009902,0.9950980391669069
1690,0.001,0.060571006898369105,0.0605093634554318,0.0001232860228940678,0.8331814485691601,0.16756166488516563,0.16045998066079384,0.014203362678195917,0.729773122506721,0.8316804454215954,0.9901960783342946,0.9999999999009902,0.9950980391669069
1691,0.001,0.06020022729145629,0.060133012543831556,0.00013443034029998152,0.8385217206349597,0.16582003878612145,0.15996264301094354,0.011714802945361417,0.7321413147093513,0.8335028362455431,0.9901960783342946,0.9999999999009902,0.9950980391669069
1692,0.001,0.05972270614334515,0.05966069868632725,0.00012401422814686418,0.8404721510619456,0.1658854163160511,0.1605119068248599,0.01074702013283968,0.7294739079799001,0.8314384267670822,0.9901960783342946,0.9999999999009902,0.9950980391669069
1693,0.001,0.059543940770838945,0.05946697973247085,0.00015392217697548664,0.8363384784612393,0.16827699016122258,0.16076954965497933,0.015014882108160094,0.7301058783329628,0.8319065041792245,0.9901960783342946,0.9999999999009902,0.9950980391669069
1694,0.001,0.05903887163315501,0.058970755631370206,0.0001362318975485063,0.841937721010293,0.17691437023527481,0.16217506165597953,0.029478612260016447,0.7290813666797874,0.8310577447771768,0.970588235198962,0.9999999998989899,0.9852941175987601
1695,0.001,0.060412626447422166,0.060259673611394,0.0003059051948314716,0.8333959221653993,0.16707083056954777,0.1614750448395224,0.011191566931266411,0.7312709546822421,0.8328039508170291,0.9901960783342946,0.9999999999009902,0.9950980391669069
1696,0.001,0.06019851126308952,0.060132063393081935,0.00013289548340773244,0.8387915106443121,0.16723120446298637,0.1600212086649502,0.014420001256261385,0.7329864774177319,0.834169351471752,0.9901960783342946,0.9999999999009902,0.9950980391669069
1697,0.001,0.05900860644344773,0.05895098884190832,0.00011523447171514687,0.8424429508553016,0.1654940644900004,0.16109244963702032,0.008803232591234002,0.7298106969424707,0.8316954538587926,0.9901960783342946,0.9999999999009902,0.9950980391669069
1698,0.001,0.06334806087293796,0.06327477416821889,0.00014657306876740352,0.8313174676738209,0.16451943008338704,0.16000207148346246,0.009034723134747907,0.7316771962122891,0.833167294045924,0.9901960783342946,0.9999999999009902,0.9950980391669069
1699,0.001,0.06439368719501155,0.0642285356298089,0.00033030411149021735,0.8293830753966898,0.1662680527158812,0.16014031160111522,0.012255480932984866,0.7263631325447296,0.8289906799439969,0.9901960783342946,0.9999999999009902,0.9950980391669069
1700,0.001,0.06050883566162416,0.060397159308195114,0.00022335174656161274,0.8340791985929573,0.16956486888960295,0.16634459939657473,0.006440551070423395,0.7246566123876723,0.8276237668639614,0.9901960783342946,0.9999999999009902,0.9950980391669069
1701,0.001,0.05953554370041404,0.0594768723739045,0.00011734238484807844,0.8411043244931383,0.16906641189958535,0.16505394203990115,0.00802492658954625,0.7277902398021081,0.8301192083394341,0.9901960783342946,0.9999999999009902,0.9950980391669069
1702,0.001,0.05983263147728784,0.05973640829324722,0.00019244633313064696,0.8368873665695231,0.166105629474509,0.1611009795291751,0.010009290394829768,0.7272620961260398,0.8297135487213199,0.9901960783342946,0.9999999999009902,0.9950980391669069
1703,0.001,0.05954901301967246,0.05949261531765972,0.00011279448725482715,0.8400414033664896,0.16920351865244845,0.1634694641711665,0.011468106826000354,0.7217101666898434,0.8252723185873346,0.9901960783342946,0.9999999999009902,0.9950980391669069
1704,0.001,0.0597529693373612,0.059695493296853135,0.0001149511648951115,0.8377110965193596,0.16690507823345707,0.16217498043004205,0.009460191032392722,0.725258107681525,0.8281097829715838,0.9901960783342946,0.9999999999009902,0.9950980391669069
1705,0.001,0.060354218419109075,0.06027905962296894,0.00015031820735852567,0.8332043914266809,0.17368843391829847,0.16319424323007173,0.02098838228038421,0.7270365330313671,0.82945153837253,0.9901960783342946,0.9999999999009902,0.9950980391669069
1706,0.001,0.060171673739595075,0.060100177968186994,0.00014299107481617414,0.8363766546836465,0.1646913471175175,0.16063788241031124,0.008106932327078254,0.7268925926512398,0.8293847508587411,0.9901960783342946,0.9999999999009902,0.9950980391669069
1707,0.001,0.05852360597678593,0.058459955001516004,0.0001273017637036641,0.8398668915789179,0.1643253062285629,0.16015267138387643,0.008345271935503856,0.730135209951323,0.8319277137591041,0.9901960783342946,0.9999999999009902,0.9950980391669069
1708,0.001,0.05997196877641337,0.05989187423671995,0.00016018858696043026,0.8370294725226095,0.16485758038128123,0.16141437841396705,0.00688640121370554,0.7281899722365157,0.830421368577186,0.9901960783342946,0.9999999999009902,0.9950980391669069
1709,0.001,0.059871423324303966,0.05980297989611115,0.00013688775210799316,0.8394066082405417,0.16543554850653105,0.163231526519738,0.004408046721900795,0.7309311408013838,0.8325593339308297,0.9901960783342946,0.9999999999009902,0.9950980391669069
1710,0.001,0.05878355513725962,0.0587305123252528,0.00010608529821963333,0.8422210585930359,0.16976606787419787,0.16171371352438832,0.016104712598391024,0.7367715942273175,0.8370325438804258,0.9901960783342946,0.9999999999009902,0.9950980391669069
1711,0.001,0.058870620493377955,0.05880110990256071,0.00013902179138572786,0.8406721244486451,0.1679589538013234,0.1613086637328653,0.013300577680781191,0.7313240316146788,0.8328421652765239,0.9901960783342946,0.9999999999009902,0.9950980391669069
1712,0.001,0.06029043971960034,0.06022593645112855,0.00012900616833836205,0.8399773706621401,0.16715853354510138,0.16227705279986063,0.009762962056579543,0.7262198679443366,0.8288794623149286,0.9901960783342946,0.9999999999009902,0.9950980391669069
1713,0.001,0.060249953264636655,0.06018818648798125,0.00012353339544850833,0.8368418286376402,0.16382429412767,0.1596913144868963,0.008265963673372479,0.7339864279190809,0.8349475903205353,0.9901960783342946,0.9999999999009902,0.9950980391669069
1714,0.001,0.06010767604623522,0.06004529433058841,0.0001247635627805721,0.8374672507558737,0.16601262256210925,0.16053844491640726,0.010948356099463269,0.731496461273905,0.832998660082729,0.9901960783342946,0.9999999999009902,0.9950980391669069
1715,0.001,0.06097799805658204,0.06089524059955563,0.0001655160711899433,0.8383946420595729,0.16492244309070064,0.16027466339223526,0.009295569979311788,0.7322911245805451,0.8336253592758349,0.9901960783342946,0.9999999999009902,0.9950980391669069
1716,0.001,0.06233454442449978,0.06225603459669011,0.00015702050606185885,0.8283362609531765,0.16418572559076197,0.1604152678274641,0.007540916330089756,0.7324053689320132,0.8337152800218441,0.9901960783342946,0.9999999999009902,0.9950980391669069
1717,0.001,0.06035090929695538,0.06026707203792674,0.00016767419453702002,0.8376903626145521,0.16751483199643155,0.16318056571717357,0.008668542063484589,0.4071270006086463,0.5108024237805955,0.9901960783342946,0.9999999999009902,0.9950980391669069
1718,0.001,0.05938952203307833,0.059325309337249825,0.00012842526302847546,0.8378975690788109,0.16620189769595278,0.16185815077201993,0.008687502065417813,0.7253863134076813,0.8281736358940639,0.9901960783342946,0.9999999999009902,0.9950980391669069
1719,0.001,0.060489626335246224,0.06042832136154175,0.00012260992077374664,0.8375783654781596,0.16784358959571988,0.16106865978708454,0.013549862959075207,0.7287702316958128,0.8308552866947414,0.9901960783342946,0.9999999999009902,0.9950980391669069
1720,0.001,0.05900562248591866,0.05893072100090129,0.0001498034603823076,0.8374189668055807,0.1662955944444619,0.1598215371954675,0.012948122605973599,0.7356769444605598,0.8362220979017994,0.9901960783342946,0.9999999999009902,0.9950980391669069
1721,0.001,0.05946254663701568,0.05939551695649113,0.00013405905922679397,0.838597095212104,0.16504045035324844,0.1599291510441724,0.010222592911518672,0.7318755578777894,0.8332558991590083,0.9901960783342946,0.9999999999009902,0.9950980391669069
1722,0.001,0.059420467620449405,0.05932933211858783,0.00018227039968873475,0.8359872125075702,0.17003638604108026,0.1639017643881779,0.01226924547889069,0.7231219282775853,0.826413715627479,0.9901960783342946,0.9999999999009902,0.9950980391669069
1723,0.001,0.05877312618706908,0.05871021268623216,0.00012582661552836986,0.8393017359809775,0.16505900375983296,0.16070827841758728,0.008701452757140585,0.7310822083606119,0.8326831623913301,0.9901960783342946,0.9999999999009902,0.9950980391669069
1724,0.001,0.05880930900041546,0.05872529412486723,0.0001680300972241509,0.8413673420805067,0.16639836979847328,0.15977043147180595,0.013255876625942834,0.73400496081187,0.8349345415947123,0.9901960783342946,0.9999999999009902,0.9950980391669069
1725,0.001,0.061805271942700656,0.06173725798726082,0.00013602687288636974,0.8315821569673788,0.16590676763478449,0.16164817938617632,0.008517169667517437,0.7251979991656665,0.8281171684110032,0.9901960783342946,0.9999999999009902,0.9950980391669069
1726,0.001,0.0608647506950157,0.06080116730715547,0.00012716739508635198,0.8331532670828313,0.16832867293965584,0.16272091631795846,0.011215518931766935,0.7281838590437811,0.8304141129208924,0.9901960783342946,0.9999999999009902,0.9950980391669069
1727,0.001,0.060274162595825534,0.06021475153309958,0.00011882195238805642,0.8388472467491861,0.16513772396480336,0.1601163242377487,0.010042806667293989,0.7323806750873618,0.8336985188058468,0.9901960783342946,0.9999999999009902,0.9950980391669069
1728,0.001,0.06075090369475739,0.060673576912709644,0.0001546537721099282,0.8355867527201574,0.16766982452542173,0.16158796350161234,0.012163721645871798,0.7269017772796458,0.8294174430195462,0.9901960783342946,0.9999999999009902,0.9950980391669069
1729,0.001,0.0604614842949169,0.060394788427012305,0.00013339265089078772,0.8372963713705046,0.16695579009897568,0.16106679275924085,0.011777996450808704,0.7295054151592787,0.8314686857897243,0.9901960783342946,0.9999999999009902,0.9950980391669069
1730,0.001,0.05916682617472751,0.05908393460725035,0.0001657830681714196,0.8392420019065865,0.16647451648525163,0.16088366216304256,0.011181714798451639,0.730336293792618,0.8320828582756471,0.9901960783342946,0.9999999999009902,0.9950980391669069
1731,0.001,0.05879148681248937,0.05872240862143891,0.0001381566267549975,0.8404503032569535,0.1641613163200079,0.15959048913974389,0.009141651977437968,0.7323305682392895,0.8336507131450008,0.9901960783342946,0.9999999999009902,0.9950980391669069
1732,0.001,0.05890618238065924,0.05884145586086171,0.00012945408564389384,0.8395228321078844,0.16660817230449004,0.16038246891077826,0.012451404705643654,0.7304407338193828,0.8321687165152257,0.9901960783342946,0.9999999999009902,0.9950980391669069
1733,0.001,0.05891645180859736,0.05883221102080175,0.0001684818464907169,0.8409833407170879,0.16418766624787273,0.1595412668059854,0.00929278525176878,0.7329183229177327,0.8340925947518081,0.9901960783342946,0.9999999999009902,0.9950980391669069
1734,0.001,0.05941144177424056,0.059349593573382924,0.00012369648590850244,0.8415154590758223,0.16667719273006215,0.16163371357263304,0.0100869528730126,0.7287152416145009,0.8308406005524714,0.9901960783342946,0.9999999999009902,0.9950980391669069
1735,0.001,0.05878304676817996,0.05872005543538502,0.00012598293233168079,0.842180887373261,0.16762055836471856,0.16331604473731098,0.008609036741522597,0.7331747541748137,0.8343004685721215,0.9901960783342946,0.9999999999009902,0.9950980391669069
1736,0.001,0.059195385447570255,0.05914251173713377,0.00010574784586684213,0.842632034353454,0.1669529425162895,0.16211362855107175,0.00967863108049713,0.7315593478836832,0.833059610615983,0.9901960783342946,0.9999999999009902,0.9950980391669069
1737,0.001,0.059765068015881946,0.059704301213579516,0.0001215339807458804,0.8376294540076819,0.1685586425603605,0.1637408856083365,0.00963551328316623,0.7304305966845038,0.8321805136890706,0.9901960783342946,0.9999999999009902,0.9950980391669069
1738,0.001,0.058621270182941644,0.05855501350015402,0.00013251369767073941,0.8426703732552322,0.1683766169875276,0.16021849448774375,0.016316242525171415,0.7290281372331259,0.8310604431453639,0.9901960783342946,0.9999999999009902,0.9950980391669069
1739,0.001,0.0587694039568305,0.05871362904352801,0.00011155016831513162,0.8406513006660107,0.16520296533902487,0.1599097935592427,0.010586353822373877,0.7333398442429214,0.8344400476836472,0.9901960783342946,0.9999999999009902,0.9950980391669069
1740,0.001,0.05948977677949837,0.059427235541599135,0.00012508264821268052,0.8355561587995656,0.16695264507742488,0.16224065539883634,0.00942396865609814,0.418677132463467,0.519986338542835,0.9901960783342946,0.9999999999009902,0.9950980391669069
1741,0.001,0.058630316252154965,0.05856701186192887,0.00012660868053769394,0.8445694592246846,0.16640999095112669,0.16119010074465884,0.010439778732902864,0.7322695870125708,0.83360094851503,0.9901960783342946,0.9999999999009902,0.9950980391669069
1742,0.001,0.059221306682697365,0.05914025940001011,0.0001620940565771889,0.8400581466482882,0.17015386504285476,0.16163742191651287,0.017032870447591823,0.4166588054308284,0.5183999742424811,0.9901960783342946,0.9999999999009902,0.9950980391669069
1743,0.001,0.05831542158765452,0.05822893351848636,0.00017297585535353783,0.842524416676623,0.1641245122049369,0.15970302154036128,0.00884298635098864,0.4219940595783993,0.5225460674281964,0.9901960783342946,0.9999999999009902,0.9950980391669069
1744,0.001,0.05846712738275528,0.05840350594371557,0.0001272427141105124,0.8429786877616801,0.1677909569413054,0.16010924647836125,0.015363415456650889,0.7330372534541232,0.8341889193575089,0.9901960783342946,0.9999999999009902,0.9950980391669069
1745,0.001,0.05915823445788452,0.059084738072540076,0.000146992628028134,0.8414851585816878,0.16686071134081074,0.16025773684183756,0.01320596135166638,0.417030440129363,0.518710160741928,0.9901960783342946,0.9999999999009902,0.9950980391669069
1746,0.001,0.059330814251942296,0.05924390455974,0.00017382076449783717,0.8392013908088697,0.16824406093242122,0.16136726503278695,0.013753598318526558,0.7285879522868061,0.8307495789411676,0.9901960783342946,0.9999999999009902,0.9950980391669069
1747,0.001,0.058694141916930676,0.05860108137130737,0.00018612103524771686,0.8416251764472766,0.16811588698742436,0.16192638114386915,0.012379001186904954,0.7290684295857313,0.8311075195781106,0.9901960783342946,0.9999999999009902,0.9950980391669069
1748,0.001,0.058626719883510044,0.05856922867574862,0.00011498234315305516,0.845030076374154,0.166457861661911,0.160787771729862,0.011340181909355462,0.7298109629022453,0.8316815647509045,0.9901960783342946,0.9999999999009902,0.9950980391669069
1749,0.001,0.05973881256899664,0.059664449388427396,0.00014872663619566344,0.8344226424733702,0.16584515630030164,0.16039039866597044,0.010909514611258227,0.7336091511234417,0.8346499808804619,0.9901960783342946,0.9999999999009902,0.9950980391669069
1750,0.001,0.0593030894441264,0.05924425965973309,0.00011765979784935812,0.8415174287638844,0.16662819946513457,0.16118013508179607,0.01089611931649201,0.7291420478253631,0.8311656169373035,0.9901960783342946,0.9999999999009902,0.9950980391669069
1751,0.001,0.06065552522029195,0.06057913002691099,0.00015278915023892687,0.8386024097936439,0.16610484029732497,0.16082408089263767,0.010561521256379052,0.7291191006409593,0.8311368050345546,0.9901960783342946,0.9999999999009902,0.9950980391669069
1752,0.001,0.05797904117831162,0.057915207530770986,0.00012766691634169547,0.8433768611838429,0.1705155150563109,0.16418944795926413,0.012652135435857024,0.41189654435742284,0.5146684991584104,0.9901960783342946,0.9999999999009902,0.9950980391669069
1753,0.001,0.05935389455407858,0.0592861393732684,0.00013551059198237323,0.8402067333646664,0.16736766695976257,0.16209855558825473,0.010538217502043527,0.41280365514323347,0.515393166426605,0.9901960783342946,0.9999999999009902,0.9950980391669069
1754,0.001,0.05846164508589676,0.058392240665853024,0.00013880843055501048,0.8386878021865718,0.16884911060333252,0.1634004127745535,0.010897391557912616,0.7328937374052609,0.834081119649677,0.9901960783342946,0.9999999999009902,0.9950980391669069
1755,0.001,0.05880497701998268,0.05871530396065542,0.00017934670190048303,0.8393794114598744,0.16710398185486888,0.16069741050402322,0.012813141295576798,0.7308218241162532,0.8324700094475416,0.9901960783342946,0.9999999999009902,0.9950980391669069
1756,0.001,0.05889482756278345,0.05881661110158477,0.00015643339065718465,0.8405664661037617,0.16971306882652581,0.16512432635999194,0.00917747529113994,0.7259480304088126,0.8286464240942468,0.9901960783342946,0.9999999999009902,0.9950980391669069
1757,0.001,0.05943868375782456,0.05937118588813713,0.0001349959433615108,0.8360376299284055,0.1667830342171239,0.1602807716996062,0.013004533654334498,0.7309029244554116,0.8325449929448485,0.9901960783342946,0.9999999999009902,0.9950980391669069
1758,0.001,0.058083207213452885,0.058016546602760045,0.00013332179865496334,0.8458346825305237,0.16502578936371148,0.16024523622849407,0.009561103896475305,0.4170629469275202,0.5187361452733715,0.9901960783342946,0.9999999999009902,0.9950980391669069
1759,0.001,0.05879861023277044,0.05873823192502771,0.00012075613046493215,0.8398333878667362,0.16636343154252745,0.16077202733825235,0.011182803313667868,0.7315350961203333,0.8330310527072848,0.9901960783342946,0.9999999999009902,0.9950980391669069
1760,0.001,0.05892213899642229,0.058856481819280555,0.00013131468378040672,0.8407350292139372,0.16761701656322853,0.16145561021917007,0.012322819627383175,0.7262411630478621,0.8288810326960897,0.9901960783342946,0.9999999999009902,0.9950980391669069
1761,0.001,0.058786889139030664,0.058717655284064155,0.00013846749256377473,0.8436352790361475,0.16591420769691467,0.16278871835446826,0.006250984784142643,0.7366768850723274,0.837000931626232,0.9901960783342946,0.9999999999009902,0.9950980391669069
1762,0.001,0.06273994967341423,0.06265057969306197,0.00017873902548412194,0.8327457469041752,0.1665879552270852,0.15930578755397423,0.014564331794413281,0.7373242492817177,0.8374936257271872,0.9901960783342946,0.9999999999009902,0.9950980391669069
1763,0.001,0.061337540192263465,0.061264941069696634,0.00014519756353235737,0.8364474463159548,0.1667131501085618,0.15937662942736758,0.014673043544605082,0.7328925309346869,0.834062234165594,0.9901960783342946,0.9999999999009902,0.9950980391669069
1764,0.001,0.062092989683151245,0.06199092577610697,0.00020412738428733843,0.8297799514407587,0.16266868453399808,0.1587011089511946,0.00793515203301521,0.7352341419240795,0.8358806704112222,0.9901960783342946,0.9999999999009902,0.9950980391669069
1765,0.001,0.059562597556837966,0.05950076997812305,0.00012365536524937073,0.8368180748725316,0.16373755300746246,0.15976873273942985,0.007937634564643982,0.7323154630334247,0.8336169344003341,0.9901960783342946,0.9999999999009902,0.9950980391669069
1766,0.001,0.059617320873907635,0.05953461437353066,0.00016541252846634182,0.8370456999550963,0.16484852105963463,0.1602798712019827,0.009137299642259,0.7321629719404896,0.8335225790715327,0.9901960783342946,0.9999999999009902,0.9950980391669069
1767,0.001,0.05924763184572969,0.059183240602059026,0.0001287820374013141,0.8382197044998797,0.17030993571468428,0.1623973671127768,0.0158251326385082,0.7252818128694125,0.8281099218400225,0.9901960783342946,0.9999999999009902,0.9950980391669069
1768,0.001,0.06160955357232264,0.061543166637420654,0.00013277393788614842,0.8310038690959848,0.16402171113911798,0.15894759344119652,0.010148225963919186,0.7375447958371353,0.8376634128680556,0.9901960783342946,0.9999999999009902,0.9950980391669069
1769,0.001,0.05970595125108957,0.059617819131485054,0.00017626385917018133,0.8394184700387785,0.16466995080312094,0.1599242026899375,0.009491497559436396,0.729049967962819,0.8311057761750489,0.9901960783342946,0.9999999999009902,0.9950980391669069
1770,0.001,0.05959741824439594,0.05952150986662933,0.00015181639381418272,0.8405321032772751,0.17597412829305611,0.1624408259111292,0.027066611620944505,0.7313248847543385,0.8328033302572798,0.970588235198962,0.9999999998989899,0.9852941175987601
1771,0.001,0.06267383495079619,0.06248217674770525,0.00038331640631180823,0.8279898745220263,0.16378985900504917,0.1599854499685998,0.007608813023669463,0.7313080122722506,0.8328623279885052,0.9901960783342946,0.9999999999009902,0.9950980391669069
1772,0.001,0.06035413167306355,0.060277593455144336,0.0001530764254442017,0.8391110967793256,0.16440758810323827,0.16139260051297208,0.006029981918925164,0.7294399391845433,0.8313978451672166,0.9901960783342946,0.9999999999009902,0.9950980391669069
1773,0.001,0.057273815252951214,0.05720216980470078,0.0001432905823354044,0.8464496122266152,0.16337881777800767,0.16011339835092134,0.006530842342066998,0.733302232799622,0.8343947974443,0.9901960783342946,0.9999999999009902,0.9950980391669069
1774,0.001,0.0601896768701928,0.06012050035808768,0.0001383533051141837,0.8405531191762254,0.1661122832812515,0.1604728272148207,0.011278920898250505,0.7338189586623182,0.8347789562685767,0.9901960783342946,0.9999999999009902,0.9950980391669069
1775,0.001,0.0599532112745302,0.05985255552721875,0.00020131066542359934,0.8398978790826936,0.16304854318207385,0.15893699199545616,0.008223097250961205,0.7344610387290867,0.8352970474499725,0.9901960783342946,0.9999999999009902,0.9950980391669069
1776,0.001,0.060102599140788825,0.060038565924125056,0.00012806634406713004,0.8364599440771471,0.16423334940975787,0.16014115658460878,0.00818438918384559,0.7353344416519328,0.8359609319075683,0.9901960783342946,0.9999999999009902,0.9950980391669069
1777,0.001,0.05990735561187778,0.05983688509357827,0.0001409416273807957,0.8377267958462232,0.1637862611050699,0.15964457772526086,0.008283361829086846,0.7317195752627245,0.83313861775119,0.9901960783342946,0.9999999999009902,0.9950980391669069
1778,0.001,0.059242116819534986,0.059175255708396435,0.0001337224649822539,0.8418430475691974,0.16462826144461537,0.1599772946507323,0.00930193311297426,0.7316219124799505,0.833081801086469,0.9901960783342946,0.9999999999009902,0.9950980391669069
1779,0.001,0.05952983735395329,0.059469767580074925,0.00012013852574455086,0.8368194534952601,0.1652664232487772,0.1606073624947492,0.009318114760532683,0.7296633719618311,0.8315511910976986,0.9901960783342946,0.9999999999009902,0.9950980391669069
1780,0.001,0.059347826189228466,0.059276770135121684,0.00014211262558611843,0.839734363579492,0.16429952254482344,0.16054711037991093,0.007504821188893973,0.7308726450460952,0.8325006721178718,0.9901960783342946,0.9999999999009902,0.9950980391669069
1781,0.001,0.05851301843566554,0.058440539586756914,0.00014495744549744165,0.8420710812537873,0.16311576202803968,0.1592094413205689,0.007812633562613936,0.7354596008463649,0.8360619269755083,0.9901960783342946,0.9999999999009902,0.9950980391669069
1782,0.001,0.05719299494688,0.057123390691620965,0.00013920952057690426,0.8492617820859649,0.163838863957162,0.16014287518519982,0.007391989249370846,0.731031708276498,0.8326089246387094,0.9901960783342946,0.9999999999009902,0.9950980391669069
1783,0.001,0.057827460180435865,0.0577533274356808,0.00014826557838075262,0.84354289715331,0.16349607121710683,0.1597109542173498,0.007570243792097066,0.7324146178135255,0.8337029028863042,0.9901960783342946,0.9999999999009902,0.9950980391669069
1784,0.001,0.056589401327073574,0.05652029559548412,0.00013821063917670732,0.8511056584593462,0.1661748798454509,0.1606490208822138,0.01105172150567466,0.7338553639427547,0.8348054361885557,0.9901960783342946,0.9999999999009902,0.9950980391669069
1785,0.001,0.05718428987477507,0.05711730822388615,0.00013396338194330122,0.8492005800552037,0.16432769742666506,0.15995503640642353,0.008745321967438156,0.7329306962381966,0.83410542682493,0.9901960783342946,0.9999999999009902,0.9950980391669069
1786,0.001,0.06038260632859809,0.06031698946441923,0.00013123348175473178,0.8390122582030616,0.16476674465572133,0.16003304310873442,0.009467401669598093,0.7308782108626071,0.8324920863926886,0.9901960783342946,0.9999999999009902,0.9950980391669069
1787,0.001,0.059469884394534996,0.05939429945179394,0.000151170043734185,0.8408765780029265,0.16371727866284988,0.16033060585751252,0.006773342976492702,0.7355095478687411,0.8360943728089372,0.9901960783342946,0.9999999999009902,0.9950980391669069
1788,0.001,0.057673663699201176,0.05760501977056265,0.00013728680291283775,0.8461459167535871,0.1640287167301365,0.16033484187780642,0.007387753630823949,0.7334914523840507,0.8345347627240564,0.9901960783342946,0.9999999999009902,0.9950980391669069
1789,0.001,0.057214460601764064,0.05714594865483897,0.0001370243183243604,0.8446271414376826,0.16712200407888375,0.16119405510378818,0.011855890937879974,0.7300330626339522,0.831849080971546,0.9901960783342946,0.9999999999009902,0.9950980391669069
1790,0.001,0.058111178289566724,0.05803709477186203,0.0001481678582422319,0.8442385309157082,0.16576967870487885,0.1604921697985892,0.010555007102369679,0.733745968142187,0.8347376598988272,0.9901960783342946,0.9999999999009902,0.9950980391669069
1791,0.001,0.057545792045337815,0.057484161108732224,0.00012326193765537546,0.8446321272096206,0.1648603969929265,0.1600725925436207,0.00957560078149625,0.7323748252405534,0.8336660974441594,0.9901960783342946,0.9999999999009902,0.9950980391669069
1792,0.001,0.058830514683255127,0.058740973339549134,0.0001790830601748894,0.838363792014776,0.1644338036284727,0.1593796166719175,0.010108376451421017,0.7349408980986019,0.835652507075577,0.9901960783342946,0.9999999999009902,0.9950980391669069
1793,0.001,0.05875345918216875,0.058688770181366375,0.00012937811763029977,0.8415182913787841,0.1648988145239213,0.16070442515261033,0.008388776487360397,0.7311392483113015,0.8326983067525732,0.9901960783342946,0.9999999999009902,0.9950980391669069
1794,0.001,0.057812539993652275,0.05774606857448816,0.00013294347367523836,0.8451585255236215,0.16746086758725784,0.1622016055911195,0.010518534519873998,0.7288767684516209,0.8309313587877332,0.9901960783342946,0.9999999999009902,0.9950980391669069
1795,0.001,0.05779012572020292,0.05771577451378107,0.00014870197186870167,0.8409086012471985,0.16620403586649427,0.16105290955188228,0.01030224127987144,0.7310313087166038,0.8326454557591157,0.9901960783342946,0.9999999999009902,0.9950980391669069
1796,0.001,0.059293668850192,0.059223749940948825,0.00013983842109155376,0.8408137603311895,0.16625050353068932,0.16092419098405278,0.01065262924770222,0.7307970116739833,0.8324489904390592,0.9901960783342946,0.9999999999009902,0.9950980391669069
1797,0.001,0.05752772292388337,0.05746651201375893,0.00012242262943930524,0.8476131791474842,0.16495395057341633,0.16053676196173125,0.008834387175738811,0.7325027226215923,0.8337812512761404,0.9901960783342946,0.9999999999009902,0.9950980391669069
1798,0.001,0.058321059814521244,0.05823931803128549,0.00016348348487684104,0.839757142705609,0.1679487812752817,0.1615651810870451,0.012767200339950767,0.7280162213232685,0.8303102200899313,0.9901960783342946,0.9999999999009902,0.9950980391669069
1799,0.001,0.059448765590786934,0.059374658790017874,0.0001482137992882469,0.839450786081981,0.16539335835213756,0.1616163873204998,0.007553940273675264,0.7285603681349285,0.8307254404404159,0.9901960783342946,0.9999999999009902,0.9950980391669069
1800,0.001,0.05924663546362093,0.059177735554320474,0.00013779955978472053,0.8368502333972557,0.16468993881169489,0.16069718552570716,0.007985503321477011,0.7299754915052297,0.8318260528346194,0.9901960783342946,0.9999999999009902,0.9950980391669069
1801,0.001,0.057371762581169605,0.057299415580928326,0.00014469375992121059,0.8479357473936476,0.1651469574255102,0.16129934612442465,0.0076952226843465775,0.7304474955023279,0.8321870055587937,0.9901960783342946,0.9999999999009902,0.9950980391669069
1802,0.001,0.057541120797395706,0.05746980117900031,0.00014263943025330912,0.8464396337691519,0.16982873456150877,0.16039217687120624,0.01887311955329542,0.7386415411299264,0.838476031954933,0.9901960783342946,0.9999999999009902,0.9950980391669069
1803,0.001,0.05941702837922743,0.05934962710099561,0.00013480228335538413,0.8383067334030164,0.16752040795251436,0.16176250693844815,0.011515796659331695,0.7297780060646412,0.8316402095314992,0.9901960783342946,0.9999999999009902,0.9950980391669069
1804,0.001,0.058315266855061054,0.05822975707373449,0.00017101958681970636,0.842325268839921,0.16576755222152262,0.16146305554053364,0.008608991572377728,0.7288552845899293,0.8309210131849579,0.9901960783342946,0.9999999999009902,0.9950980391669069
1805,0.001,0.058787613707993715,0.058721915419612615,0.0001313964785367716,0.8442724300936258,0.16597579156651215,0.16132288937475167,0.00930580468483123,0.728280455444816,0.8304927898245898,0.9901960783342946,0.9999999999009902,0.9950980391669069
1806,0.001,0.05766889891986336,0.05760438048413822,0.00012903798057907676,0.8451161829371653,0.16532330594810785,0.16139967827235951,0.007847259807236055,0.7298714629538816,0.8317469649730472,0.9901960783342946,0.9999999999009902,0.9950980391669069
1807,0.001,0.05782671019967113,0.05775542916463954,0.00014256130608763278,0.8445930702150121,0.16462195796125076,0.16042744704321318,0.008389027204875853,0.7346846469771288,0.835459794783446,0.9901960783342946,0.9999999999009902,0.9950980391669069
1808,0.001,0.057626071252993176,0.05756228656641075,0.00012756905510156815,0.8448354673121283,0.16648899457033942,0.1613278260418013,0.010322333432222698,0.7321136566054204,0.83347398123628,0.9901960783342946,0.9999999999009902,0.9950980391669069
1809,0.001,0.05872310525072472,0.05865617083119495,0.0001338688504932049,0.8428357290010985,0.16701476129831053,0.16147152232188805,0.011086486152135859,0.7299661086318338,0.831826710890405,0.9901960783342946,0.9999999999009902,0.9950980391669069
1810,0.001,0.058649911013032706,0.058570376730390956,0.00015906812170994402,0.8439275176411589,0.16686153528737088,0.1609494312136781,0.01182420294293586,0.732328833584975,0.833652896853857,0.9901960783342946,0.9999999999009902,0.9950980391669069
1811,0.001,0.057373515729393275,0.057302248398108144,0.0001425342561560683,0.8459161580012949,0.16585741498891046,0.16101699833776437,0.009680835242547533,0.7270356195966968,0.8295186435964303,0.9901960783342946,0.9999999999009902,0.9950980391669069
1812,0.001,0.057833995670080185,0.05776673661811011,0.00013451790930828013,0.8436202758728274,0.1655212763477774,0.16046550636198006,0.010111533863214301,0.7326554648666639,0.8339066819370109,0.9901960783342946,0.9999999999009902,0.9950980391669069
1813,0.001,0.058596755644040446,0.05852679043476071,0.00013993020599757853,0.8450117031183859,0.16512145657165378,0.1602572968193129,0.009728312072362386,0.7311782521249262,0.8327673713277278,0.9901960783342946,0.9999999999009902,0.9950980391669069
1814,0.001,0.05974478553980589,0.05968198645859957,0.00012559821360420237,0.8401003482578885,0.16594990912605734,0.16106918863221711,0.009761439417214954,0.7287938933580947,0.8309039275517407,0.9901960783342946,0.9999999999009902,0.9950980391669069
1815,0.001,0.05782224703580141,0.057768668447222025,0.00010715702345415983,0.8411660271917413,0.16606422499114393,0.16162302096684775,0.008882414284801366,0.727111938912704,0.8295760791536465,0.9901960783342946,0.9999999999009902,0.9950980391669069
1816,0.001,0.05929360818117857,0.05923394566135747,0.00011932507771104741,0.8402508772229684,0.16576619767675213,0.16096005252763337,0.00961228622598391,0.7298322669189531,0.8317201877036198,0.9901960783342946,0.9999999999009902,0.9950980391669069
1817,0.001,0.057146762630769184,0.057085778431168625,0.00012196896243819668,0.8431234062748674,0.16535877012738995,0.16067464269843756,0.00936825714055814,0.7307203366291372,0.8324110992933741,0.9901960783342946,0.9999999999009902,0.9950980391669069
1818,0.001,0.05820622348359653,0.05812710177685533,0.0001582433300687366,0.8426149827110067,0.16597234326250412,0.1606009678513396,0.010742752374533345,0.7312062137863999,0.8327666497275961,0.9901960783342946,0.9999999999009902,0.9950980391669069
1819,0.001,0.05804436919944627,0.057972256892493794,0.00014422420073450276,0.8411619771670859,0.16575666327102512,0.16083784547506594,0.009837644375568512,0.7301123278932586,0.8319183902955679,0.9901960783342946,0.9999999999009902,0.9950980391669069
1820,0.001,0.05873517319560051,0.05867272575518915,0.0001248946595556585,0.8433894054862833,0.16715299031313727,0.16144689333205128,0.011412201832760782,0.7313212594742872,0.8328433858627586,0.9901960783342946,0.9999999999009902,0.9950980391669069
1821,0.001,0.05823774276567357,0.05817466242504971,0.00012616092421272436,0.843027758402215,0.1664070580519882,0.16128777873282338,0.010238569430714729,0.7303272686375165,0.8320894730764901,0.9901960783342946,0.9999999999009902,0.9950980391669069
1822,0.001,0.057526073551603725,0.05745750851929188,0.0001371305009212977,0.8402550763128618,0.16490386747846417,0.16046115113239662,0.00888542790769362,0.7305345802092333,0.8322633261611058,0.9901960783342946,0.9999999999009902,0.9950980391669069
1823,0.001,0.06006704683282545,0.05993332647319351,0.00026744101186133254,0.8445721878807441,0.18419058796237497,0.16380307019925586,0.04077504168027172,0.7299378102583665,0.8317381131462349,0.970588235198962,0.9999999998989899,0.9852941175987601
1824,0.001,0.05865409145397799,0.05856991545962436,0.00016835168467618393,0.8475567368867745,0.16928714046291277,0.16209199440245534,0.014390295585982647,0.7271906330544582,0.829653028805837,0.9901960783342946,0.9999999999009902,0.9950980391669069
1825,0.001,0.0573199705353805,0.057224760098116736,0.00019042123091951777,0.8437233419257709,0.16822096763872632,0.16209321454459547,0.012255508352217137,0.7282750450960505,0.8304957683944078,0.9901960783342946,0.9999999999009902,0.9950980391669069
1826,0.001,0.05864325378622327,0.05857471403266702,0.00013708026355223929,0.8412074710848477,0.16528655325665192,0.16041740833544263,0.009738290207643135,0.7294790328650386,0.8314336188224178,0.9901960783342946,0.9999999999009902,0.9950980391669069
1827,0.001,0.0570439738886697,0.056952707070325105,0.00018253356756758876,0.8446447288717982,0.1674146944401311,0.16189036357636546,0.011048648689015238,0.7260803957676804,0.8287518665922563,0.9901960783342946,0.9999999999009902,0.9950980391669069
1828,0.001,0.05674112867563963,0.05666348670742342,0.0001552840442725158,0.8515259745903146,0.16553124960731058,0.16089643099728754,0.009269625742864959,0.7311640581526663,0.8327564786995932,0.9901960783342946,0.9999999999009902,0.9950980391669069
1829,0.001,0.05846666158842189,0.05839706864207983,0.00013918696471851684,0.8417826008623738,0.16615176142430774,0.16097708367833904,0.010349353227545233,0.730270138159943,0.8320530090057549,0.9901960783342946,0.9999999999009902,0.9950980391669069
1830,0.001,0.058267022749142985,0.05818958553884711,0.00015487393401209765,0.8489988926552875,0.1654114746579937,0.1613253822513655,0.008172189725526408,0.72978606493833,0.8316791424480277,0.9901960783342946,0.9999999999009902,0.9950980391669069
1831,0.001,0.057412351082478254,0.057351569911198955,0.0001215618590971904,0.8423219549776276,0.16713989774386087,0.16225029206743427,0.009779208412795675,0.7267919875756431,0.8293169491827075,0.9901960783342946,0.9999999999009902,0.9950980391669069
1832,0.001,0.0581172239035368,0.058052782501493184,0.00012888229425048588,0.8406555184997915,0.16595292325113334,0.1607702356927535,0.010365381289054365,0.7298443125696383,0.8317173037127878,0.9901960783342946,0.9999999999009902,0.9950980391669069
1833,0.001,0.05783566193921225,0.05776616385472672,0.00013899650795272983,0.8443234862985386,0.16693721390237995,0.16178080147387935,0.010312837192460018,0.727282039870734,0.8297013608335996,0.9901960783342946,0.9999999999009902,0.9950980391669069
1834,0.001,0.05797065235674381,0.057913493631141524,0.0001143175824316651,0.8445563297848855,0.1663583534605363,0.16104982588805405,0.010617051994902831,0.7279624522306954,0.8302608840915291,0.9901960783342946,0.9999999999009902,0.9950980391669069
1835,0.001,0.057342185106660636,0.05724197732550757,0.00020041541665705154,0.843082051213095,0.16564593011257694,0.16097300601940528,0.009345856294328091,0.7294139674265275,0.8313828392291027,0.9901960783342946,0.9999999999009902,0.9950980391669069
1836,0.001,0.05675194864826543,0.05668388347008398,0.00013612937930572246,0.8462124415889619,0.16601613397691764,0.16109675402734794,0.00983875345292629,0.7293163334380006,0.8313086802152929,0.9901960783342946,0.9999999999009902,0.9950980391669069
1837,0.001,0.058426186575421264,0.058354144516800134,0.00014408386726115298,0.8430591864744349,0.16656645840289547,0.1608685821879144,0.011395749407729097,0.7297072326131966,0.8316320051619377,0.9901960783342946,0.9999999999009902,0.9950980391669069
1838,0.001,0.05867190219994102,0.05860821290739945,0.00012737795779165545,0.8422786553685032,0.16700590533368728,0.16116955175119288,0.011672699915281698,0.7298748470623974,0.8317459444032888,0.9901960783342946,0.9999999999009902,0.9950980391669069
1839,0.001,0.058249941893986294,0.05818067717232874,0.00013852902910522453,0.8413892179387686,0.1672960011398091,0.1609291238527672,0.012733757358920924,0.7314202631429335,0.8329499138092088,0.9901960783342946,0.9999999999009902,0.9950980391669069
1840,0.001,0.057901270022349696,0.057835676707327366,0.00013118529659550404,0.8434899481011622,0.1661852498849233,0.16036050343046002,0.011649493383718472,0.7304387798133908,0.8321943528284714,0.9901960783342946,0.9999999999009902,0.9950980391669069
1841,0.001,0.058920565859547684,0.05882592698825257,0.00018927637691896443,0.845002759423099,0.16713647690473818,0.16103721599952847,0.012198525627015852,0.7274878284551681,0.8298976365854994,0.9901960783342946,0.9999999999009902,0.9950980391669069
1842,0.001,0.05802285498274224,0.05794784014246294,0.0001500288889084394,0.841695305659497,0.16741364493089564,0.16089724734717725,0.013032806635487313,0.7316611653317109,0.8331379440207809,0.9901960783342946,0.9999999999009902,0.9950980391669069
1843,0.001,0.0569970803335309,0.05693523678928614,0.00012368762924909658,0.8475967762504611,0.1668639036954618,0.16122534812665454,0.011277101796996944,0.7303239229532242,0.8320943007767531,0.9901960783342946,0.9999999999009902,0.9950980391669069
1844,0.001,0.05762300241206374,0.05755842769784587,0.00012914991566503886,0.8430498514180762,0.16777466033019273,0.16141270480903924,0.012723913169739878,0.729230864632566,0.8312328634838714,0.9901960783342946,0.9999999999009902,0.9950980391669069
1845,0.001,0.057660105106021674,0.0575959412381053,0.0001283275900537514,0.8472983943340846,0.16805609593204424,0.16157297936140322,0.012966242874515992,0.7301821604869725,0.8319872896496804,0.9901960783342946,0.9999999999009902,0.9950980391669069
1846,0.001,0.05798517832798617,0.05789779618914638,0.0001747644572398193,0.844198261584307,0.16860253670636347,0.16128161082080766,0.014641852720695384,0.728285579633469,0.8305146290181954,0.9901960783342946,0.9999999999009902,0.9950980391669069
1847,0.001,0.058350255845912864,0.05828190528388534,0.0001367015582738012,0.8430544145362153,0.16816947448487377,0.16160919444233762,0.013120563116435911,0.7276169626946092,0.829976193190465,0.9901960783342946,0.9999999999009902,0.9950980391669069
1848,0.001,0.059125145098992755,0.05903752560594252,0.00017523821302997282,0.8385573483990417,0.17074650993534163,0.1627584432854372,0.01597613322676397,0.7264051086659431,0.8290087106741667,0.9901960783342946,0.9999999999009902,0.9950980391669069
1849,0.001,0.05701280225600515,0.05693987584007638,0.00014585311730895358,0.8500210662360602,0.16732499120282193,0.16110508991222755,0.01243979899285763,0.7300766392899815,0.8319075132042336,0.9901960783342946,0.9999999999009902,0.9950980391669069
1850,0.001,0.057480141653546264,0.05741533637046814,0.000129611348061839,0.843489896054944,0.16772527496019998,0.16153005349869823,0.012390455897605302,0.7286070910511133,0.8307557694290783,0.9901960783342946,0.9999999999009902,0.9950980391669069
1851,0.001,0.057090517931750843,0.05701607399220977,0.00014888832135641548,0.8429787699898659,0.16637147641649433,0.16064205415108623,0.011458836422831404,0.7316424101703272,0.833126378055899,0.9901960783342946,0.9999999999009902,0.9950980391669069
1852,0.001,0.05600852213267769,0.055949868235204904,0.00011730666405388288,0.8480467273330689,0.16665332223854812,0.16128764958942637,0.01073134906918687,0.7304434486526268,0.8321943400736636,0.9901960783342946,0.9999999999009902,0.9950980391669069
1853,0.001,0.05881700398666518,0.05874928778835705,0.0001354330127339511,0.8410445248025732,0.16739757914169162,0.16124189133737601,0.012311378986958195,0.7313758458556748,0.8329069941808956,0.9901960783342946,0.9999999999009902,0.9950980391669069
1854,0.001,0.05681130476295948,0.056734057808560986,0.0001544942340063114,0.8465678601523638,0.16615794043914944,0.1608864729310952,0.010542924588947905,0.7309948000863501,0.8326053001169421,0.9901960783342946,0.9999999999009902,0.9950980391669069
1855,0.001,0.05738895719072649,0.05732019219015326,0.00013752937359510855,0.8483602085261636,0.16609456433969386,0.16093560059865317,0.01031792224110926,0.7326163617056058,0.8338705926090374,0.9901960783342946,0.9999999999009902,0.9950980391669069
1856,0.001,0.058081661883209436,0.0580116884250726,0.00013994706595050438,0.8391660251719376,0.16721797223184623,0.16168364824033252,0.011068636405409551,0.7302319785121032,0.8320141600232029,0.9901960783342946,0.9999999999009902,0.9950980391669069
1857,0.001,0.05705181921699217,0.05698391595589263,0.00013580695719740885,0.8511075823267467,0.16755781863249986,0.16178901464331383,0.011537615301124021,0.7292829662929441,0.8312627453437977,0.9901960783342946,0.9999999999009902,0.9950980391669069
1858,0.001,0.058006257084863524,0.05793494864233902,0.00014261676772418599,0.843922531588363,0.16842425044845133,0.1615623323356404,0.013723840133524408,0.7302474738238975,0.832039539100947,0.9901960783342946,0.9999999999009902,0.9950980391669069
1859,0.001,0.057730271347931454,0.05765403141932828,0.00015248009367496707,0.8416092906395233,0.1665690839290619,0.16110817766657062,0.010921822112126677,0.7303149178179726,0.8320864014392619,0.9901960783342946,0.9999999999009902,0.9950980391669069
1860,0.001,0.05769321082958153,0.05762296715485198,0.0001404877135168395,0.8471664976101853,0.16767271067581924,0.16218119216900245,0.010983040136303388,0.7285628287175746,0.8307146528520564,0.9901960783342946,0.9999999999009902,0.9950980391669069
1861,0.001,0.05750736713941608,0.057428072206676006,0.00015859034517364177,0.8433351359262403,0.16749192277590433,0.1621586621976366,0.010666529154952835,0.7294570018238056,0.8314173787237449,0.9901960783342946,0.9999999999009902,0.9950980391669069
1862,0.001,0.05734021948384387,0.05725985765457153,0.0001607240727545494,0.8488534218605378,0.168104840259926,0.1625453017505945,0.011119077201275265,0.7283322748119222,0.8305238728128553,0.9901960783342946,0.9999999999009902,0.9950980391669069
1863,0.001,0.05733253327863557,0.057274029324097295,0.0001170081367100855,0.8462150433856968,0.16816360401172264,0.16239198399525062,0.011543239320756174,0.7285050907958056,0.8306725449570888,0.9901960783342946,0.9999999999009902,0.9950980391669069
1864,0.001,0.056965788560254235,0.056890036910772324,0.0001515039904396482,0.8473951268719025,0.167724386734121,0.16214689086465275,0.01115499995648861,0.7298620916846784,0.8317303368068579,0.9901960783342946,0.9999999999009902,0.9950980391669069
1865,0.001,0.05934276431798935,0.05927998838680131,0.00012555271509232365,0.8388543871370591,0.16907988225712495,0.16166365088201037,0.014832453957448402,0.7318166590889698,0.8332270587269498,0.9901960783342946,0.9999999999009902,0.9950980391669069
1866,0.001,0.05664722315434899,0.05655261408537626,0.00018921842430635088,0.8476682842698906,0.16892052865495868,0.16303157806396484,0.011777909929115399,0.7283238190669563,0.8305036685821301,0.9901960783342946,0.9999999999009902,0.9950980391669069
1867,0.001,0.05781895574182272,0.05775590520352125,0.00012610179445411113,0.8462509338565349,0.16792003021520727,0.16283222857643576,0.010175597242207504,0.7280578197178318,0.8303097177867591,0.9901960783342946,0.9999999999009902,0.9950980391669069
1868,0.001,0.05848290904292038,0.05839732276009662,0.0001711724669023949,0.8451292063139685,0.16831395380637226,0.16196461810785182,0.012698663992113342,0.7302071108003679,0.8319745249174463,0.9901960783342946,0.9999999999009902,0.9950980391669069
1869,0.001,0.05729517739798341,0.057227932448898046,0.00013448947265715105,0.8471407900397475,0.1698480248451233,0.1619076179523094,0.01588081645176691,0.7312933605150529,0.8328146565333325,0.9901960783342946,0.9999999999009902,0.9950980391669069
1870,0.001,0.05848672906202929,0.05840421428105661,0.00016502919308030478,0.8462408807777383,0.1682166574048061,0.16167940929824232,0.013074498651001383,0.7304683068992773,0.832203915796758,0.9901960783342946,0.9999999999009902,0.9950980391669069
1871,0.001,0.05730606948158571,0.0572474409959146,0.00011725675878031845,0.8440550833138462,0.16765232296550975,0.16139905885154127,0.012506524365687487,0.7297881493160344,0.8316723137182824,0.9901960783342946,0.9999999999009902,0.9950980391669069
1872,0.001,0.05776065894003425,0.057694757889424055,0.00013180152979787505,0.8429303739649975,0.16740350980384677,0.16110540955674416,0.01259621341402332,0.7320461273625344,0.8334207583505112,0.9901960783342946,0.9999999999009902,0.9950980391669069
1873,0.001,0.05675172819090741,0.05668943056038448,0.00012459547087928513,0.846905774911353,0.1673318802141676,0.16143606749235415,0.011791632035929783,0.7308251105318526,0.8324597408160466,0.9901960783342946,0.9999999999009902,0.9950980391669069
1874,0.001,0.05752110428043774,0.05745700786688498,0.00012819284230707645,0.8443731089721596,0.16698789654993543,0.16168506063666999,0.010605677560556168,0.7297726778595344,0.8316439093442899,0.9901960783342946,0.9999999999009902,0.9950980391669069
1875,0.001,0.056491555379969735,0.05641763098537922,0.0001478484244736527,0.8453265750336427,0.16775303670004302,0.16226068139076233,0.010984709157663234,0.7283593391806874,0.8305385392259305,0.9901960783342946,0.9999999999009902,0.9950980391669069
1876,0.001,0.05583045072853565,0.055767652046467574,0.00012559730397957277,0.8499311135266963,0.1670454775585848,0.16187744105563445,0.010336077260766543,0.7298713374956568,0.8317349450441274,0.9901960783342946,0.9999999999009902,0.9950980391669069
1877,0.001,0.05782934743911028,0.05775832211864846,0.0001420500250657954,0.8419543789773823,0.16797184126049863,0.16207505441179462,0.011793562704149415,0.7287072290264165,0.830817682487256,0.9901960783342946,0.9999999999009902,0.9950980391669069
1878,0.001,0.05747813026287726,0.05739341729453632,0.00016942580311609033,0.84528750536391,0.16727455515487522,0.1620137133434707,0.010521685138490855,0.7296277838500546,0.8315453577614077,0.9901960783342946,0.9999999999009902,0.9950980391669069
1879,0.001,0.05734469089657068,0.05727863418204444,0.00013211310358331372,0.8467799089768057,0.16749395751485638,0.16266223905133267,0.009663433238279586,0.7292557982786867,0.8312435588446904,0.9901960783342946,0.9999999999009902,0.9950980391669069
1880,0.001,0.05758182504879577,0.057512897332864146,0.0001378555996000484,0.845652352017055,0.1666012768651925,0.16138292001742943,0.010436712015493243,0.7307768728105937,0.8324363096707037,0.9901960783342946,0.9999999999009902,0.9950980391669069
1881,0.001,0.05735401463295732,0.05727931670844555,0.00014939652854601654,0.8431199098522644,0.16712847176720114,0.16159510904667423,0.01106673168639342,0.7317544241502634,0.8331955777290837,0.9901960783342946,0.9999999999009902,0.9950980391669069
1882,0.001,0.056846127446208684,0.056784266872065406,0.00012372091597561457,0.8493847970669625,0.1667004175045911,0.1616635959522397,0.010073651258340654,0.7298723283327796,0.8317375157111819,0.9901960783342946,0.9999999999009902,0.9950980391669069
1883,0.001,0.056744185010237355,0.056681430100330284,0.00012550983592518605,0.8455850143204516,0.16719775690751917,0.1618331694135479,0.010729172550068767,0.7287160908146303,0.8308341111589317,0.9901960783342946,0.9999999999009902,0.9950980391669069
1884,0.001,0.05793560575693846,0.05786613401557718,0.00013894292546215832,0.8463843892106138,0.16664771005219103,0.16119780318409788,0.010899816694505075,0.7305794566324737,0.8322800810686819,0.9901960783342946,0.9999999999009902,0.9950980391669069
1885,0.001,0.05839626823684999,0.05830719428403037,0.00017814802725167413,0.8395547726135334,0.16730348210708768,0.16289050964748159,0.008825936025994666,0.7281300902863918,0.8303832846767695,0.9901960783342946,0.9999999999009902,0.9950980391669069
1886,0.001,0.05782113344009433,0.05774984535362039,0.00014257706607168075,0.8461467869802565,0.16744965840788448,0.16213656874263987,0.010626187210208644,0.7286212266674227,0.8307538679008892,0.9901960783342946,0.9999999999009902,0.9950980391669069
1887,0.001,0.05757775104471615,0.05751397753400462,0.00012754621716989538,0.8396378532550812,0.16662230444889442,0.1612016102846931,0.0108413901910478,0.7309904601176446,0.8326027214005143,0.9901960783342946,0.9999999999009902,0.9950980391669069
1888,0.001,0.057003031218690534,0.05692380254289934,0.00015845767341358754,0.8459480473672099,0.16787855122603623,0.16233079223071828,0.01109552563295937,0.72796754217181,0.8302443221552074,0.9901960783342946,0.9999999999009902,0.9950980391669069
1889,0.001,0.05786539840378931,0.05779009445437363,0.00015060843439381903,0.8437023237258294,0.16787132094888127,0.1627545999545677,0.01023343866508381,0.7283928969481295,0.8305761347068872,0.9901960783342946,0.9999999999009902,0.9950980391669069
1890,0.001,0.05628400801547936,0.05620892758348158,0.00015016116127039174,0.8514853107461001,0.16670339014015945,0.16123551013422946,0.010935750497760726,0.731967269398288,0.8333616798902743,0.9901960783342946,0.9999999999009902,0.9950980391669069
1891,0.001,0.056011877421821864,0.05594734049269131,0.00012907425077303612,0.8504482327687442,0.16634608600653855,0.16157380739847818,0.009544554257801935,0.7299927790428625,0.8318231521454245,0.9901960783342946,0.9999999999009902,0.9950980391669069
1892,0.001,0.05561657076967614,0.05555236539138215,0.0001284099767612393,0.8497656687064354,0.16686650526289845,0.16190850880800509,0.009915985294855108,0.7287928236685756,0.8308912793082076,0.9901960783342946,0.9999999999009902,0.9950980391669069
1893,0.001,0.057291618681379726,0.05722432463829007,0.00013458801634312425,0.8486376798035182,0.1662109359806659,0.16128383547652,0.009854202277447079,0.7300113853174133,0.8318411598013444,0.9901960783342946,0.9999999999009902,0.9950980391669069
1894,0.001,0.057723636605909893,0.05766197666525841,0.00012331901988155941,0.8475686103342503,0.16813775897026062,0.16275176055291118,0.010771991538943029,0.7286723772703321,0.8307897291236338,0.9901960783342946,0.9999999999009902,0.9950980391669069
1895,0.001,0.05687866293426071,0.05681406334042549,0.00012919937788475572,0.8481632378799079,0.16809866475123986,0.16266889081281774,0.010859547383791092,0.7294611138984837,0.8314048185534385,0.9901960783342946,0.9999999999009902,0.9950980391669069
1896,0.001,0.056556191694523604,0.05648367452834334,0.00014503474553099034,0.8467846533385089,0.1664725238201665,0.16173086739053913,0.0094833091157032,0.7295170205202897,0.8314479996091504,0.9901960783342946,0.9999999999009902,0.9950980391669069
1897,0.001,0.05701081933719771,0.056926408117370944,0.00016882180144810782,0.8426903150714818,0.16690262918378793,0.1618286932215971,0.01014787105697335,0.7312565173025325,0.8328036774211804,0.9901960783342946,0.9999999999009902,0.9950980391669069
1898,0.001,0.05786499061754772,0.057799707033804486,0.00013056809127322464,0.8406896441183836,0.1677489789093242,0.16216605317358876,0.011165845143955713,0.7291701227158016,0.831178748649802,0.9901960783342946,0.9999999999009902,0.9950980391669069
1899,0.001,0.0575173751318029,0.057447626388498714,0.00013949773619970074,0.8458922531186117,0.16690249419679828,0.16201855563649945,0.009767876718850696,0.7313359495048023,0.832873854939929,0.9901960783342946,0.9999999999009902,0.9950980391669069
1900,0.001,0.05881413910537958,0.058716295287013054,0.00019568844046651584,0.8419522952085765,0.16867814987313515,0.16201886680780672,0.013318569545506262,0.7293509330419372,0.831323866461855,0.9901960783342946,0.9999999999009902,0.9950980391669069
1901,0.001,0.05655171815305948,0.056483689163412364,0.00013605807505103127,0.8493129529700942,0.16787423631724188,0.1626667859507542,0.010414902422138873,0.7268882525932188,0.8293899157954879,0.9901960783342946,0.9999999999009902,0.9950980391669069
1902,0.001,0.055924972519278526,0.05585974987064089,0.00013044491099987811,0.8482406860025407,0.16758822693544276,0.16276627545263253,0.009643908087894613,0.7287166290692478,0.8308271234391705,0.9901960783342946,0.9999999999009902,0.9950980391669069
1903,0.001,0.05766445930515017,0.05758823015327964,0.00015245876498478798,0.847309632633622,0.16791713354634305,0.16222922094896727,0.011375821414677537,0.7294899365228323,0.8314260872017616,0.9901960783342946,0.9999999999009902,0.9950980391669069
1904,0.001,0.056808942928910255,0.05674552824348211,0.000126829656047838,0.8484179010905132,0.16934970196555643,0.1640402359120986,0.010618924291110506,0.7288582610143924,0.8309443034191669,0.9901960783342946,0.9999999999009902,0.9950980391669069
1905,0.001,0.05810078499572618,0.05802762561610767,0.00014631881445633814,0.8461190157753061,0.1684683736632852,0.16223448865553913,0.012467769613745166,0.7292615069387016,0.8312566942084717,0.9901960783342946,0.9999999999009902,0.9950980391669069
1906,0.001,0.05724312298532043,0.05717753791915519,0.00013116956831384284,0.8488716728248915,0.16913124685193978,0.16258115803494172,0.013100175186991692,0.7252079030242709,0.8280977314060177,0.9901960783342946,0.9999999999009902,0.9950980391669069
1907,0.001,0.056170000694692135,0.056100026704370975,0.00013994822737523855,0.8463832914474941,0.1682466963926951,0.1624442286351148,0.011604939669589786,0.7325896970521881,0.8338453975684088,0.9901960783342946,0.9999999999009902,0.9950980391669069
1908,0.001,0.056602121862982004,0.056539091281592846,0.00012606169301372056,0.8492685092486498,0.1674170020748587,0.16255281135147692,0.009728375858828133,0.7295642689037928,0.8314905599831137,0.9901960783342946,0.9999999999009902,0.9950980391669069
1909,0.001,0.0574495866894722,0.057387517765164375,0.0001241373609965584,0.8426852313116205,0.16743992473564895,0.16252182628594192,0.009836193575870757,0.7298670019627664,0.8317286009375994,0.9901960783342946,0.9999999999009902,0.9950980391669069
1910,0.001,0.05843922695411103,0.05833927768149546,0.00019989880846489022,0.8396649776139462,0.16908371273209066,0.164015987924501,0.010135450272583495,0.7260354144747907,0.8287325281928563,0.9901960783342946,0.9999999999009902,0.9950980391669069
1911,0.001,0.05740767238395555,0.05734887359929936,0.00011759739533902445,0.8500215931149544,0.17228128688008176,0.16452864688985488,0.015505273607285583,0.7247451600108098,0.8277026663423382,0.9901960783342946,0.9999999999009902,0.9950980391669069
1912,0.001,0.05793992563017777,0.05783076238419328,0.00021832705585568744,0.8447957672747543,0.17049501573338227,0.16292059392321342,0.015148840077659664,0.7310942911501354,0.832661983059306,0.9901960783342946,0.9999999999009902,0.9950980391669069
1913,0.001,0.058022382270012586,0.05795888043940067,0.0001270039982565712,0.8439990165507291,0.16813763099558213,0.16286431399046206,0.010546633042395115,0.7290946613170757,0.8311247152808312,0.9901960783342946,0.9999999999009902,0.9950980391669069
1914,0.001,0.05653553389544998,0.056448902269559245,0.0001732635000735172,0.8440774056938166,0.16746808325543122,0.16217092205496395,0.010594318502162602,0.7292789890273944,0.8312689724645423,0.9901960783342946,0.9999999999009902,0.9950980391669069
1915,0.001,0.05637458538902657,0.05630794500133821,0.00013328120309909406,0.8463838386255966,0.16755911415698482,0.16227009717155905,0.010578041357517826,0.728015304519787,0.8302888838134976,0.9901960783342946,0.9999999999009902,0.9950980391669069
1916,0.001,0.05792809064899172,0.05786530141319547,0.0001255787322276904,0.8449342776980112,0.16746268260712718,0.16304951614024593,0.008826337553852913,0.7279492346755653,0.8302406299878359,0.9901960783342946,0.9999999999009902,0.9950980391669069
1917,0.001,0.05691959496055331,0.05684592042650495,0.00014734919503618066,0.8476916620514289,0.16731081055659874,0.16238138138079175,0.009858864669998487,0.7290800203032366,0.8311056671563704,0.9901960783342946,0.9999999999009902,0.9950980391669069
1918,0.001,0.057930221648088524,0.05784167469080005,0.00017709399461247294,0.8438468881320945,0.1673906129949233,0.16265445012672275,0.009472323152437514,0.7289276047907212,0.8309909726157525,0.9901960783342946,0.9999999999009902,0.9950980391669069
1919,0.001,0.0573532497510314,0.05728550002511058,0.00013549943780942288,0.8463615505349271,0.1672945735501308,0.16254409738615447,0.009500955185834683,0.7294426006205533,0.8314048352644614,0.9901960783342946,0.9999999999009902,0.9950980391669069
1920,0.001,0.05774145293980837,0.05768392527742045,0.00011505471008734145,0.846791462422378,0.16742991290840448,0.1629440796141531,0.00897166198667358,0.7276956733668791,0.8300194434867803,0.9901960783342946,0.9999999999009902,0.9950980391669069
1921,0.001,0.05746384510504348,0.057391058786639144,0.0001455732369452432,0.8453607622188012,0.16729607067856134,0.16254352120792165,0.009505104255296435,0.7291663409886932,0.8311697072031369,0.9901960783342946,0.9999999999009902,0.9950980391669069
1922,0.001,0.05663682267602001,0.05657339654862881,0.0001268517657341103,0.8470045816677622,0.16778233004551307,0.1628002781493991,0.009964097820806737,0.7283863892031758,0.8305621675218502,0.9901960783342946,0.9999999999009902,0.9950980391669069
1923,0.001,0.0565137578440564,0.05645804040666137,0.00011143578610374658,0.8460735826906873,0.16797664294055864,0.16335808588009254,0.009237106506000547,0.7265070651303632,0.8290933372724126,0.9901960783342946,0.9999999999009902,0.9950980391669069
1924,0.001,0.056006764860025475,0.05593646104846682,0.0001406077593466242,0.8508761567446254,0.1684301963039473,0.16257797736747592,0.011704442182592317,0.7294230523493997,0.8313699702445613,0.9901960783342946,0.9999999999009902,0.9950980391669069
1925,0.001,0.056152641640177796,0.0560524437044348,0.00020039574064867338,0.8488454447564141,0.17039982244080187,0.16538874717319713,0.010022137651913891,0.72843931277623,0.8306123286046196,0.9901960783342946,0.9999999999009902,0.9950980391669069
1926,0.001,0.05672432655202491,0.05666081115071263,0.00012703067594494705,0.845587852909875,0.16877009529693454,0.16357085225628873,0.010398480155523502,0.7289065038469703,0.8309810447422936,0.9901960783342946,0.9999999999009902,0.9950980391669069
1927,0.001,0.05665555050862687,0.0565726761040943,0.0001657486474349363,0.8500007228339328,0.16852056220466016,0.16364682363528832,0.00974746620939935,0.7289836839862365,0.8310439056891624,0.9901960783342946,0.9999999999009902,0.9950980391669069
1928,0.001,0.05704603264374392,0.056973972623901706,0.00014412027602312655,0.8470666066509971,0.1678522778492348,0.16234505322634005,0.011014441475637403,0.7307394598696059,0.8324063722211805,0.9901960783342946,0.9999999999009902,0.9950980391669069
1929,0.001,0.05664969155830996,0.05658980206187282,0.00011977962770158359,0.8452188322759666,0.16769807245217117,0.16299023990537606,0.009415668170606973,0.7294428811234387,0.8314058718868842,0.9901960783342946,0.9999999999009902,0.9950980391669069
1930,0.001,0.0579683714147125,0.057909129187464714,0.00011848473539950126,0.839651545945373,0.16868479812846465,0.16399824560857287,0.009373110116404645,0.7300231649017962,0.8318499608912427,0.9901960783342946,0.9999999999009902,0.9950980391669069
1931,0.001,0.05687287715928895,0.05680219044110605,0.00014137325420701278,0.8463449801030952,0.1679884832279355,0.16296783849304797,0.010041285077949949,0.7289141124705947,0.8309842393228211,0.9901960783342946,0.9999999999009902,0.9950980391669069
1932,0.001,0.05708600900002888,0.057018873414822986,0.0001342704695811595,0.8444473230851026,0.16821779924280503,0.1629637333692289,0.01050812186782851,0.7288630765790083,0.8309372790281648,0.9901960783342946,0.9999999999009902,0.9950980391669069
1933,0.001,0.05636473612061569,0.056311125201838355,0.00010722074798000644,0.8474082578022252,0.1673056681950887,0.16258455374661615,0.00944222658689992,0.7302298598435699,0.832003849622053,0.9901960783342946,0.9999999999009902,0.9950980391669069
1934,0.001,0.057278981299272606,0.05721104757062027,0.0001358668025984246,0.8445796518907969,0.16832947146658803,0.16313382515720293,0.010391296681893222,0.7300676092608405,0.8318760428174993,0.9901960783342946,0.9999999999009902,0.9950980391669069
1935,0.001,0.05682925134897232,0.05675121383475406,0.00015607421171028233,0.8435661207346126,0.17064686850005506,0.16601110614982306,0.009271523540876075,0.7292442004072451,0.8312407127932713,0.9901960783342946,0.9999999999009902,0.9950980391669069
1936,0.001,0.05628146803272622,0.056209949643484185,0.00014303678809873027,0.8537679184280604,0.17145980397860208,0.1635865683064741,0.015746462597128225,0.7295882471302974,0.831470861274837,0.9901960783342946,0.9999999999009902,0.9950980391669069
1937,0.001,0.05777371847735984,0.05769135084535394,0.0001647355940284407,0.8442896973429505,0.16812325225156896,0.16233505980641233,0.011576389537795502,0.7313934782838623,0.8329246113468592,0.9901960783342946,0.9999999999009902,0.9950980391669069
1938,0.001,0.056590559892356396,0.056523913118456094,0.00013329385676895202,0.8489935383427586,0.1681188181334851,0.16209284932005638,0.012051940064731181,0.7309101423075587,0.83253699337994,0.9901960783342946,0.9999999999009902,0.9950980391669069
1939,0.001,0.05699143957878862,0.05691061687788793,0.00016164554108399898,0.8470307791497099,0.16725250669554168,0.16203472251985587,0.01043556799527769,0.7309165369822677,0.8325415347571308,0.9901960783342946,0.9999999999009902,0.9950980391669069
1940,0.001,0.055236284754105976,0.055166129155882766,0.00014031060735370765,0.8520259335023692,0.1674124393977371,0.162106220628701,0.010612440350301126,0.72930537292577,0.8312873666358488,0.9901960783342946,0.9999999999009902,0.9950980391669069
1941,0.001,0.05716312823018858,0.05708416511437723,0.00015792671469431037,0.8462910817941476,0.16709434693934871,0.1618127828719569,0.01056313329358019,0.7314185088023822,0.8329339519088975,0.9901960783342946,0.9999999999009902,0.9950980391669069
1942,0.001,0.057385439186223915,0.05731523662273373,0.00014040423255729756,0.845275554582161,0.16668283530310088,0.16171526558258953,0.009935139276671643,0.7320025649766899,0.8333826104710056,0.9901960783342946,0.9999999999009902,0.9950980391669069
1943,0.001,0.057956714050046036,0.0578885693103075,0.00013629028554922634,0.8393732697953259,0.16733881831169128,0.163114059789508,0.008449509630308431,0.727567192056394,0.8299213817671511,0.9901960783342946,0.9999999999009902,0.9950980391669069
1944,0.001,0.057512465066143444,0.057436994942171235,0.00015094015153798473,0.8451756051690058,0.1673376881608776,0.162353889614928,0.00996759738407883,0.7291458504567626,0.8311620307007181,0.9901960783342946,0.9999999999009902,0.9950980391669069
1945,0.001,0.05631566207323756,0.05624521217708077,0.00014089912838244345,0.849109190031615,0.16745671688341626,0.16231622590738184,0.010280979642023643,0.7291011733758614,0.8311320980487364,0.9901960783342946,0.9999999999009902,0.9950980391669069
1946,0.001,0.05642225832811424,0.05636286975017616,0.00011877799741861444,0.8473177139480266,0.1676411868310442,0.1623113564416474,0.010659661253585535,0.7296681632537846,0.8315774085527662,0.9901960783342946,0.9999999999009902,0.9950980391669069
1947,0.001,0.0570293360256723,0.056966656020709446,0.00012536064027049827,0.8475723705735753,0.1684465005117304,0.16320225771735697,0.010488479973419625,0.7287618996690983,0.8308668496354565,0.9901960783342946,0.9999999999009902,0.9950980391669069
1948,0.001,0.05727159431470292,0.05721443785088403,0.00011431358637180113,0.8459357593151414,0.167612318314758,0.16255922060386807,0.010106188400338093,0.7301924210910296,0.8319963354215043,0.9901960783342946,0.9999999999009902,0.9950980391669069
1949,0.001,0.056927076407841275,0.056862126503671916,0.0001299006222065405,0.8512358016969033,0.16755268503637874,0.1626464216148152,0.009812524231771627,0.7302625149627132,0.83204550314493,0.9901960783342946,0.9999999999009902,0.9950980391669069
1950,0.001,0.05638252877231155,0.056306813577456136,0.00015143011140545632,0.8497642220461641,0.1676384239804511,0.16264077319818385,0.009995289594300237,0.729083410844959,0.831123058762649,0.9901960783342946,0.9999999999009902,0.9950980391669069
1951,0.001,0.05652820145977395,0.05646399235618966,0.00012841836035347245,0.8499799266538292,0.1670826574166616,0.1621861972060858,0.009792915308008007,0.7312287761840345,0.832789507090836,0.9901960783342946,0.9999999999009902,0.9950980391669069
1952,0.001,0.05701449713004487,0.0569382564031652,0.00015248179663883223,0.8493503005899921,0.1683589734283148,0.16263624908877353,0.011445443218975676,0.7316371139143723,0.8330999623427584,0.9901960783342946,0.9999999999009902,0.9950980391669069
1953,0.001,0.056812679528125694,0.05674593296966383,0.00013349382295148513,0.8498597207506393,0.1677630438524134,0.16223035022324206,0.011065392599751553,0.7307793791022533,0.832443345675519,0.9901960783342946,0.9999999999009902,0.9950980391669069
1954,0.001,0.05604194423982075,0.05598181778831141,0.00012025286650896305,0.8515653255393392,0.16749135536306045,0.16219452841609133,0.010593658760555234,0.7300077525789226,0.8318352858581378,0.9901960783342946,0.9999999999009902,0.9950980391669069
1955,0.001,0.05682882892766169,0.056758916803768704,0.00013982289030017064,0.8504315306224374,0.17045297517495997,0.1634881210093405,0.013929708732985983,0.7289377664039808,0.8309820462414276,0.9901960783342946,0.9999999999009902,0.9950980391669069
1956,0.001,0.05664854523326669,0.05657440996063607,0.00014827065803858983,0.8510282414329181,0.16881633272358015,0.16259569046544095,0.01244128655240524,0.7294878103870777,0.8314377542133007,0.9901960783342946,0.9999999999009902,0.9950980391669069
1957,0.001,0.056599722376891544,0.056522577069699764,0.00015428984586053827,0.8459316003330313,0.1684997391467001,0.16268757628459557,0.011624323998523109,0.7283510167608815,0.8305521190275894,0.9901960783342946,0.9999999999009902,0.9950980391669069
1958,0.001,0.05595397829477276,0.05589632729866675,0.00011530214877503957,0.8493883503400215,0.16822823297743703,0.1627273115457273,0.011001844680411559,0.7292141855784522,0.8312221249874949,0.9901960783342946,0.9999999999009902,0.9950980391669069
1959,0.001,0.05708428658545017,0.057014442182012966,0.0001396879315507249,0.8479830956896636,0.1679176612227571,0.16290985193907045,0.010015619361736611,0.7286376890837571,0.830770205881048,0.9901960783342946,0.9999999999009902,0.9950980391669069
1960,0.001,0.05685506694551025,0.056791896000504494,0.00012634109407372307,0.8439618226500057,0.16687007336055532,0.1623410418921826,0.009058062471084151,0.729921954409968,0.8317740004653511,0.9901960783342946,0.9999999999009902,0.9950980391669069
1961,0.001,0.05632737771208797,0.0562675790861249,0.00011959717163076025,0.8481229036349077,0.16732248196414873,0.1624633739976322,0.009718214892143128,0.7286196546378808,0.8307588934489485,0.9901960783342946,0.9999999999009902,0.9950980391669069
1962,0.001,0.05666024796664715,0.056592712444918494,0.00013507141907861557,0.8520832081169812,0.1691356897354126,0.1628805527500078,0.012510276509120184,0.7288080450912239,0.8308950530743403,0.9901960783342946,0.9999999999009902,0.9950980391669069
1963,0.001,0.05725633539259434,0.05718197420771633,0.00014872326119075296,0.8455402829701456,0.16864396719371572,0.16251936028985417,0.012249203846223798,0.7305330502199108,0.8322416698451568,0.9901960783342946,0.9999999999009902,0.9950980391669069
1964,0.001,0.05692883740578379,0.0568543587412153,0.000148958096750513,0.8462090381692952,0.16752512957535537,0.16248801409029492,0.010074234284533589,0.7296150321959711,0.8315302247926384,0.9901960783342946,0.9999999999009902,0.9950980391669069
1965,0.001,0.0581981326852526,0.05812656906034265,0.00014312674608975482,0.8440056676737061,0.1677657710570915,0.16262658203349395,0.010278372258386192,0.7293010775607631,0.8312745396164962,0.9901960783342946,0.9999999999009902,0.9950980391669069
1966,0.001,0.05642407587064164,0.05634770755256925,0.00015273610616921878,0.8480259981802637,0.16802101684551612,0.16279080393267611,0.010460416302450147,0.7287430588548564,0.8308469226252975,0.9901960783342946,0.9999999999009902,0.9950980391669069
1967,0.001,0.05644577781536749,0.05637775055531945,0.00013605527679568956,0.8508298412384641,0.16766469268237844,0.16289632752829908,0.009536733732138779,0.7285336122856527,0.8306888760969487,0.9901960783342946,0.9999999999009902,0.9950980391669069
1968,0.001,0.057527518299009116,0.05744481499173811,0.00016540576091626593,0.8442725942350139,0.16752997800415637,0.16268913126459308,0.009681690876901733,0.7285093327784187,0.8306640312299661,0.9901960783342946,0.9999999999009902,0.9950980391669069
1969,0.001,0.05548501240887812,0.055410205253532956,0.00014961409838828592,0.8499168364954263,0.16868487584824657,0.16274591579156764,0.011877915840230737,0.7300194694303658,0.8318432452317278,0.9901960783342946,0.9999999999009902,0.9950980391669069
1970,0.001,0.05822875443845987,0.05815944102193628,0.00013862813726258798,0.843823146639778,0.1677276340185427,0.16236809012936612,0.010719084555246667,0.7295824382075731,0.8314997403805133,0.9901960783342946,0.9999999999009902,0.9950980391669069
1971,0.001,0.05685569439083338,0.0567874333688191,0.00013652241744109363,0.8516584434797557,0.16746615662294276,0.16226381063461304,0.010404702595562912,0.7305987645386693,0.8322940629055574,0.9901960783342946,0.9999999999009902,0.9950980391669069
1972,0.001,0.05721230937966278,0.057141338874186785,0.0001419407503167999,0.847185350220376,0.16786014215618955,0.16260378793174146,0.010512706942344997,0.7290186262431592,0.8310672740898871,0.9901960783342946,0.9999999999009902,0.9950980391669069
1973,0.001,0.05764558512185301,0.05757648777216673,0.00013819415419545424,0.8420019701977972,0.16837475112840242,0.1633390421960868,0.01007141399325109,0.7277731137950447,0.8300841732923772,0.9901960783342946,0.9999999999009902,0.9950980391669069
1974,0.001,0.05716583066220794,0.05709278064646891,0.0001460996446829605,0.8493127658865445,0.1680083467679865,0.1628294540386574,0.010357777131538765,0.7283396281007913,0.8305330706629058,0.9901960783342946,0.9999999999009902,0.9950980391669069
1975,0.001,0.05540361335234983,0.055340935343078206,0.00012535581260765736,0.85460586858875,0.1675929140810873,0.1624368212971033,0.010312190398062561,0.7300031042456101,0.8318353987211651,0.9901960783342946,0.9999999999009902,0.9950980391669069
1976,0.001,0.05679229114736829,0.0567273808909314,0.00012982082470054074,0.8520588842712356,0.1676966244099187,0.16255450131846408,0.010284240503667616,0.7292128623991209,0.8312241412853281,0.9901960783342946,0.9999999999009902,0.9950980391669069
1977,0.001,0.05705428256520203,0.05699205904134682,0.00012444769085310066,0.8445684657703462,0.1678546526852776,0.1627558685985266,0.010197558266786384,0.7290870121363004,0.8311270778116049,0.9901960783342946,0.9999999999009902,0.9950980391669069
1978,0.001,0.05565541051328182,0.055584528749542575,0.00014176416347514272,0.853172123557918,0.1677449561801611,0.162752056238698,0.009985795107615344,0.7300511754608385,0.8318749480047004,0.9901960783342946,0.9999999999009902,0.9950980391669069
1979,0.001,0.0571694104000926,0.057104723528027534,0.00012937465739274297,0.8447062486465002,0.16790775048966503,0.16271462335306056,0.010386257204135843,0.7288289277449816,0.8309156951862818,0.9901960783342946,0.9999999999009902,0.9950980391669069
1980,0.001,0.05494156918887581,0.05487898936761277,0.00012515965811741938,0.8502804314723796,0.1682755292630663,0.16292099333276935,0.010709065240899138,0.7298883555929854,0.8317497658655225,0.9901960783342946,0.9999999999009902,0.9950980391669069
1981,0.001,0.05843829935682671,0.058368979154952934,0.00013864106274143393,0.842724084484342,0.16843283293293973,0.162996780054242,0.010872097229402439,0.7285031230724904,0.8306748734513063,0.9901960783342946,0.9999999999009902,0.9950980391669069
1982,0.001,0.05769129802605936,0.057615184491234164,0.00015222769616229925,0.8461819851322333,0.16971064139814937,0.16245779979462718,0.014505672305091923,0.730917774399085,0.832549406939854,0.9901960783342946,0.9999999999009902,0.9950980391669069
1983,0.001,0.0565188451270972,0.05644540595156806,0.0001468784656546112,0.85013491545331,0.16885963725108727,0.16280585819599674,0.012107555754482746,0.7300440337461616,0.8318676657335445,0.9901960783342946,0.9999999999009902,0.9950980391669069
1984,0.001,0.057277960303638666,0.057213014124759605,0.00012989221217399712,0.8441963303642054,0.16859258565248228,0.16294370737730288,0.011297761060881848,0.7294692638424628,0.8314149629580582,0.9901960783342946,0.9999999999009902,0.9950980391669069
1985,0.001,0.05719339661300182,0.057123634432043345,0.00013952519358489162,0.8451020519369381,0.16798669333551444,0.16220456595514335,0.011564253153754216,0.730431037947128,0.8321701390255406,0.9901960783342946,0.9999999999009902,0.9950980391669069
1986,0.001,0.05697660946420261,0.05690383445471525,0.00014554992542668645,0.8475358466653794,0.16783790202701793,0.16257509706067105,0.01052561575802518,0.7313728358994147,0.8329009347136945,0.9901960783342946,0.9999999999009902,0.9950980391669069
1987,0.001,0.057150802575051785,0.05708581980850015,0.0001299659005391212,0.8492142445483959,0.16800926421202866,0.16301322859876297,0.009992074796601254,0.7294074344192765,0.8313750205992098,0.9901960783342946,0.9999999999009902,0.9950980391669069
1988,0.001,0.05565939990005323,0.05556169218782868,0.000195415383261986,0.8501962727646541,0.1680609133898043,0.16262777821690427,0.010866268437501847,0.729227786077897,0.8312349581662198,0.9901960783342946,0.9999999999009902,0.9950980391669069
1989,0.001,0.05664448440074921,0.056568785437515805,0.00015139821932409956,0.8512845680763151,0.1695029992683261,0.1637918095962674,0.01142237990108483,0.7279328487183451,0.8302194243724297,0.9901960783342946,0.9999999999009902,0.9950980391669069
1990,0.001,0.0567063983263714,0.05664361773857048,0.00012556186551851818,0.8493577899919557,0.16823047516392728,0.16296122938978905,0.010538492397423469,0.7308776844610867,0.8325209640128535,0.9901960783342946,0.9999999999009902,0.9950980391669069
1991,0.001,0.056205582804977894,0.05613912642002106,0.00013291331171266002,0.848946777811199,0.16921131166757322,0.1627327834858614,0.012957051195496437,0.7313625887135501,0.8328871226079931,0.9901960783342946,0.9999999999009902,0.9950980391669069
1992,0.001,0.0571197560057044,0.057050637900829315,0.00013823600628321792,0.846364460126025,0.16769867901708566,0.16235527454638013,0.010686804020010373,0.7313423828556006,0.8328795467516626,0.9901960783342946,0.9999999999009902,0.9950980391669069
1993,0.001,0.055861396182860644,0.05579533813787358,0.00013211560339446545,0.8505376092733316,0.16750029605977676,0.16225688130247826,0.010486827743257963,0.7301357650303758,0.8319424917176699,0.9901960783342946,0.9999999999009902,0.9950980391669069
1994,0.001,0.0558515889570117,0.05578243559492486,0.00013830682103486782,0.8506020002594601,0.16747189795269685,0.16231525996152094,0.010313264532562564,0.7314152575467299,0.8329354678788597,0.9901960783342946,0.9999999999009902,0.9950980391669069
1995,0.001,0.05788743895079408,0.05782056200717177,0.00013375323682599368,0.8432886333438786,0.16904844431316152,0.16362552490888857,0.01084582933096909,0.7285223196345691,0.8306866430202957,0.9901960783342946,0.9999999999009902,0.9950980391669069
1996,0.001,0.05659665460033076,0.056530981856797426,0.0001313459140094762,0.8489935812911027,0.1686209072084988,0.1628015859454286,0.011638639640866541,0.729395155191686,0.8313715542098369,0.9901960783342946,0.9999999999009902,0.9950980391669069
1997,0.001,0.05712590419820377,0.05702652170189789,0.000198765081482374,0.8467095681171344,0.17307259230052724,0.1631681924941493,0.01980879202521607,0.732307306981424,0.8336015394714963,0.9901960783342946,0.9999999999009902,0.9950980391669069
1998,0.001,0.056254737611327855,0.05617673256035362,0.00015601023629382586,0.8512174501141864,0.1690727285310334,0.16251550176564386,0.013114456461705998,0.7323479707225666,0.8336501262413923,0.9901960783342946,0.9999999999009902,0.9950980391669069
1999,0.001,0.05689195104475532,0.056824261721755774,0.00013537797674091832,0.8454655742079126,0.1688025599601222,0.16283180433161118,0.011941515749283866,0.7290025355622797,0.8310551153189755,0.9901960783342946,0.9999999999009902,0.9950980391669069
